{"CHAT":[{"content":"... ","replyDepth":0,"type":"chat","sCharacter":{"no":"衣斐莱娜","index":"CH0305_BG"},"isFirst":true,"file":""},{"file":"GameData/BLDA/CharFace/CH0305/13.webp","content":"CharFace","replyDepth":0,"type":"image","sCharacter":{"no":"衣斐莱娜","index":"CH0305_BG"},"isFirst":false},{"content":"老师，那玩意是千年生产的... ","replyDepth":0,"type":"chat","sCharacter":{"no":"衣斐莱娜","index":"CH0305_BG"},"file":"","name":"","time":"","is_breaking":false,"isFirst":false,"isLeft":false,"isCenter":false,"isRight":false,"style":[["font-size","0.9rem"]]},{"content":"嗯？","replyDepth":0,"type":"chat","sCharacter":{"no":"0","index":"1"},"file":"","name":"","time":"","is_breaking":false,"isFirst":true,"isLeft":false,"isCenter":false,"isRight":false,"style":false},{"content":"... 带蓝牙和语音控制功能的","replyDepth":0,"type":"chat","sCharacter":{"no":"衣斐莱娜","index":"CH0305_BG"},"file":"","name":"","time":"","is_breaking":false,"isFirst":true,"isLeft":false,"isCenter":false,"isRight":false,"style":[["font-size","0.9Rem"]]},{"content":"啊，诶？","replyDepth":0,"type":"chat","sCharacter":{"no":"0","index":"1"},"file":"","name":"","time":"","is_breaking":false,"isFirst":true,"isLeft":false,"isCenter":false,"isRight":false,"style":false},{"content":"莱娜你在和 Master 说什么悄悄话呢？","replyDepth":0,"type":"chat","sCharacter":{"no":"白尾绘里","index":"CH0304_BG"},"file":"","name":"","time":"","is_breaking":false,"isFirst":true,"isLeft":false,"isCenter":false,"isRight":false,"style":false},{"file":"GameData/BLDA/CharFace/CH0304/99.webp","content":"CharFace","replyDepth":0,"type":"image","sCharacter":{"no":"白尾绘里","index":"CH0304_BG"},"isFirst":false},{"content":"是在惊叹本魔法师的伟大魔法吗？","replyDepth":0,"type":"chat","sCharacter":{"no":"白尾绘里","index":"CH0304_BG"},"isFirst":false,"file":"","name":"","time":"","is_breaking":false,"isLeft":false,"isCenter":false,"isRight":false,"style":false},{"content":"啊，是的没错呢啊哈哈... ","replyDepth":0,"type":"chat","sCharacter":{"no":"0","index":"1"},"file":"","name":"","time":"","is_breaking":false,"isFirst":true,"isLeft":false,"isCenter":false,"isRight":false,"style":false}],"MoeTalk":"3-24"}