{"CHAT":[{"content":"呼，呼... ","replyDepth":0,"type":"chat","sCharacter":{"no":"白尾绘里","index":"CH0304_BG"},"isFirst":true,"file":""},{"content":"zzz... ","replyDepth":0,"type":"chat","sCharacter":{"no":"板垣庚","index":"CH0306_BG"},"isFirst":true,"file":""},{"content":"... ","replyDepth":0,"type":"chat","sCharacter":{"no":"衣斐莱娜","index":"CH0305_BG"},"isFirst":true,"file":""},{"content":"呼... ","replyDepth":0,"type":"chat","sCharacter":{"no":"椎名䌷","index":"CH0252_BG"},"isFirst":true,"file":""},{"content":"大家都还在睡梦中","replyDepth":0,"type":"info","sCharacter":{"no":"椎名䌷","index":"CH0252_BG"},"isFirst":true,"file":""},{"content":"老师，老师... ","replyDepth":0,"type":"chat","sCharacter":{"no":"阿罗娜","index":"Arona_BG"},"isFirst":true,"file":""},{"content":"嗯... ？","replyDepth":0,"type":"chat","sCharacter":{"no":0,"index":"1"},"isFirst":true,"file":""},{"content":"怎么了，阿罗娜？","replyDepth":0,"type":"chat","sCharacter":{"no":0,"index":"1"},"isFirst":false,"file":""},{"content":"老师，快醒醒！","replyDepth":0,"type":"chat","sCharacter":{"no":"阿罗娜","index":"Arona_BG"},"isFirst":true,"file":""},{"content":"该起来封印恶魔了啦~","replyDepth":0,"type":"chat","sCharacter":{"no":"阿罗娜","index":"Arona_BG"},"isFirst":false,"file":""},{"content":"诶，什么？","replyDepth":0,"type":"chat","sCharacter":{"no":0,"index":"1"},"isFirst":true,"file":""},{"content":"方舟碎片的能量耗尽了，我们也要消失了哦","replyDepth":0,"type":"chat","sCharacter":{"no":"普拉娜","index":"NP0035_BG"},"isFirst":true,"file":""},{"content":"诶诶？","replyDepth":0,"type":"chat","sCharacter":{"no":0,"index":"1"},"isFirst":true,"file":""},{"content":"是要回到什庭之匣了啦","replyDepth":0,"type":"chat","sCharacter":{"no":"阿罗娜","index":"Arona_BG"},"file":"","name":"","time":"","is_breaking":false,"isFirst":true,"isLeft":false,"isCenter":false,"isRight":false,"style":false},{"file":"GameData/BLDA/CharFace/arona/12.webp","content":"CharFace","replyDepth":0,"type":"image","sCharacter":{"no":"阿罗娜","index":"Arona_BG"},"isFirst":false},{"content":"呜呜呜，好不舍得啊，好不容易能再拥有身体呢！","replyDepth":0,"type":"chat","sCharacter":{"no":"阿罗娜","index":"Arona_BG"},"isFirst":false,"file":"","name":"","time":"","is_breaking":false,"isLeft":false,"isCenter":false,"isRight":false,"style":false},{"content":"是的呢，和大家一起玩，一起聊天的感觉很有意思... ","replyDepth":0,"type":"chat","sCharacter":{"no":"普拉娜","index":"NP0035_BG"},"isFirst":true,"file":""},{"content":"确实，阿罗娜和普拉娜天天都在平板里，一定很无聊吧，呜呜呜... ","replyDepth":0,"type":"chat","sCharacter":{"no":"0","index":"1"},"isFirst":true,"file":"","name":"","time":"","is_breaking":false,"isLeft":false,"isCenter":false,"isRight":false,"style":false},{"content":"偶尔也想能像普通学生一样，和别人一起玩，一起聊学校里发生的趣事，体验大家感兴趣的东西呢！","replyDepth":0,"type":"chat","sCharacter":{"no":"阿罗娜","index":"Arona_BG"},"file":"","name":"","time":"","is_breaking":false,"isFirst":true,"isLeft":false,"isCenter":false,"isRight":false,"style":false},{"content":"嗯，这次也是一次很有意思的体验","replyDepth":0,"type":"chat","sCharacter":{"no":"普拉娜","index":"NP0035_BG"},"isFirst":true,"file":""},{"content":"最重要的是，喝到了真正的草莓牛奶！","replyDepth":0,"type":"chat","sCharacter":{"no":"阿罗娜","index":"Arona_BG"},"isFirst":true,"file":""},{"file":"GameData/BLDA/CharFace/arona/21.webp","content":"CharFace","replyDepth":0,"type":"image","sCharacter":{"no":"阿罗娜","index":"Arona_BG"},"isFirst":false},{"content":"我的AI生已经无憾了... ","replyDepth":0,"type":"chat","sCharacter":{"no":"阿罗娜","index":"Arona_BG"},"isFirst":false,"file":"","name":"","time":"","is_breaking":false,"isLeft":false,"isCenter":false,"isRight":false,"style":false},{"content":"庚前辈的手艺很棒哦","replyDepth":0,"type":"chat","sCharacter":{"no":"普拉娜","index":"NP0035_BG"},"isFirst":true,"file":""},{"content":"这时阿罗娜和普拉娜的身体开始慢慢变得透明","replyDepth":0,"type":"info","sCharacter":{"no":0,"index":"1"},"isFirst":true,"file":""},{"content":"哇啊，快要消失了","replyDepth":0,"type":"chat","sCharacter":{"no":"普拉娜","index":"NP0035_BG"},"isFirst":true,"file":""},{"content":"老师，再见... ","replyDepth":0,"type":"chat","sCharacter":{"no":"阿罗娜","index":"Arona_BG"},"isFirst":true,"file":""},{"file":"GameData/BLDA/CharFace/arona/30.webp","content":"CharFace","replyDepth":0,"type":"image","sCharacter":{"no":"阿罗娜","index":"Arona_BG"},"isFirst":false},{"content":"什庭之匣里见，老师... ","replyDepth":0,"type":"chat","sCharacter":{"no":"普拉娜","index":"NP0035_BG"},"isFirst":true,"file":"","name":"","time":"","is_breaking":false,"isLeft":false,"isCenter":false,"isRight":false,"style":false},{"content":"呜呜呜，阿罗娜，普拉娜... ","replyDepth":0,"type":"chat","sCharacter":{"no":0,"index":"1"},"isFirst":true,"file":""},{"file":"GameData/BLDA/Emoji/3zh_tw45.webp","content":"Emoji","replyDepth":0,"type":"image","sCharacter":{"no":0,"index":"1"},"isFirst":false},{"content":"阿罗娜和普拉娜消失了，紧接着老师的平板亮起，阿罗娜和普拉娜的身影出现在屏幕里","replyDepth":0,"type":"info","sCharacter":{"no":"0","index":"1"},"file":"","name":"","time":"","is_breaking":false,"isFirst":true,"isLeft":false,"isCenter":false,"isRight":false,"style":false},{"content":"啊，回到老地方了","replyDepth":0,"type":"chat","sCharacter":{"no":"阿罗娜","index":"Arona_BG"},"isFirst":true,"file":""},{"content":"我又开始怀念有身体的时候了！","replyDepth":0,"type":"chat","sCharacter":{"no":"阿罗娜","index":"Arona_BG"},"isFirst":false,"file":"","name":"","time":"","is_breaking":false,"isLeft":false,"isCenter":false,"isRight":false,"style":false},{"content":"阿罗娜前辈，玩够了，接下来要继续工作了哦... ","replyDepth":0,"type":"chat","sCharacter":{"no":"普拉娜","index":"NP0035_BG"},"isFirst":true,"file":""},{"content":"呜哇，不要啊，我不要回到什庭之匣唔啊啊... ","replyDepth":0,"type":"chat","sCharacter":{"no":"阿罗娜","index":"Arona_BG"},"isFirst":true,"file":"","name":"","time":"","is_breaking":false,"isLeft":false,"isCenter":false,"isRight":false,"style":false},{"file":"GameData/BLDA/CharFace/arona/18.webp","content":"CharFace","replyDepth":0,"type":"image","sCharacter":{"no":"阿罗娜","index":"Arona_BG"},"isFirst":false},{"content":"不想工作... ","replyDepth":0,"type":"chat","sCharacter":{"no":"阿罗娜","index":"Arona_BG"},"isFirst":false,"file":""},{"content":"“恶魔”最终被成功封印了... ","replyDepth":0,"type":"info","sCharacter":{"no":0,"index":"1"},"isFirst":true,"file":""},{"content":"...","replyDepth":0,"type":"info","sCharacter":{"no":0,"index":"1"},"isFirst":true,"file":""}],"MoeTalk":"3-24"}