{"CHAT":[{"content":"巧了，刚好我手里就有一把","replyDepth":0,"type":"chat","sCharacter":{"no":0,"index":"1"},"file":""},{"content":"（咔嚓——）","replyDepth":0,"type":"chat","sCharacter":{"no":0,"index":"1"},"file":""},{"content":"门开了，里面是各种各样的武器\n当然我一个人带这么多也没用...\n但更重要的是，我的东西就这么摆在战备室的桌上","replyDepth":0,"type":"info","sCharacter":{"no":"0","index":"1"},"isFirst":false,"name":"","isLeft":false,"isCenter":true,"isRight":false,"is_breaking":false,"file":"","time":"","style":false},{"content":"我来到桌子前，收回了我的手枪，信号球和什庭之匣","replyDepth":0,"type":"info","sCharacter":{"no":0,"index":"1"},"file":""},{"content":"阿罗娜，普拉娜...你们能听到我说话吗？","replyDepth":0,"type":"chat","sCharacter":{"no":0,"index":"1"},"file":""},{"content":"老师，您...您一个人逃出来了吗？","replyDepth":0,"type":"chat","sCharacter":{"no":"阿罗娜","index":"Arona_BG"},"file":""},{"file":"GameData/BLDA/CharFace/arona/4.webp","content":"CharFace","replyDepth":0,"type":"image","sCharacter":{"no":"阿罗娜","index":"Arona_BG"}},{"content":"是啊，天时地利人和，三个全占了！","replyDepth":0,"type":"chat","sCharacter":{"no":0,"index":"1"},"file":""},{"content":"不过，检测到老师周围的敌对目标密集程度，高于平均水平","replyDepth":0,"type":"chat","sCharacter":{"no":"普拉娜","index":"NP0035_BG"},"isFirst":false,"name":"","isLeft":true,"isCenter":false,"isRight":false,"is_breaking":false,"file":"","time":"","style":false},{"file":"GameData/BLDA/CharFace/NP0035/4.webp","content":"CharFace","replyDepth":0,"type":"image","sCharacter":{"no":"普拉娜","index":"NP0035_BG"}},{"content":"没事，这都还算好的了...阿罗娜，能联系上其他人吗？","replyDepth":0,"type":"chat","sCharacter":{"no":"0","index":"1"},"isFirst":false,"name":"","isLeft":true,"isCenter":false,"isRight":false,"is_breaking":false,"file":"","time":"","style":false},{"content":"让阿罗娜来试试...唔...好强的信号干扰...","replyDepth":0,"type":"chat","sCharacter":{"no":"阿罗娜","index":"Arona_BG"},"file":""},{"file":"GameData/BLDA/CharFace/arona/15.webp","content":"CharFace","replyDepth":0,"type":"image","sCharacter":{"no":"阿罗娜","index":"Arona_BG"}},{"content":"其他学生，根本没法联系上...","replyDepth":0,"type":"chat","sCharacter":{"no":"阿罗娜","index":"Arona_BG"},"file":""},{"content":"那可就难办了...诶，如果把那个信号屏蔽器给关了，是不是就能联系上了？","replyDepth":0,"type":"chat","sCharacter":{"no":0,"index":"1"},"file":""},{"content":"分析...已确认为其中一条可行的办法","replyDepth":0,"type":"chat","sCharacter":{"no":"普拉娜","index":"NP0035_BG"},"isFirst":false,"name":"","isLeft":true,"isCenter":false,"isRight":false,"is_breaking":false,"file":"","time":"","style":false},{"content":"缺点:守卫众多，监控众多，没有后援...","replyDepth":0,"type":"chat","sCharacter":{"no":"普拉娜","index":"NP0035_BG"},"file":""},{"content":"结论:执行难度偏高，老师需要谨慎选择","replyDepth":0,"type":"chat","sCharacter":{"no":"普拉娜","index":"NP0035_BG"},"isFirst":false,"name":"","isLeft":true,"isCenter":false,"isRight":false,"is_breaking":false,"file":"","time":"","style":false},{"file":"GameData/BLDA/CharFace/NP0035/4.webp","content":"CharFace","replyDepth":0,"type":"image","sCharacter":{"no":"普拉娜","index":"NP0035_BG"},"isFirst":false,"name":"","isLeft":true,"isCenter":false,"isRight":false,"is_breaking":false,"time":"","style":false},{"content":"嗯...我明白，但如果我不去干的话，咱真的这辈子都出不去了","replyDepth":0,"type":"chat","sCharacter":{"no":"0","index":"1"},"isFirst":false,"name":"","isLeft":true,"isCenter":false,"isRight":false,"is_breaking":false,"file":"","time":"","style":false},{"content":"那二位，能不能帮我一个小忙吗...？","replyDepth":0,"type":"chat","sCharacter":{"no":"0","index":"1"},"isFirst":false,"name":"","isLeft":true,"isCenter":false,"isRight":false,"is_breaking":false,"file":"","time":"","style":false},{"content":"过了一小会，在临时配电室内\n一个守卫正坐在电脑桌前...","replyDepth":0,"type":"info","sCharacter":{"no":"0","index":"1"},"isFirst":false,"name":"","isLeft":false,"isCenter":true,"isRight":false,"is_breaking":false,"file":"","time":"","style":false},{"content":"哈啊...我还得在这座岛上呆多久啊...","replyDepth":0,"type":"chat","sCharacter":{"no":"自动机器人","index":"Automata_PMC1_BG"},"file":""},{"content":"这游戏虽然好玩，但我都已经通关好几次了","replyDepth":0,"type":"chat","sCharacter":{"no":"自动机器人","index":"Automata_PMC1_BG"},"file":""},{"content":"每次还要小心督察员来查岗，玩的也难受啊...","replyDepth":0,"type":"chat","sCharacter":{"no":"自动机器人","index":"Automata_PMC1_BG"},"file":""},{"content":"嗯...这电脑是出什么毛病了？","replyDepth":0,"type":"chat","sCharacter":{"no":"自动机器人","index":"Automata_PMC1_BG"},"isFirst":false,"name":"","isLeft":true,"isCenter":false,"isRight":false,"is_breaking":false,"file":"","time":"","style":false},{"content":"不对，它在试图强制关闭电源！","replyDepth":0,"type":"chat","sCharacter":{"no":"自动机器人","index":"Automata_PMC1_BG"},"file":""},{"content":"（敲击键盘试图控制住）","replyDepth":0,"type":"chat","sCharacter":{"no":"自动机器人","index":"Automata_PMC1_BG"},"file":""},{"content":"难道是黑客...这根本操作不回来啊！","replyDepth":0,"type":"chat","sCharacter":{"no":"自动机器人","index":"Automata_PMC1_BG"},"file":""},{"content":"滴滴——\n本来灯火通明的基地，一瞬间便被按下了暂停键一般停止运作了\n整座基地仿佛被无尽的黑暗给吞噬\n除了理事的临时办公室依旧亮着灯","replyDepth":0,"type":"info","sCharacter":{"no":"自动机器人","index":"Automata_PMC1_BG"},"isFirst":false,"name":"","isLeft":false,"isCenter":true,"isRight":false,"is_breaking":false,"file":"","time":"","style":false},{"content":"（手上正拿着钻机的模型欣赏着）","replyDepth":0,"type":"chat","sCharacter":{"no":"凯撒PMC理事","index":"NP0034_BG"},"isFirst":false,"name":"","isLeft":true,"isCenter":false,"isRight":false,"is_breaking":false,"file":"","time":"","style":false},{"content":"哈哈哈...我的大事马上就要成了...","replyDepth":0,"type":"chat","sCharacter":{"no":"凯撒PMC理事","index":"NP0034_BG"},"file":""},{"content":"拿到资源之后，我就有跟上面叫板的资本了...","replyDepth":0,"type":"chat","sCharacter":{"no":"凯撒PMC理事","index":"NP0034_BG"},"file":""},{"content":"我看到时谁不合我的意，我就端掉谁！","replyDepth":0,"type":"chat","sCharacter":{"no":"凯撒PMC理事","index":"NP0034_BG"},"file":""},{"content":"理事，大事不好了！","replyDepth":0,"type":"chat","sCharacter":{"no":"custom-250916-011829","index":"custom-250916-011829"},"file":""},{"content":"谁，这时候找我干什么，没看到我正在忙着吗？！","replyDepth":0,"type":"chat","sCharacter":{"no":"凯撒PMC理事","index":"NP0034_BG"},"isFirst":false,"name":"","isLeft":true,"isCenter":false,"isRight":false,"is_breaking":false,"file":"","time":"","style":false},{"content":"理事，有人，把我们基地的电力给强制切断了！","replyDepth":0,"type":"chat","sCharacter":{"no":"自动机器人","index":"Automata_PMC1_BG"},"file":""},{"content":"钻机和屏蔽器，因为没有电力供应，已经停转了！","replyDepth":0,"type":"chat","sCharacter":{"no":"自动机器人","index":"Automata_PMC1_BG"},"file":""},{"content":"什么！？难道是那些小破孩找上门了？这不可能！","replyDepth":0,"type":"chat","sCharacter":{"no":"凯撒PMC理事","index":"NP0034_BG"},"file":""},{"content":"那老师呢，那个夏莱的老师呢？","replyDepth":0,"type":"chat","sCharacter":{"no":"凯撒PMC理事","index":"NP0034_BG"},"file":""},{"content":"他...他，他不见了...","replyDepth":0,"type":"chat","sCharacter":{"no":"自动机器人","index":"Automata_PMC1_BG"},"file":""},{"content":"还把我们的人给关进去了","replyDepth":0,"type":"chat","sCharacter":{"no":"自动机器人","index":"Automata_PMC1_BG"},"file":""},{"content":"呃啊啊啊啊——","replyDepth":0,"type":"chat","sCharacter":{"no":"凯撒PMC理事","index":"NP0034_BG"},"file":""},{"content":"马上给我启动备用电源！","replyDepth":0,"type":"chat","sCharacter":{"no":"凯撒PMC理事","index":"NP0034_BG"},"file":""},{"content":"钻机已经快把矿脉给找出来了，绝不能让他们把好事给搅黄了！","replyDepth":0,"type":"chat","sCharacter":{"no":"凯撒PMC理事","index":"NP0034_BG"},"file":""},{"content":"然后不惜一切代价，把那个老师给我抓回来！","replyDepth":0,"type":"chat","sCharacter":{"no":"凯撒PMC理事","index":"NP0034_BG"},"file":"","isFirst":false,"name":"","isLeft":true,"isCenter":false,"isRight":false,"is_breaking":false,"time":"","style":false},{"content":"与此同时，学生们也即将抵达游乐场","replyDepth":0,"type":"info","sCharacter":{"no":"自动机器人","index":"Automata_PMC1_BG"},"file":""},{"content":"各位，我们就快到了...再加把劲！","replyDepth":0,"type":"chat","sCharacter":{"no":"早濑优香","index":"CH0184_BG"},"file":""},{"content":"你们有没有觉得天黑下来的速度有些反常？","replyDepth":0,"type":"chat","sCharacter":{"no":"鬼方佳代子","index":"CH0086_BG"},"isFirst":false,"name":"","isLeft":true,"isCenter":false,"isRight":false,"is_breaking":false,"file":"","time":"","style":false},{"file":"GameData/BLDA/CharFace/CH0086/5.webp","content":"CharFace","replyDepth":0,"type":"image","sCharacter":{"no":"鬼方佳代子","index":"CH0086_BG"}},{"content":"是啊，现在也就太阳刚下山的时候，不至于这么黑吧...","replyDepth":0,"type":"chat","sCharacter":{"no":"早濑优香","index":"CH0184_BG"},"file":""},{"content":"而且，我感觉早上登岛那会的热浪，又回来了...","replyDepth":0,"type":"chat","sCharacter":{"no":"鬼方佳代子","index":"CH0086_BG"},"file":""},{"content":"热...好热...我需要...我需要...","replyDepth":0,"type":"chat","sCharacter":{"no":"古关忧","index":"CH0169_BG"},"file":""},{"file":"GameData/BLDA/CharFace/CH0169/20.webp","content":"CharFace","replyDepth":0,"type":"image","sCharacter":{"no":"古关忧","index":"CH0169_BG"}},{"content":"呀，有伙伴需要爱丽丝的协助！","replyDepth":0,"type":"chat","sCharacter":{"no":"天童爱丽丝","index":"CH0200_BG"},"file":""},{"file":"GameData/BLDA/CharFace/CH0200/5.webp","content":"CharFace","replyDepth":0,"type":"image","sCharacter":{"no":"天童爱丽丝","index":"CH0200_BG"}},{"content":"爱丽丝，现在前来帮助你了！","replyDepth":0,"type":"chat","sCharacter":{"no":"天童爱丽丝","index":"CH0200_BG"},"isFirst":false,"name":"","isLeft":true,"isCenter":false,"isRight":false,"is_breaking":false,"file":"","time":"","style":false},{"content":"爱丽丝把先前拿到的罐装咖啡递给了忧\n即使过去了几个小时，这咖啡也还是冰的","replyDepth":0,"type":"info","sCharacter":{"no":"天童爱丽丝","index":"CH0200_BG"},"file":""},{"content":"谢谢...（接过咖啡，一饮而尽）","replyDepth":0,"type":"chat","sCharacter":{"no":"古关忧","index":"CH0169_BG"},"file":""},{"file":"GameData/BLDA/CharFace/CH0169/9.webp","content":"CharFace","replyDepth":0,"type":"image","sCharacter":{"no":"古关忧","index":"CH0169_BG"}},{"content":"呼啊...又得救了...","replyDepth":0,"type":"chat","sCharacter":{"no":"古关忧","index":"CH0169_BG"},"file":""},{"content":"优香看到爱丽丝不知道从哪里得到的冰美式，愣了一下\n不过她很快就回过神来，这时候她看到了什么...","replyDepth":0,"type":"info","sCharacter":{"no":"早濑优香","index":"CH0184_BG"},"file":""},{"content":"大家快看，那个不会就是...","replyDepth":0,"type":"chat","sCharacter":{"no":"早濑优香","index":"CH0184_BG"},"file":""},{"file":"GameData/BLDA/CharFace/CH0184/Eye_Close_01.webp","content":"CharFace","replyDepth":0,"type":"image","sCharacter":{"no":"早濑优香","index":"CH0184_BG"}},{"content":"一座西式城堡样式的游乐园大门伫立于此，但其身后是已经一片漆黑...\n前面散落着带有凯撒集团logo的拒马，说明这里曾经有人看守着","replyDepth":0,"type":"info","sCharacter":{"no":"早濑优香","index":"CH0184_BG"},"file":""},{"content":"奇怪，怎么凯撒集团的人都不见了？","replyDepth":0,"type":"chat","sCharacter":{"no":"早濑优香","index":"CH0184_BG"},"file":""},{"content":"况且如果这里这么黑，为什么不开灯呢？","replyDepth":0,"type":"chat","sCharacter":{"no":"早濑优香","index":"CH0184_BG"},"file":""},{"content":"各位，听得见吗？我们有发现了！","replyDepth":0,"type":"chat","sCharacter":{"no":"天雨亚子","index":"NP0019_BG"},"isFirst":false,"name":"","isLeft":true,"isCenter":false,"isRight":false,"is_breaking":false,"file":"","time":"","style":false},{"file":"GameData/BLDA/CharFace/ako/5.webp","content":"CharFace","replyDepth":0,"type":"image","sCharacter":{"no":"天雨亚子","index":"NP0019_BG"}},{"content":"亚子...难道电子通讯已经恢复了吗？","replyDepth":0,"type":"chat","sCharacter":{"no":"鬼方佳代子","index":"CH0086_BG"},"file":""},{"file":"GameData/BLDA/CharFace/CH0086/5.webp","content":"CharFace","replyDepth":0,"type":"image","sCharacter":{"no":"鬼方佳代子","index":"CH0086_BG"}},{"content":"就在刚刚，信号频段突然回落至正常波段，现在由我来为你们播报重要信息","replyDepth":0,"type":"chat","sCharacter":{"no":"天雨亚子","index":"NP0019_BG"},"file":""},{"file":"GameData/BLDA/CharFace/ako/8.webp","content":"CharFace","replyDepth":0,"type":"image","sCharacter":{"no":"天雨亚子","index":"NP0019_BG"}},{"content":"亚子看起来没那么着急了，慢慢恢复到平常冷静的形象","replyDepth":0,"type":"info","sCharacter":{"no":"天雨亚子","index":"NP0019_BG"},"file":""},{"content":"那个高强度信号是由一台大功率钻探机发出的，我们已经搜索到了其具体位置","replyDepth":0,"type":"chat","sCharacter":{"no":"天雨亚子","index":"NP0019_BG"},"isFirst":false,"name":"","isLeft":true,"isCenter":false,"isRight":false,"is_breaking":false,"file":"","time":"","style":false},{"content":"你们只要穿过旋转木马区和游戏摊位区，在那边的对门附近就可以找到了","replyDepth":0,"type":"chat","sCharacter":{"no":"天雨亚子","index":"NP0019_BG"},"file":""},{"content":"而老师的具体位置，就在正门以东滋滋——滋滋滋——","replyDepth":0,"type":"chat","sCharacter":{"no":"天雨亚子","index":"NP0019_BG"},"file":""},{"content":"亚子，亚子！","replyDepth":0,"type":"chat","sCharacter":{"no":"鬼方佳代子","index":"CH0086_BG"},"file":""},{"file":"GameData/BLDA/CharFace/CH0086/5.webp","content":"CharFace","replyDepth":0,"type":"image","sCharacter":{"no":"鬼方佳代子","index":"CH0086_BG"}},{"content":"可恶，信号波段又被屏蔽了...","replyDepth":0,"type":"chat","sCharacter":{"no":"鬼方佳代子","index":"CH0086_BG"},"file":""},{"content":"现在我们只知道老师在游乐场东区附近...","replyDepth":0,"type":"chat","sCharacter":{"no":"早濑优香","index":"CH0184_BG"},"file":""},{"content":"看来我们只能直接进去寻找老师了","replyDepth":0,"type":"chat","sCharacter":{"no":"早濑优香","index":"CH0184_BG"},"isFirst":false,"name":"","isLeft":true,"isCenter":false,"isRight":false,"is_breaking":false,"file":"","time":"","style":false},{"file":"GameData/BLDA/CharFace/CH0184/5.webp","content":"CharFace","replyDepth":0,"type":"image","sCharacter":{"no":"早濑优香","index":"CH0184_BG"}},{"content":"那么，待会进去之后，我和忧负责前进方向左边的敌人","replyDepth":0,"type":"chat","sCharacter":{"no":"鬼方佳代子","index":"CH0086_BG"},"file":""},{"content":"我和爱丽丝，就负责时刻注意右边的情况","replyDepth":0,"type":"chat","sCharacter":{"no":"早濑优香","index":"CH0184_BG"},"file":""},{"content":"嗯，就是这样","replyDepth":0,"type":"chat","sCharacter":{"no":"鬼方佳代子","index":"CH0086_BG"},"file":""},{"content":"我们的首要任务是找到老师并确保老师的人身安全","replyDepth":0,"type":"chat","sCharacter":{"no":"鬼方佳代子","index":"CH0086_BG"},"file":""},{"file":"GameData/BLDA/CharFace/CH0086/5.webp","content":"CharFace","replyDepth":0,"type":"image","sCharacter":{"no":"鬼方佳代子","index":"CH0086_BG"}},{"content":"现在就走吧！","replyDepth":0,"type":"chat","sCharacter":{"no":"鬼方佳代子","index":"CH0086_BG"},"file":""},{"content":"爱丽丝，要上了！","replyDepth":0,"type":"chat","sCharacter":{"no":"天童爱丽丝","index":"CH0200_BG"},"file":""},{"file":"GameData/BLDA/CharFace/CH0200/5.webp","content":"CharFace","replyDepth":0,"type":"image","sCharacter":{"no":"天童爱丽丝","index":"CH0200_BG"}},{"content":"在众人开始突进的时候，我正潜伏在黑暗之中...","replyDepth":0,"type":"info","sCharacter":{"no":"天童爱丽丝","index":"CH0200_BG"},"file":""},{"content":"备用电源打开了，两台机器正常运转了！","replyDepth":0,"type":"chat","sCharacter":{"no":"自动机器人","index":"Automata_PMC1_BG"},"file":""},{"file":"GameData/BLDA/CharFace/Automata_PMC1/Idle_01.webp","content":"CharFace","replyDepth":0,"type":"image","sCharacter":{"no":"自动机器人","index":"Automata_PMC1_BG"}},{"content":"给我仔细搜，就算把这儿翻个底朝天也要给我找出来！","replyDepth":0,"type":"chat","sCharacter":{"no":"自动机器人","index":"Automata_PMC1_BG"},"isFirst":true,"name":"","isLeft":true,"isCenter":false,"isRight":false,"is_breaking":false,"file":"","time":"","style":false},{"content":"不是，不是开了备用电机了吗，为什么这篇区域还没亮起来！","replyDepth":0,"type":"chat","sCharacter":{"no":"自动机器人","index":"Automata_PMC1_BG"},"isFirst":false,"name":"","isLeft":true,"isCenter":false,"isRight":false,"is_breaking":false,"file":"","time":"","style":false},{"content":"是啊，怎么回事啊，后勤组在干什么...","replyDepth":0,"type":"chat","sCharacter":{"no":"自动机器人","index":"Automata_PMC1_BG"},"isFirst":false,"name":"","isLeft":true,"isCenter":false,"isRight":false,"is_breaking":false,"file":"","time":"","heads":{"direction":"row","list":["Automata_PMC1_BG"],"margin":"","fullHeight":false},"style":false},{"content":"（躲在马戏团帐篷附近）","replyDepth":0,"type":"chat","sCharacter":{"no":0,"index":"1"},"file":""},{"content":"他们启用了备用电源...这可麻烦了啊...","replyDepth":0,"type":"chat","sCharacter":{"no":0,"index":"1"},"file":""},{"content":"普拉娜，现在情况如何？","replyDepth":0,"type":"chat","sCharacter":{"no":0,"index":"1"},"file":""},{"content":"预计维持停电状态...还有五分钟...","replyDepth":0,"type":"chat","sCharacter":{"no":"普拉娜","index":"NP0035_BG"},"isFirst":false,"name":"","isLeft":true,"isCenter":false,"isRight":false,"is_breaking":false,"file":"","time":"","style":false},{"file":"GameData/BLDA/CharFace/NP0035/0.webp","content":"CharFace","replyDepth":0,"type":"image","sCharacter":{"no":"普拉娜","index":"NP0035_BG"}},{"content":"但鉴于对方启用了备用电机，我不确定是否还能维持更长的时间...","replyDepth":0,"type":"chat","sCharacter":{"no":"普拉娜","index":"NP0035_BG"},"file":""},{"content":"老师，需要抓紧时间行动","replyDepth":0,"type":"chat","sCharacter":{"no":"普拉娜","index":"NP0035_BG"},"isFirst":false,"name":"","isLeft":true,"isCenter":false,"isRight":false,"is_breaking":false,"file":"","time":"","style":false},{"content":"没关系，这个地方的监控系统已经完全在阿罗娜的掌控之中了！","replyDepth":0,"type":"chat","sCharacter":{"no":"阿罗娜","index":"Arona_BG"},"file":""},{"content":"就算他们恢复了电力，也照样找不到老师！","replyDepth":0,"type":"chat","sCharacter":{"no":"阿罗娜","index":"Arona_BG"},"file":""},{"file":"GameData/BLDA/CharFace/arona/25.webp","content":"CharFace","replyDepth":0,"type":"image","sCharacter":{"no":"阿罗娜","index":"Arona_BG"}},{"content":"很好二位，干得漂亮...","replyDepth":0,"type":"chat","sCharacter":{"no":0,"index":"1"},"file":""},{"content":"回去之后，一人一份草莓蛋糕！","replyDepth":0,"type":"chat","sCharacter":{"no":0,"index":"1"},"file":""},{"content":"好耶！老师真好...嘿嘿...","replyDepth":0,"type":"chat","sCharacter":{"no":"阿罗娜","index":"Arona_BG"},"file":""},{"file":"GameData/BLDA/CharFace/arona/23.webp","content":"CharFace","replyDepth":0,"type":"image","sCharacter":{"no":"阿罗娜","index":"Arona_BG"}},{"content":"前辈，还请先把精力放在工作上","replyDepth":0,"type":"chat","sCharacter":{"no":"普拉娜","index":"NP0035_BG"},"file":""},{"file":"GameData/BLDA/CharFace/NP0035/4.webp","content":"CharFace","replyDepth":0,"type":"image","sCharacter":{"no":"普拉娜","index":"NP0035_BG"}},{"content":"嘿，我看到了，我看到有一个地方...","replyDepth":0,"type":"chat","sCharacter":{"no":0,"index":"1"},"file":""},{"content":"在游乐场内靠近森林的一片泥泞不堪的地方，有一个帐篷一直在发出声音\n我踮起脚尖，悄悄地钻了进去...\n里面是一台正在运转的终端，后面是已经成一团乱麻的各种电线...","replyDepth":0,"type":"info","sCharacter":{"no":"0","index":"1"},"isFirst":false,"name":"","isLeft":false,"isCenter":true,"isRight":false,"is_breaking":false,"file":"","time":"","style":false},{"content":"“信号屏蔽系统”...想必这个就是造成电子干扰的根源吧...","replyDepth":0,"type":"chat","sCharacter":{"no":"0","index":"1"},"isFirst":false,"name":"","isLeft":true,"isCenter":false,"isRight":false,"is_breaking":false,"file":"","time":"","style":false},{"content":"让我来打...（开始在终端上进行操作）","replyDepth":0,"type":"chat","sCharacter":{"no":0,"index":"1"},"file":""}],"MoeTalk":"4-14"}