{"CHAT":[{"content":"果然....我记得没错，触碰这种物品会招来圣徒会的复制.....第一次来岛上时，应对这些难缠的复制就费了我们不少功夫....","replyDepth":0,"type":"chat","sCharacter":{"no":"古关忧","index":"CH0204_BG"}},{"content":"所以这些人....是要倒卖文物去黑市交易？","replyDepth":0,"type":"chat","sCharacter":{"no":0,"index":"1"}},{"content":"（摇了摇头）","replyDepth":0,"type":"chat","sCharacter":{"no":"古关忧","index":"CH0204_BG"}},{"file":"GameData/BLDA/CharFace/CH0204/99.webp","content":"CharFace","replyDepth":0,"type":"image","sCharacter":{"no":"古关忧","index":"CH0204_BG"}},{"content":"老师请想想....这座岛如此偏远....又被严格封锁了消息，以头盔团的实力....如何能自主发现这座岛....","replyDepth":0,"type":"chat","sCharacter":{"no":"古关忧","index":"CH0204_BG"}},{"content":"从之前铲子那的痕迹来看...这里至少已经被发现一段时间了....如果只是无意中发现了如此重要的文物遗址，想去黑市赚钱.....他们到今天怎么能只有这点规模进行运输....不怕被黑市的其他人发现并抢夺生意吗.....","replyDepth":0,"type":"chat","sCharacter":{"no":"古关忧","index":"CH0204_BG"}},{"content":"加上他们提到了“圣三一的大小姐”...","replyDepth":0,"type":"chat","sCharacter":{"no":"古关忧","index":"CH0204_BG"}},{"content":"所以，是圣三一内部人员？","replyDepth":0,"type":"chat","sCharacter":{"no":0,"index":"1"}},{"content":"（点了点头）","replyDepth":0,"type":"chat","sCharacter":{"no":"古关忧","index":"CH0204_BG"}},{"file":"GameData/BLDA/CharFace/CH0204/5.webp","content":"CharFace","replyDepth":0,"type":"image","sCharacter":{"no":"古关忧","index":"CH0204_BG"}},{"content":"恐怕...和与老师第一次相见时的.....那次的古修女会典籍事件一样，都是一场....精心策划的阴谋吧","replyDepth":0,"type":"chat","sCharacter":{"no":"古关忧","index":"CH0204_BG"}},{"content":"那些头盔团不过是听命别人....如果这里的文物大量不翼而飞，等修女会再次重启调查时...樱子难责其咎。同时持有这些秘密的古文物....也是一种很好的把柄","replyDepth":0,"type":"chat","sCharacter":{"no":"古关忧","index":"CH0204_BG"}},{"content":"那我们该怎么办","replyDepth":0,"type":"chat","sCharacter":{"no":0,"index":"1"}},{"content":"现在回去向樱子她们汇报吗","replyDepth":0,"type":"chat","sCharacter":{"no":0,"index":"1"}},{"content":"不行...我们这次来....本来就是个秘密，如果这种时候去曝光....我和老师反而会成第一嫌犯","replyDepth":0,"type":"chat","sCharacter":{"no":"古关忧","index":"CH0204_BG"}},{"file":"GameData/BLDA/CharFace/CH0204/19.webp","content":"CharFace","replyDepth":0,"type":"image","sCharacter":{"no":"古关忧","index":"CH0204_BG"}},{"content":"而且....我也不想去掺和圣三一那些事情....光是想想就头疼","replyDepth":0,"type":"chat","sCharacter":{"no":"古关忧","index":"CH0204_BG"}},{"content":"难道我们....只能这样看着那些人之后继续做这种事吗","replyDepth":0,"type":"chat","sCharacter":{"no":0,"index":"1"}},{"content":"和忧陷入了沉默","replyDepth":0,"type":"info","sCharacter":{"no":0,"index":"1"}},{"content":"......","replyDepth":0,"type":"chat","sCharacter":{"no":"古关忧","index":"CH0204_BG"},"isFirst":false,"name":"","isLeft":true,"isCenter":false,"isRight":false,"is_breaking":false,"file":"","time":"","style":false},{"file":"GameData/BLDA/CharFace/CH0204/1.webp","content":"CharFace","replyDepth":0,"type":"image","sCharacter":{"no":"古关忧","index":"CH0204_BG"}},{"content":"有了....我有个办法.....","replyDepth":0,"type":"chat","sCharacter":{"no":"古关忧","index":"CH0204_BG"}},{"content":"但这需要老师的帮助","replyDepth":0,"type":"chat","sCharacter":{"no":"古关忧","index":"CH0204_BG"},"isFirst":false,"name":"","isLeft":true,"isCenter":false,"isRight":false,"is_breaking":false,"file":"","time":"","style":false}],"MoeTalk":"2-10"}