{"CHAT":[{"content":"库敷敷","replyDepth":0,"type":"chat","sCharacter":{"no":0,"index":1}},{"content":"阿露酱…你该不会…","replyDepth":0,"type":"chat","sCharacter":{"no":0,"index":1}},{"file":"GameData/BLDA/CharFace/aru/11.webp","content":"CharFace","replyDepth":0,"type":"image","sCharacter":{"no":"陆八魔阿露","index":"Aru_BG"}},{"content":"不是…为什么你们都带了泳装啊…","replyDepth":0,"type":"chat","sCharacter":{"no":"陆八魔阿露","index":"Aru_BG"}},{"content":"阿露…你该不会真以为我们是来勘探的吧…","replyDepth":0,"type":"chat","sCharacter":{"no":"老师","index":"Sensei"}},{"content":"好了好了，都到了岛上了，别管什么泳装不泳装的了","replyDepth":0,"type":"chat","sCharacter":{"no":0,"index":1}},{"content":"先把帐篷搭起来","replyDepth":0,"type":"chat","sCharacter":{"no":0,"index":1}},{"content":"就交给阿露你了","replyDepth":0,"type":"chat","sCharacter":{"no":0,"index":1}},{"file":"GameData/BLDA/Emoji/1zh_tw8.webp","content":"Emoji","replyDepth":0,"type":"image","sCharacter":{"no":0,"index":1}},{"content":"那你们去哪里","replyDepth":0,"type":"chat","sCharacter":{"no":"陆八魔阿露","index":"Aru_BG"}},{"content":"当然是去玩水喽","replyDepth":0,"type":"chat","sCharacter":{"no":0,"index":1}},{"file":"GameData/BLDA/Emoji/1zh_tw13.webp","content":"Emoji","replyDepth":0,"type":"image","sCharacter":{"no":"陆八魔阿露","index":"Aru_BG"}},{"content":"那我留下来帮阿露大人…","replyDepth":0,"type":"chat","sCharacter":{"no":"伊草遥香","index":"Haruka_BG"}},{"file":"GameData/BLDA/CharFace/kayoko/6.webp","content":"CharFace","replyDepth":0,"type":"image","sCharacter":{"no":"鬼方佳代子","index":"Kayoko_BG"}},{"content":"我就知道会是这样…","replyDepth":0,"type":"chat","sCharacter":{"no":"鬼方佳代子","index":"Kayoko_BG"}},{"content":"算了，我留下来帮她","replyDepth":0,"type":"chat","sCharacter":{"no":"鬼方佳代子","index":"Kayoko_BG"}},{"content":"睦月，春香，你们跟好老师","replyDepth":0,"type":"chat","sCharacter":{"no":"鬼方佳代子","index":"Kayoko_BG"}},{"content":"佳代子酱，需不需要我们打鱼回来吃啊","replyDepth":0,"type":"chat","sCharacter":{"no":0,"index":1}},{"file":"GameData/BLDA/Emoji/1zh_tw8.webp","content":"Emoji","replyDepth":0,"type":"image","sCharacter":{"no":0,"index":1}},{"file":"GameData/BLDA/CharFace/kayoko/2.webp","content":"CharFace","replyDepth":0,"type":"image","sCharacter":{"no":"鬼方佳代子","index":"Kayoko_BG"}},{"content":"确定不是鱼打你们吗","replyDepth":0,"type":"chat","sCharacter":{"no":"鬼方佳代子","index":"Kayoko_BG"}},{"content":"没关系………我会保护好老师的","replyDepth":0,"type":"chat","sCharacter":{"no":"伊草遥香","index":"Haruka_BG"}},{"content":"别勉强，安全第一","replyDepth":0,"type":"chat","sCharacter":{"no":"鬼方佳代子","index":"Kayoko_BG"}},{"file":"GameData/BLDA/Emoji/2zh_tw5.webp","content":"Emoji","replyDepth":0,"type":"image","sCharacter":{"no":"鬼方佳代子","index":"Kayoko_BG"}},{"content":"海风夹杂着咸腥的气息扑面而来，这大概就是人们常说的海的味道","replyDepth":0,"type":"info","sCharacter":{"no":"鬼方佳代子","index":"Kayoko_BG"}},{"content":"遮阳伞就这样插在沙地里，在海风中挺立着","replyDepth":0,"type":"info","sCharacter":{"no":"鬼方佳代子","index":"Kayoko_BG"}},{"content":"没想到小春香也会穿这么大胆的泳装呢","replyDepth":0,"type":"chat","sCharacter":{"no":0,"index":1}},{"content":"我…没有别的泳装了","replyDepth":0,"type":"chat","sCharacter":{"no":"伊草遥香","index":"Haruka_BG"}},{"file":"GameData/BLDA/Emoji/1zh_tw7.webp","content":"Emoji","replyDepth":0,"type":"image","sCharacter":{"no":"伊草遥香","index":"Haruka_BG"}},{"content":"没关系，小春香要自信一点","replyDepth":0,"type":"chat","sCharacter":{"no":"老师","index":"Sensei"}},{"content":"穿什么都很可爱的","replyDepth":0,"type":"chat","sCharacter":{"no":"老师","index":"Sensei"}},{"content":"可爱…我这样的人也可以被老师夸可爱吗…","replyDepth":0,"type":"chat","sCharacter":{"no":"伊草遥香","index":"Haruka_BG"}},{"file":"GameData/BLDA/Emoji/1zh_tw8.webp","content":"Emoji","replyDepth":0,"type":"image","sCharacter":{"no":0,"index":1}},{"content":"老师说得没错，很可爱哦","replyDepth":0,"type":"chat","sCharacter":{"no":0,"index":1}}],"MoeTalk":"6-5"}