{"CHAT":[{"content":"无解...还能这样，可这个键盘里有无解符号键吗？","replyDepth":0,"type":"chat","sCharacter":{"no":0,"index":"1"},"file":""},{"content":"我记得无解的符号是∅[空集]来着","replyDepth":0,"type":"chat","sCharacter":{"no":"0","index":"1"},"file":"","isFirst":false,"name":"","isLeft":true,"isCenter":false,"isRight":false,"is_breaking":false,"time":"","style":false},{"content":"诶，好像还真的有这个键位！","replyDepth":0,"type":"chat","sCharacter":{"no":0,"index":"1"},"file":""},{"content":"（按下键盘上的“∅”键）","replyDepth":0,"type":"chat","sCharacter":{"no":0,"index":"1"},"file":""},{"content":"滴滴滴——\n密码门发出了声音，不知道是表示回答正确，亦或是错误...","replyDepth":0,"type":"info","sCharacter":{"no":0,"index":"1"},"file":""},{"content":"额...还有一道题，把它解出来就知道是对是错了...","replyDepth":0,"type":"chat","sCharacter":{"no":0,"index":"1"},"file":""},{"content":"嗯...3×8=24，这确实可以，但是还有两个数字没用，所以不行","replyDepth":0,"type":"chat","sCharacter":{"no":"0","index":"1"},"isFirst":false,"name":"","isLeft":true,"isCenter":false,"isRight":false,"is_breaking":false,"file":"","time":"","style":false},{"content":"6×4=24，6可以通过8-2获得，但是3和5凑不出4，也不行...","replyDepth":0,"type":"chat","sCharacter":{"no":0,"index":"1"},"file":""},{"content":"滋滋——在二滋滋——并非滋滋——要滋滋——等式数字滋滋——是整数滋滋——","replyDepth":0,"type":"chat","sCharacter":{"no":"明星日鞠","index":"CH0159_BG"},"isFirst":false,"name":"","isLeft":true,"isCenter":false,"isRight":false,"is_breaking":false,"file":"","time":"","style":false},{"file":"GameData/BLDA/CharFace/CH0159/2.webp","content":"CharFace","replyDepth":0,"type":"image","sCharacter":{"no":"明星日鞠","index":"CH0159_BG"}},{"content":"滋滋——小数滋滋——分数，在这里滋滋——也是成立的滋滋——","replyDepth":0,"type":"chat","sCharacter":{"no":"明星日鞠","index":"CH0159_BG"},"isFirst":false,"name":"","isLeft":true,"isCenter":false,"isRight":false,"is_breaking":false,"file":"","time":"","style":false},{"content":"并且滋滋——道可能不止滋滋——一种解法滋滋——","replyDepth":0,"type":"chat","sCharacter":{"no":"明星日鞠","index":"CH0159_BG"},"isFirst":false,"name":"","isLeft":true,"isCenter":false,"isRight":false,"is_breaking":false,"file":"","time":"","style":false},{"content":"如果滋滋——美少女滋滋——我的话，我一定会滋滋——列举出所有可能滋滋——","replyDepth":0,"type":"chat","sCharacter":{"no":"明星日鞠","index":"CH0159_BG"},"isFirst":false,"name":"","isLeft":true,"isCenter":false,"isRight":false,"is_breaking":false,"file":"","time":"","style":false},{"content":"不过对于滋滋——老师您，现在滋滋——只需要一种答案滋滋——就足够了滋滋——","replyDepth":0,"type":"chat","sCharacter":{"no":"明星日鞠","index":"CH0159_BG"},"file":""},{"content":"（该死的，感觉屏蔽强度越来越厉害了...）","replyDepth":0,"type":"chat","sCharacter":{"no":0,"index":"1"},"file":""},{"content":"这样吗...如果是这样的话，2×8=16，16+8=24，但还差个3没有用上","replyDepth":0,"type":"chat","sCharacter":{"no":0,"index":"1"},"file":""},{"content":"那这样的话...再拆分一下，8+8+8=24...把加法换成乘法，前面还是16...","replyDepth":0,"type":"chat","sCharacter":{"no":0,"index":"1"},"file":""},{"content":"16×3/2=24，而因为2被用了所以不能用2×8，但我们刚好还剩下两个8...","replyDepth":0,"type":"chat","sCharacter":{"no":"0","index":"1"},"isFirst":false,"name":"","isLeft":true,"isCenter":false,"isRight":false,"is_breaking":false,"file":"","time":"","style":false},{"content":"那么得出来的其中一个答案就是（8+8）×（3÷2）","replyDepth":0,"type":"chat","sCharacter":{"no":"0","index":"1"},"isFirst":false,"name":"","isLeft":true,"isCenter":false,"isRight":false,"is_breaking":false,"file":"","time":"","style":false},{"content":"好，现在让我来操作下这个终端...","replyDepth":0,"type":"chat","sCharacter":{"no":"0","index":"1"},"isFirst":false,"name":"","isLeft":true,"isCenter":false,"isRight":false,"is_breaking":false,"file":"","time":"","style":false},{"content":"（输入答案）","replyDepth":0,"type":"chat","sCharacter":{"no":0,"index":"1"},"file":""},{"content":"滴滴滴——嘟——\n密码门又响了几声，随后电子锁颜色变绿，门打开了\n在开门的时候还掉下来了一封信","replyDepth":0,"type":"info","sCharacter":{"no":"0","index":"1"},"isFirst":false,"name":"","isLeft":false,"isCenter":true,"isRight":false,"is_breaking":false,"file":"","time":"","style":false},{"content":"（打开信件一看）","replyDepth":0,"type":"chat","sCharacter":{"no":0,"index":"1"},"file":""},{"content":"致解谜者的一封信\n在基沃托斯，存在着一种“根源”，这种根源，是一切情感的摹本\n而在这座岛上，“根源”是作为守护者而存在的非自然实体\n而在你前方的游乐场，并非是由后来者所打造，它在此之前便存在于此\n在这里，留下来许多人们幸福与喜悦的残渣...尚未被“根源”所复制...\n但倘若贸然闯入，亵渎并挑衅“根源”，那么它将会出现，将这些情感全部复制...\n随后，这些被恐怖感染的“喜悦”，将会肆虐清除一切...\n因此我在此设下谜题，并力排众议隐藏了这个地方的存在\n现在，你打开了魔盒，请做好直面“拟态”的准备吧\n-XXX（因为纸张泛黄，已经看不清人名了）\n","replyDepth":0,"type":"info","sCharacter":{"no":"0","index":"1"},"isFirst":false,"name":"","isLeft":false,"isCenter":true,"isRight":false,"is_breaking":false,"file":"","time":"","style":false},{"content":"这应该就是，那个神秘学大师留下来的吧","replyDepth":0,"type":"chat","sCharacter":{"no":0,"index":"1"},"file":""},{"content":"但是，这套说辞，我感觉在哪里听到过...","replyDepth":0,"type":"chat","sCharacter":{"no":0,"index":"1"},"file":""},{"content":"总不可能，它们俩也会出现在这里吧...","replyDepth":0,"type":"chat","sCharacter":{"no":"0","index":"1"},"isFirst":false,"name":"","isLeft":true,"isCenter":false,"isRight":false,"is_breaking":false,"file":"","time":"","style":false},{"content":"日鞠，麻烦你向其他人公布我现在的坐标，然后让她们跟上我...","replyDepth":0,"type":"chat","sCharacter":{"no":"0","index":"1"},"file":"","isFirst":false,"name":"","isLeft":true,"isCenter":false,"isRight":false,"is_breaking":false,"time":"","style":false},{"content":"日鞠，日鞠现在你听得到我说话吗，日...","replyDepth":0,"type":"chat","sCharacter":{"no":"0","index":"1"},"file":"","isFirst":false,"name":"","isLeft":true,"isCenter":false,"isRight":false,"is_breaking":false,"time":"","style":false},{"content":"老师滋滋——我能听到——发生什么——","replyDepth":0,"type":"chat","sCharacter":{"no":"明星日鞠","index":"CH0159_BG"},"file":""},{"file":"GameData/BLDA/CharFace/CH0159/11.webp","content":"CharFace","replyDepth":0,"type":"image","sCharacter":{"no":"明星日鞠","index":"CH0159_BG"}},{"content":"（开枪）","replyDepth":0,"type":"chat","sCharacter":{"no":"custom-250916-011901","index":"custom-250916-011901"},"file":""},{"content":"老师，老师，能听到我说话吗，老师！","replyDepth":0,"type":"chat","sCharacter":{"no":"明星日鞠","index":"CH0159_BG"},"file":""},{"content":"亚子，马上重定向老师现在的坐标位置！","replyDepth":0,"type":"chat","sCharacter":{"no":"明星日鞠","index":"CH0159_BG"},"isFirst":false,"name":"","isLeft":true,"isCenter":false,"isRight":false,"is_breaking":false,"file":"","time":"","style":false},{"content":"AMAS无人机遭到攻击，我需要时间来进行系统重启！","replyDepth":0,"type":"chat","sCharacter":{"no":"明星日鞠","index":"CH0159_BG"},"file":"","isFirst":false,"name":"","isLeft":true,"isCenter":false,"isRight":false,"is_breaking":false,"time":"","style":false},{"file":"GameData/BLDA/CharFace/CH0159/11.webp","content":"CharFace","replyDepth":0,"type":"image","sCharacter":{"no":"明星日鞠","index":"CH0159_BG"}},{"file":"GameData/BLDA/CharFace/ako/4.webp","content":"CharFace","replyDepth":0,"type":"image","sCharacter":{"no":"天雨亚子","index":"NP0019_BG"}},{"content":"可恶，怎么会是在这种时候...","replyDepth":0,"type":"chat","sCharacter":{"no":"天雨亚子","index":"NP0019_BG"},"file":""},{"content":"老师，可千万别出事啊，不然我会很困扰的...","replyDepth":0,"type":"chat","sCharacter":{"no":"天雨亚子","index":"NP0019_BG"},"isFirst":false,"name":"","isLeft":true,"isCenter":false,"isRight":false,"is_breaking":false,"file":"","time":"","style":false},{"content":"（开始操作手上的平板，尝试追踪老师的信号）","replyDepth":0,"type":"chat","sCharacter":{"no":"天雨亚子","index":"NP0019_BG"},"isFirst":false,"name":"","isLeft":true,"isCenter":false,"isRight":false,"is_breaking":false,"file":"","time":"","style":false},{"content":"就在刚刚，一声枪响响起，AMAS无人机便遭到枪击，被击落在地了\n我回过头来想立马拔出手枪，却看到两个黑洞洞的枪口正指着我\n我没有办法，只好慢慢地把我的双手举过头顶...","replyDepth":0,"type":"info","sCharacter":{"no":"0","index":"1"},"isFirst":false,"name":"","isLeft":false,"isCenter":true,"isRight":false,"is_breaking":false,"file":"","time":"","style":false},{"content":"看看我们找到了谁啊","replyDepth":0,"type":"chat","sCharacter":{"no":"custom-250916-011829","index":"custom-250916-011829"},"isFirst":false,"name":"","isLeft":true,"isCenter":false,"isRight":false,"is_breaking":false,"file":"","time":"","style":false},{"file":"GameData/BLDA/CharFace/Automata_PMC1/Idle_01.webp","content":"CharFace","replyDepth":0,"type":"image","sCharacter":{"no":"custom-250916-011829","index":"custom-250916-011829"}},{"content":"快说！这扇门，是通往哪里的！？","replyDepth":0,"type":"chat","sCharacter":{"no":"custom-250916-011901","index":"custom-250916-011901"},"isFirst":false,"name":"","isLeft":true,"isCenter":false,"isRight":false,"is_breaking":false,"file":"","time":"","style":false},{"content":"这门之前我们打都打不开，墙上还有几个不明意义的数字，真是搞不懂...","replyDepth":0,"type":"chat","sCharacter":{"no":"custom-250916-011901","index":"custom-250916-011901"},"isFirst":false,"name":"","isLeft":true,"isCenter":false,"isRight":false,"is_breaking":false,"file":"","time":"","style":false},{"content":"差点就给你这家伙逃了还，幸好我们及时赶到...","replyDepth":0,"type":"chat","sCharacter":{"no":"custom-250916-011901","index":"custom-250916-011901"},"file":""},{"content":"呃...话说，你们凯撒集团，不会现在就驻扎在那个游乐场里吧...","replyDepth":0,"type":"chat","sCharacter":{"no":"0","index":"1"},"file":"","isFirst":false,"name":"","isLeft":true,"isCenter":false,"isRight":false,"is_breaking":false,"time":"","style":false},{"content":"嘿，不愧是夏莱的老师，猜的可真准...","replyDepth":0,"type":"chat","sCharacter":{"no":"custom-250916-011829","index":"custom-250916-011829"},"file":"","isFirst":false,"name":"","isLeft":true,"isCenter":false,"isRight":false,"is_breaking":false,"time":"","style":false},{"content":"告诉你也无妨，我们的大部队现在就在那个游乐场里...","replyDepth":0,"type":"chat","sCharacter":{"no":"custom-250916-011829","index":"custom-250916-011829"},"file":""},{"content":"我们理事听说这个地方埋藏着丰富的矿产资源，就拉着我们跑过来了...","replyDepth":0,"type":"chat","sCharacter":{"no":"custom-250916-011829","index":"custom-250916-011829"},"file":"","isFirst":false,"name":"","isLeft":true,"isCenter":false,"isRight":false,"is_breaking":false,"time":"","style":false},{"content":"喂，你干嘛把这个告诉他，就不怕他说出去啊！","replyDepth":0,"type":"chat","sCharacter":{"no":"custom-250916-011901","index":"custom-250916-011901"},"file":""},{"content":"怕什么，他现在被我们逮住了，能跑到哪里去","replyDepth":0,"type":"chat","sCharacter":{"no":"custom-250916-011829","index":"custom-250916-011829"},"file":""},{"content":"加上有他在，那些学生可不敢随便造次，他现在可是我们的筹码！","replyDepth":0,"type":"chat","sCharacter":{"no":"custom-250916-011829","index":"custom-250916-011829"},"file":""},{"content":"好的好的，你们赢了，大赢特赢...","replyDepth":0,"type":"chat","sCharacter":{"no":0,"index":"1"},"file":""},{"content":"那现在，我们能走了吗？","replyDepth":0,"type":"chat","sCharacter":{"no":0,"index":"1"},"file":""},{"content":"还挺痛快啊，跟我们往这里走！","replyDepth":0,"type":"chat","sCharacter":{"no":"custom-250916-011829","index":"custom-250916-011829"},"isFirst":false,"name":"","isLeft":true,"isCenter":false,"isRight":false,"is_breaking":false,"file":"","time":"","style":false},{"content":"额，二位大哥，其实过了这扇门，也是可以过去的","replyDepth":0,"type":"chat","sCharacter":{"no":0,"index":"1"},"file":""},{"content":"真的，你莫不是在耍诈！？","replyDepth":0,"type":"chat","sCharacter":{"no":"custom-250916-011829","index":"custom-250916-011829"},"isFirst":false,"name":"","isLeft":true,"isCenter":false,"isRight":false,"is_breaking":false,"file":"","time":"","style":false},{"content":"那也就多花你们一点时间罢了，反正我逃不出你们的手掌心...","replyDepth":0,"type":"chat","sCharacter":{"no":0,"index":"1"},"file":""},{"content":"...嗯，感觉有点道理，正好路上我们得想点啥跟理事解释下...","replyDepth":0,"type":"chat","sCharacter":{"no":"custom-250916-011901","index":"custom-250916-011901"},"file":""},{"content":"那，你在前面带路，别给我们耍小聪明...","replyDepth":0,"type":"chat","sCharacter":{"no":"custom-250916-011901","index":"custom-250916-011901"},"file":"","isFirst":false,"name":"","isLeft":true,"isCenter":false,"isRight":false,"is_breaking":false,"time":"","style":false},{"file":"GameData/BLDA/CharFace/Automata_PMC1/Idle_01.webp","content":"CharFace","replyDepth":0,"type":"image","sCharacter":{"no":"custom-250916-011901","index":"custom-250916-011901"}},{"content":"我就这样被二位士兵给带走了...\n一路上，他们也是在聊着他们之前的遭遇...","replyDepth":0,"type":"info","sCharacter":{"no":"custom-250916-011901","index":"custom-250916-011901"},"isFirst":false,"name":"","isLeft":false,"isCenter":true,"isRight":false,"is_breaking":false,"file":"","time":"","style":false},{"content":"呼哈...今天可真是累死人了...","replyDepth":0,"type":"chat","sCharacter":{"no":"custom-250916-011829","index":"custom-250916-011829"},"isFirst":false,"name":"","isLeft":true,"isCenter":false,"isRight":false,"is_breaking":false,"file":"","time":"","style":false},{"content":"天呐，我跟你说，那个破机器一点作用都没有！","replyDepth":0,"type":"chat","sCharacter":{"no":"custom-250916-011829","index":"custom-250916-011829"},"isFirst":false,"name":"","isLeft":true,"isCenter":false,"isRight":false,"is_breaking":false,"file":"","time":"","style":false},{"content":"不仅没拦住她们，还吃了对面一颗子弹...嘶，好痛啊...","replyDepth":0,"type":"chat","sCharacter":{"no":"custom-250916-011829","index":"custom-250916-011829"},"isFirst":false,"name":"","isLeft":true,"isCenter":false,"isRight":false,"is_breaking":false,"file":"","time":"","style":false},{"content":"嚯，话说碰到你的时候...你怎么穿的这么正式？","replyDepth":0,"type":"chat","sCharacter":{"no":"custom-250916-011829","index":"custom-250916-011829"},"isFirst":false,"name":"","isLeft":true,"isCenter":false,"isRight":false,"is_breaking":false,"file":"","time":"","style":false},{"content":"这不想着能拦住那帮家伙嘛...唉，没成啊...","replyDepth":0,"type":"chat","sCharacter":{"no":"custom-250916-011901","index":"custom-250916-011901"},"file":""},{"content":"我也是被那个叫什么《如何成为主理人》的破书给摆了一道...","replyDepth":0,"type":"chat","sCharacter":{"no":"custom-250916-011901","index":"custom-250916-011901"},"isFirst":false,"name":"","isLeft":true,"isCenter":false,"isRight":false,"is_breaking":false,"file":"","time":"","style":false},{"content":"明明是教我当老板，怎么就当的这么憋屈呢？","replyDepth":0,"type":"chat","sCharacter":{"no":"custom-250916-011901","index":"custom-250916-011901"},"isFirst":false,"name":"","isLeft":true,"isCenter":false,"isRight":false,"is_breaking":false,"file":"","time":"","style":false},{"content":"就你，你也想着去当老板啊...","replyDepth":0,"type":"chat","sCharacter":{"no":"custom-250916-011829","index":"custom-250916-011829"},"isFirst":false,"name":"","isLeft":true,"isCenter":false,"isRight":false,"is_breaking":false,"file":"","time":"","style":false},{"content":"你这个“老板”，怎么就到了落荒而逃的地步，并且还把我给撞倒了的","replyDepth":0,"type":"chat","sCharacter":{"no":"custom-250916-011829","index":"custom-250916-011829"},"isFirst":false,"name":"","isLeft":true,"isCenter":false,"isRight":false,"is_breaking":false,"file":"","time":"","style":false},{"content":"要不是我好心，你早就得去吃子弹了...","replyDepth":0,"type":"chat","sCharacter":{"no":"custom-250916-011829","index":"custom-250916-011829"},"file":""},{"content":"是啊是啊，真是谢谢你还能听我解释然后等我卸除伪装...","replyDepth":0,"type":"chat","sCharacter":{"no":"custom-250916-011901","index":"custom-250916-011901"},"file":""},{"content":"你别说，装的还挺像，完全看不出来...","replyDepth":0,"type":"chat","sCharacter":{"no":"custom-250916-011829","index":"custom-250916-011829"},"file":""},{"content":"至于你说的那破书我也看过...要用那法子赚钱，咱凯撒集团早就破产重组去了...","replyDepth":0,"type":"chat","sCharacter":{"no":"custom-250916-011829","index":"custom-250916-011829"},"isFirst":false,"name":"","isLeft":true,"isCenter":false,"isRight":false,"is_breaking":false,"file":"","time":"","style":false},{"content":"就算再怎么黑心，也不能如此明目张胆啊","replyDepth":0,"type":"chat","sCharacter":{"no":"custom-250916-011829","index":"custom-250916-011829"},"file":""},{"content":"这赚钱和要面子啊，就只能存在一个！","replyDepth":0,"type":"chat","sCharacter":{"no":"custom-250916-011829","index":"custom-250916-011829"},"isFirst":false,"name":"","isLeft":true,"isCenter":false,"isRight":false,"is_breaking":false,"file":"","time":"","style":false},{"content":"那你又不早说！害的我被这玩意给坑了一把！","replyDepth":0,"type":"chat","sCharacter":{"no":"custom-250916-011901","index":"custom-250916-011901"},"file":""},{"content":"那俩小破孩，完全没有按照一般顾客的套路来走！","replyDepth":0,"type":"chat","sCharacter":{"no":"custom-250916-011901","index":"custom-250916-011901"},"isFirst":false,"name":"","isLeft":true,"isCenter":false,"isRight":false,"is_breaking":false,"file":"","time":"","style":false},{"content":"还有一个根本不怕药物的家伙，我觉得她和咱一样都是机械生命体啊！","replyDepth":0,"type":"chat","sCharacter":{"no":"custom-250916-011901","index":"custom-250916-011901"},"isFirst":false,"name":"","isLeft":true,"isCenter":false,"isRight":false,"is_breaking":false,"file":"","time":"","style":false},{"content":"行了别废话了，你败了就是败了","replyDepth":0,"type":"chat","sCharacter":{"no":"custom-250916-011829","index":"custom-250916-011829"},"isFirst":false,"name":"","isLeft":true,"isCenter":false,"isRight":false,"is_breaking":false,"file":"","time":"","style":false},{"file":"GameData/BLDA/CharFace/Automata_PMC1/Idle_01.webp","content":"CharFace","replyDepth":0,"type":"image","sCharacter":{"no":"custom-250916-011829","index":"custom-250916-011829"}},{"content":"说的倒是轻巧，难道你那边就成功了吗？","replyDepth":0,"type":"chat","sCharacter":{"no":"custom-250916-011901","index":"custom-250916-011901"},"isFirst":false,"name":"","isLeft":true,"isCenter":false,"isRight":false,"is_breaking":false,"file":"","time":"","style":false},{"content":"切...总部给我们的那台热浪发生器，哪怕连定住人不动都做不到...","replyDepth":0,"type":"chat","sCharacter":{"no":"custom-250916-011829","index":"custom-250916-011829"},"isFirst":false,"name":"","isLeft":true,"isCenter":false,"isRight":false,"is_breaking":false,"file":"","time":"","style":false},{"content":"我后面都开到最大功率了，对面居然还能顶着热浪往前走","replyDepth":0,"type":"chat","sCharacter":{"no":"custom-250916-011829","index":"custom-250916-011829"},"isFirst":false,"name":"","isLeft":true,"isCenter":false,"isRight":false,"is_breaking":false,"file":"","time":"","style":false},{"content":"这机器不是最听拳头话吗，它倒好...","replyDepth":0,"type":"chat","sCharacter":{"no":"custom-250916-011829","index":"custom-250916-011829"},"isFirst":false,"name":"","isLeft":true,"isCenter":false,"isRight":false,"is_breaking":false,"file":"","time":"","style":false},{"content":"...我砸完一通它还不听我的话，还严重受损起来了...","replyDepth":0,"type":"chat","sCharacter":{"no":"custom-250916-011829","index":"custom-250916-011829"},"file":""},{"content":"（完全被对方的言论无语住了）","replyDepth":0,"type":"chat","sCharacter":{"no":"custom-250916-011901","index":"custom-250916-011901"},"isFirst":false,"name":"","isLeft":true,"isCenter":false,"isRight":false,"is_breaking":false,"file":"","time":"","style":false},{"content":"你这智商，也就只能一辈子当雇佣兵去了...","replyDepth":0,"type":"chat","sCharacter":{"no":"custom-250916-011901","index":"custom-250916-011901"},"isFirst":false,"name":"","isLeft":true,"isCenter":false,"isRight":false,"is_breaking":false,"file":"","time":"","style":false},{"content":"还有一个问题...那玩意它最后居然自爆了！","replyDepth":0,"type":"chat","sCharacter":{"no":"custom-250916-011829","index":"custom-250916-011829"},"isFirst":false,"name":"","isLeft":true,"isCenter":false,"isRight":false,"is_breaking":false,"file":"","time":"","style":false},{"content":"这损失，理事说了会扣在我们身上...","replyDepth":0,"type":"chat","sCharacter":{"no":"custom-250916-011829","index":"custom-250916-011829"},"file":""},{"content":"我...呃啊，我怎么就有你这种搭档呢！","replyDepth":0,"type":"chat","sCharacter":{"no":"custom-250916-011901","index":"custom-250916-011901"},"file":""},{"content":"（收到通讯请求，突然愣住）","replyDepth":0,"type":"chat","sCharacter":{"no":"custom-250916-011901","index":"custom-250916-011901"},"isFirst":false,"name":"","isLeft":true,"isCenter":false,"isRight":false,"is_breaking":false,"file":"","time":"","style":false},{"content":"怎么了，谁这时候打电话过来，不要命了吗？","replyDepth":0,"type":"chat","sCharacter":{"no":"custom-250916-011829","index":"custom-250916-011829"},"file":""},{"content":"是...是理事！他要求我们现在和他联系！","replyDepth":0,"type":"chat","sCharacter":{"no":"custom-250916-011901","index":"custom-250916-011901"},"file":""},{"content":"（同意了凯撒集团理事的通讯请求）","replyDepth":0,"type":"chat","sCharacter":{"no":"custom-250916-011901","index":"custom-250916-011901"},"file":""},{"content":"...怎么样，你们有没有好好把他们给拦住？","replyDepth":0,"type":"chat","sCharacter":{"no":"凯撒PMC理事","index":"NP0034_BG"},"file":""},{"file":"GameData/BLDA/CharFace/NP0034/Idle_01.webp","content":"CharFace","replyDepth":0,"type":"image","sCharacter":{"no":"凯撒PMC理事","index":"NP0034_BG"}},{"content":"额...理事啊，我们虽然...","replyDepth":0,"type":"chat","sCharacter":{"no":"custom-250916-011829","index":"custom-250916-011829"},"file":""},{"content":"...我们现在，正进行战略转进！","replyDepth":0,"type":"chat","sCharacter":{"no":"custom-250916-011901","index":"custom-250916-011901"},"file":""},{"content":"那些学生，是斗不过我们的！","replyDepth":0,"type":"chat","sCharacter":{"no":"custom-250916-011901","index":"custom-250916-011901"},"file":""},{"content":"那就是根本没拦住咯，你们两个...","replyDepth":0,"type":"chat","sCharacter":{"no":"凯撒PMC理事","index":"NP0034_BG"},"file":""},{"content":"好好想想你们的辞呈该...","replyDepth":0,"type":"chat","sCharacter":{"no":"凯撒PMC理事","index":"NP0034_BG"},"file":""},{"content":"还请听我们说完，理事先生！","replyDepth":0,"type":"chat","sCharacter":{"no":"custom-250916-011901","index":"custom-250916-011901"},"file":""},{"content":"我们，我们抓到了夏莱的老师！","replyDepth":0,"type":"chat","sCharacter":{"no":"custom-250916-011901","index":"custom-250916-011901"},"file":""},{"content":"是，是啊，我们抓到他了！","replyDepth":0,"type":"chat","sCharacter":{"no":"custom-250916-011829","index":"custom-250916-011829"},"file":""},{"content":"哦...看来你们还没有我想象中的那么废物...","replyDepth":0,"type":"chat","sCharacter":{"no":"凯撒PMC理事","index":"NP0034_BG"},"file":""},{"content":"现在赶紧把人给我带回去基地！","replyDepth":0,"type":"chat","sCharacter":{"no":"凯撒PMC理事","index":"NP0034_BG"},"isFirst":false,"name":"","isLeft":true,"isCenter":false,"isRight":false,"is_breaking":false,"file":"","time":"","style":false},{"content":"太好了，有了这份筹码在，那些小破孩肯定不敢随便造次","replyDepth":0,"type":"chat","sCharacter":{"no":"凯撒PMC理事","index":"NP0034_BG"},"isFirst":false,"name":"","isLeft":true,"isCenter":false,"isRight":false,"is_breaking":false,"file":"","time":"","style":false},{"content":"我们的挖掘工作已经进行到后期了，就快要找到那个矿脉了...","replyDepth":0,"type":"chat","sCharacter":{"no":"凯撒PMC理事","index":"NP0034_BG"},"isFirst":false,"name":"","isLeft":true,"isCenter":false,"isRight":false,"is_breaking":false,"file":"","time":"","style":false},{"content":"我就要发财了，啊哈哈哈，这样子只要再进行扩张，再开发...","replyDepth":0,"type":"chat","sCharacter":{"no":"凯撒PMC理事","index":"NP0034_BG"},"file":""},{"content":"这样就没有人能斗得过我了，啊哈哈哈哈哈——","replyDepth":0,"type":"chat","sCharacter":{"no":"凯撒PMC理事","index":"NP0034_BG"},"file":""},{"file":"GameData/BLDA/CharFace/NP0034/Idle_01.webp","content":"CharFace","replyDepth":0,"type":"image","sCharacter":{"no":"凯撒PMC理事","index":"NP0034_BG"}},{"content":"额，理...理事，通话还没结束呢...","replyDepth":0,"type":"chat","sCharacter":{"no":"custom-250916-011829","index":"custom-250916-011829"},"file":""},{"content":"额...算了，你们两个，能听到凯撒理事向你们阐述他的伟大理想...","replyDepth":0,"type":"chat","sCharacter":{"no":"凯撒PMC理事","index":"NP0034_BG"},"isFirst":false,"name":"","isLeft":true,"isCenter":false,"isRight":false,"is_breaking":false,"file":"","time":"","style":false},{"content":"那是你们的荣幸，懂吗！？","replyDepth":0,"type":"chat","sCharacter":{"no":"凯撒PMC理事","index":"NP0034_BG"},"isFirst":false,"name":"","isLeft":true,"isCenter":false,"isRight":false,"is_breaking":false,"file":"","time":"","style":false},{"content":"现在赶紧给我滚回来，每迟到一秒你们这个月的工资就少一万！","replyDepth":0,"type":"chat","sCharacter":{"no":"凯撒PMC理事","index":"NP0034_BG"},"file":""},{"content":"连给手下回答“是”的功夫都没有，理事便结束了通讯","replyDepth":0,"type":"info","sCharacter":{"no":"凯撒PMC理事","index":"NP0034_BG"},"isFirst":false,"name":"","isLeft":false,"isCenter":true,"isRight":false,"is_breaking":false,"file":"","time":"","style":false},{"content":"我们已经没有工资再给理事扣了...","replyDepth":0,"type":"chat","sCharacter":{"no":"custom-250916-011901","index":"custom-250916-011901"},"file":""},{"content":"那接下来，我们岂不是得付费上班了？","replyDepth":0,"type":"chat","sCharacter":{"no":"custom-250916-011829","index":"custom-250916-011829"},"file":""},{"content":"算了算了，还是先赶紧把人带回去吧...","replyDepth":0,"type":"chat","sCharacter":{"no":"custom-250916-011901","index":"custom-250916-011901"},"file":""},{"content":"啊，夏莱的老师，还请原谅我，咱今儿忘记带头套了...","replyDepth":0,"type":"chat","sCharacter":{"no":"custom-250916-011901","index":"custom-250916-011901"},"file":""},{"content":"哦不是吧，又是这样...呃...","replyDepth":0,"type":"chat","sCharacter":{"no":"0","index":"1"},"isFirst":false,"name":"","isLeft":true,"isCenter":false,"isRight":false,"is_breaking":false,"file":"","time":"","style":false},{"content":"我最后只看到对方一记枪托过来，随后便眼前一黑...","replyDepth":0,"type":"info","sCharacter":{"no":"0","index":"1"},"isFirst":false,"name":"","isLeft":false,"isCenter":true,"isRight":false,"is_breaking":false,"file":"","time":"","style":false},{"content":"话说你有没有觉得这地方热的很啊？","replyDepth":0,"type":"chat","sCharacter":{"no":"custom-250916-011829","index":"custom-250916-011829"},"file":""},{"content":"好像是...怎么这座岛一会热一会不那么热的，真是奇怪","replyDepth":0,"type":"chat","sCharacter":{"no":"custom-250916-011901","index":"custom-250916-011901"},"file":""},{"file":"GameData/BLDA/CharFace/Automata_PMC1/Idle_01.webp","content":"CharFace","replyDepth":0,"type":"image","sCharacter":{"no":"custom-250916-011901","index":"custom-250916-011901"}},{"content":"是啊，尤其是在钻机周围是最热的，根本没人敢在那附近待上超过三秒钟","replyDepth":0,"type":"chat","sCharacter":{"no":"custom-250916-011829","index":"custom-250916-011829"},"file":""},{"content":"就好像...这股热浪有自己的意识到处游荡似的...","replyDepth":0,"type":"chat","sCharacter":{"no":"custom-250916-011829","index":"custom-250916-011829"},"isFirst":false,"name":"","isLeft":true,"isCenter":false,"isRight":false,"is_breaking":false,"file":"","time":"","style":false},{"content":"哎哟，你可少看点那些山海经的玄幻小说吧","replyDepth":0,"type":"chat","sCharacter":{"no":"custom-250916-011901","index":"custom-250916-011901"},"file":""},{"content":"说不准只是这座岛的气候问题罢了，赶紧把人带回去，我可不想再被扣工资了","replyDepth":0,"type":"chat","sCharacter":{"no":"custom-250916-011901","index":"custom-250916-011901"},"isFirst":false,"name":"","isLeft":true,"isCenter":false,"isRight":false,"is_breaking":false,"file":"","time":"","style":false},{"content":"你前面自己说你已经没工资可以扣了啊，所以迟点也...","replyDepth":0,"type":"chat","sCharacter":{"no":"custom-250916-011829","index":"custom-250916-011829"},"file":""},{"content":"你给我闭嘴，我可真的不想付费上班啊！","replyDepth":0,"type":"chat","sCharacter":{"no":"custom-250916-011901","index":"custom-250916-011901"},"file":""},{"file":"GameData/BLDA/CharFace/Automata_PMC1/Idle_01.webp","content":"CharFace","replyDepth":0,"type":"image","sCharacter":{"no":"custom-250916-011901","index":"custom-250916-011901"}},{"content":"与此同时，其他学生来到主楼集合\n但大家把主楼都翻了个底朝天，也没能找到老师","replyDepth":0,"type":"info","sCharacter":{"no":"custom-250916-011901","index":"custom-250916-011901"},"file":""},{"content":"爱丽丝，没能发现老师的踪迹！","replyDepth":0,"type":"chat","sCharacter":{"no":"天童爱丽丝","index":"CH0200_BG"},"file":""}],"MoeTalk":"4-12"}