{"二律背反的盟约":{"school":"尘白禁区","club":"NPC","head":"boss208_01","name":{"zh_cn":"","zh_tw":"","jp":"","en":"","kr":"","pinyin":"erlvbeifandemengyue"}},"仓尧":{"school":"尘白禁区","club":"NPC","head":"npc024","name":{"zh_cn":"","zh_tw":"","jp":"","en":"","kr":"","pinyin":"cangyao"}},"伊普西龙":{"school":"尘白禁区","club":"NPC","head":"npc036","name":{"zh_cn":"","zh_tw":"","jp":"","en":"","kr":"","pinyin":"yipuxilong"}},"凯郭尔":{"school":"尘白禁区","club":"NPC","head":"npc016","name":{"zh_cn":"","zh_tw":"","jp":"","en":"","kr":"","pinyin":"kaiguoer"}},"加文":{"school":"尘白禁区","club":"NPC","head":"boss102","name":{"zh_cn":"","zh_tw":"","jp":"","en":"","kr":"","pinyin":"jiawen"}},"卡罗琳":{"school":"尘白禁区","club":"NPC","head":"npc002,20240125195115_CUS,20240507215442_CUS","name":{"zh_cn":"","zh_tw":"","jp":"","en":"","kr":"","pinyin":"kaluolin"}},"叶":{"school":"尘白禁区","club":"NPC","head":"npc004","name":{"zh_cn":"","zh_tw":"","jp":"","en":"","kr":"","pinyin":"ye"}},"埃达":{"school":"尘白禁区","club":"NPC","head":"npc001,npc028,20240402232930_CUS","name":{"zh_cn":"","zh_tw":"","jp":"","en":"","kr":"","pinyin":"aida"}},"奥尔洛娃公爵":{"school":"尘白禁区","club":"NPC","head":"npc048","name":{"zh_cn":"","zh_tw":"","jp":"","en":"","kr":"","pinyin":"aoerluowagongjue"}},"威尔":{"school":"尘白禁区","club":"NPC","head":"npc040","name":{"zh_cn":"","zh_tw":"","jp":"","en":"","kr":"","pinyin":"weier"}},"安提":{"school":"尘白禁区","club":"NPC","head":"npc047","name":{"zh_cn":"","zh_tw":"","jp":"","en":"","kr":"","pinyin":"anti"}},"德尔塔":{"school":"尘白禁区","club":"NPC","head":"npc038,npc038_01","name":{"zh_cn":"","zh_tw":"","jp":"","en":"","kr":"","pinyin":"deerta"}},"恒沙":{"school":"尘白禁区","club":"NPC","head":"npc064","name":{"zh_cn":"","zh_tw":"","jp":"","en":"","kr":"","pinyin":"hengsha"}},"望":{"school":"尘白禁区","club":"NPC","head":"npc062","name":{"zh_cn":"","zh_tw":"","jp":"","en":"","kr":"","pinyin":"wang"}},"李秋雪":{"school":"尘白禁区","club":"NPC","head":"npc013","name":{"zh_cn":"","zh_tw":"","jp":"","en":"","kr":"","pinyin":"liqiuxue"}},"欧米茄":{"school":"尘白禁区","club":"NPC","head":"npc034","name":{"zh_cn":"","zh_tw":"","jp":"","en":"","kr":"","pinyin":"oumiqie"}},"派":{"school":"尘白禁区","club":"NPC","head":"npc037","name":{"zh_cn":"","zh_tw":"","jp":"","en":"","kr":"","pinyin":"pai"}},"爱思特":{"school":"尘白禁区","club":"NPC","head":"npc011","name":{"zh_cn":"","zh_tw":"","jp":"","en":"","kr":"","pinyin":"aisite"}},"玄铠":{"school":"尘白禁区","club":"NPC","head":"npc031","name":{"zh_cn":"","zh_tw":"","jp":"","en":"","kr":"","pinyin":"xuankai"}},"真神室女":{"school":"尘白禁区","club":"NPC","head":"npc071","name":{"zh_cn":"","zh_tw":"","jp":"","en":"","kr":"","pinyin":"zhenshenshinv"}},"石竹":{"school":"尘白禁区","club":"NPC","head":"npc053","name":{"zh_cn":"","zh_tw":"","jp":"","en":"","kr":"","pinyin":"shizhu"}},"米尔伍德":{"school":"尘白禁区","club":"NPC","head":"npc054","name":{"zh_cn":"","zh_tw":"","jp":"","en":"","kr":"","pinyin":"mierwude"}},"米拉":{"school":"尘白禁区","club":"NPC","head":"npc096","name":{"zh_cn":"","zh_tw":"","jp":"","en":"","kr":"","pinyin":"mila"}},"约瑟夫":{"school":"尘白禁区","club":"NPC","head":"npc051","name":{"zh_cn":"","zh_tw":"","jp":"","en":"","kr":"","pinyin":"yuesefu"}},"罗赞":{"school":"尘白禁区","club":"NPC","head":"npc069,npc069_2","name":{"zh_cn":"","zh_tw":"","jp":"","en":"","kr":"","pinyin":"luozan"}},"肯特博士":{"school":"尘白禁区","club":"NPC","head":"npc029,npc029_02","name":{"zh_cn":"","zh_tw":"","jp":"","en":"","kr":"","pinyin":"kenteboshi"}},"舍塔":{"school":"尘白禁区","club":"NPC","head":"npc035,npc035_01","name":{"zh_cn":"","zh_tw":"","jp":"","en":"","kr":"","pinyin":"sheta"}},"苏菲":{"school":"尘白禁区","club":"NPC","head":"npc010","name":{"zh_cn":"","zh_tw":"","jp":"","en":"","kr":"","pinyin":"sufei"}},"莫罕达斯":{"school":"尘白禁区","club":"NPC","head":"npc063","name":{"zh_cn":"","zh_tw":"","jp":"","en":"","kr":"","pinyin":"mohandasi"}},"萨特":{"school":"尘白禁区","club":"NPC","head":"boss103","name":{"zh_cn":"","zh_tw":"","jp":"","en":"","kr":"","pinyin":"sate"}},"贝翠斯":{"school":"尘白禁区","club":"NPC","head":"npc012,20240405222159_CUS","name":{"zh_cn":"","zh_tw":"","jp":"","en":"","kr":"","pinyin":"beicuisi"}},"赭豪":{"school":"尘白禁区","club":"NPC","head":"npc030","name":{"zh_cn":"","zh_tw":"","jp":"","en":"","kr":"","pinyin":"zhehao"}},"迪特里希":{"school":"尘白禁区","club":"NPC","head":"npc007","name":{"zh_cn":"","zh_tw":"","jp":"","en":"","kr":"","pinyin":"ditelixi"}},"金琅":{"school":"尘白禁区","club":"NPC","head":"npc032","name":{"zh_cn":"","zh_tw":"","jp":"","en":"","kr":"","pinyin":"jinlang"}},"金雅妍":{"school":"尘白禁区","club":"NPC","head":"npc070","name":{"zh_cn":"","zh_tw":"","jp":"","en":"","kr":"","pinyin":"jinyayan"}},"阿德里安上将":{"school":"尘白禁区","club":"NPC","head":"npc049","name":{"zh_cn":"","zh_tw":"","jp":"","en":"","kr":"","pinyin":"adelianshangjiang"}},"陶":{"school":"尘白禁区","club":"天启者","head":"npc003,20240125194933_CUS,20240507215415_CUS","name":{"zh_cn":"","zh_tw":"","jp":"","en":"","kr":"","pinyin":"tao"}},"鸣濑政":{"school":"尘白禁区","club":"NPC","head":"npc039","name":{"zh_cn":"","zh_tw":"","jp":"","en":"","kr":"","pinyin":"minglaizheng"}},"？？？":{"school":"尘白禁区","club":"NPC","head":"20240315213821_CUS","name":{"zh_cn":"","zh_tw":"","jp":"","en":"","kr":"","pinyin":"???"}},"伊切尔":{"school":"尘白禁区","club":"天启者","head":"girl016,girl016_01,girl016_02_gacha,girl016_03,girl016_04_gacha,girl016_gacha,20240304205301_CUS,20240507214500_CUS,20240507231857_CUS","name":{"zh_cn":"","zh_tw":"","jp":"","en":"","kr":"","pinyin":"yiqieer"}},"克罗瑞娜":{"school":"尘白禁区","club":"天启者","head":"girl022,girl022_01,girl022_02_gacha,girl022_gacha","name":{"zh_cn":"","zh_tw":"","jp":"","en":"","kr":"","pinyin":"keluoruina"}},"凯茜娅":{"school":"尘白禁区","club":"天启者","head":"girl015,girl015a,girl015a_02,girl015a_02_gacha,girl015a_04_gacha,girl015a_gacha,girl015b,girl015b_02_gacha,girl015b_gacha,girl015_01,girl015_02_gacha,girl015_04_gacha,girl015_gacha,mon505,20240125195103_CUS,20240507214351_CUS,20240507232208_0_CUS","name":{"zh_cn":"","zh_tw":"","jp":"","en":"","kr":"","pinyin":"kaiqianya"}},"卜卜":{"school":"尘白禁区","club":"天启者","head":"girl020,girl020_01,girl020_02_gacha,girl020_03_gacha,girl020_gacha","name":{"zh_cn":"","zh_tw":"","jp":"","en":"","kr":"","pinyin":"bubu"}},"奈莉德":{"school":"尘白禁区","club":"天启者","head":"girl021,girl021_01,girl021_02_gacha,girl021_gacha","name":{"zh_cn":"","zh_tw":"","jp":"","en":"","kr":"","pinyin":"nailide"}},"妮塔":{"school":"尘白禁区","club":"天启者","head":"girl003,girl003a,girl003a_02_gacha,girl003a_03_gacha,girl003a_gacha,girl003_01,20240125195018_CUS,20240507214030_CUS,20240507232131_0_CUS","name":{"zh_cn":"","zh_tw":"","jp":"","en":"","kr":"","pinyin":"nita"}},"安卡希雅":{"school":"尘白禁区","club":"天启者","head":"girl001,girl001a,girl001a_03_gacha,girl001a_gacha,girl001_01,girl001_02,20240125194758_CUS,20240507213629_CUS,20240507231942_0_CUS","name":{"zh_cn":"","zh_tw":"","jp":"","en":"","kr":"","pinyin":"ankaxiya"}},"恩雅":{"school":"尘白禁区","club":"天启者","head":"girl011,girl011a,girl011a_02_gacha,girl011a_03,girl011a_03_gacha,girl011a_gacha,girl011b,girl011b_02_gacha,girl011b_03_gacha,girl011b_gacha,girl011_01,girl011_02,girl011_02_gacha,20240125195138_CUS,20240507213943_CUS,20240507231932_0_CUS","name":{"zh_cn":"","zh_tw":"","jp":"","en":"","kr":"","pinyin":"enya"}},"猫汐尔":{"school":"尘白禁区","club":"天启者","head":"girl012,girl012a,girl012a_02,girl012a_02_gacha,girl012a_gachastand,girl012_01,20240125195049_CUS,20240507214128_CUS,20240507232057_0_CUS","name":{"zh_cn":"","zh_tw":"","jp":"","en":"","kr":"","pinyin":"maoxier"}},"琴诺":{"school":"尘白禁区","club":"天启者","head":"girl007,girl007a,girl007a_02_gacha,girl007a_03,girl007a_04,girl007a_05_gacha,girl007a_gacha,girl007_01,girl007_02,20240125195034_CUS,20240227075850_CUS,20240507212709_CUS,20240507214534_CUS,20240507231843_CUS","name":{"zh_cn":"","zh_tw":"","jp":"","en":"","kr":"","pinyin":"qinnuo"}},"瑟瑞斯":{"school":"尘白禁区","club":"天启者","head":"girl013,girl013a,girl013a_02,girl013a_04_gacha,girl013a_gacha,girl013_01,girl013_02,20240125194833_CUS,20240507214434_CUS,20240507231715_0_CUS","name":{"zh_cn":"","zh_tw":"","jp":"","en":"","kr":"","pinyin":"seruisi"}},"肴":{"school":"尘白禁区","club":"天启者","head":"girl010,girl010a,girl010a_03_gacha,girl010a_04_gacha,girl010a_gacha,girl010b,girl010b_02_gacha_01,girl010b_03_gacha,girl010b_gacha,girl010_01,20240403193151_CUS,20240507214057_CUS,20240507232117_0_CUS","name":{"zh_cn":"","zh_tw":"","jp":"","en":"","kr":"","pinyin":"yao"}},"芙提雅":{"school":"尘白禁区","club":"天启者","head":"girl004,girl004a,girl004a_02_gacha,girl004a_03_gacha,girl004a_gacha,girl004b,girl004b_02,girl004b_04_gacha,girl004b_gacha,girl004_01,girl004_02,20240125195156_CUS,20240507213732_CUS,20240507232013_CUS","name":{"zh_cn":"","zh_tw":"","jp":"","en":"","kr":"","pinyin":"futiya"}},"芬妮":{"school":"尘白禁区","club":"天启者","head":"girl008,girl008a,girl008a_01_q,girl008a_03_gacha,girl008a_04_gacha,girl008a_gacha,girl008b,girl008b_02,girl008b_03_gacha,girl008b_gacha,girl008_01,girl008_02,20240125194744_CUS,20240507213600_CUS,20240507231818_CUS","name":{"zh_cn":"","zh_tw":"","jp":"","en":"","kr":"","pinyin":"fenni"}},"苔丝":{"school":"尘白禁区","club":"天启者","head":"girl017,girl017a,girl017a_02_gacha,girl017a_gacha,girl017_01,girl017_02_gacha,girl017_03,girl017_gacha,20240125194950_CUS,20240506223619_0_CUS,20240506223619_1_CUS,20240506223619_2_CUS,20240506223619_CUS,20240507214250_CUS,20240507231832_0_CUS","name":{"zh_cn":"","zh_tw":"","jp":"","en":"","kr":"","pinyin":"taisi"}},"茉莉安":{"school":"尘白禁区","club":"天启者","head":"girl005,girl005a,girl005a_01_q,girl005a_03_gacha,girl005a_gacha,girl005b,girl005b_02,girl005b_02_gacha,girl005b_03,girl005b_gacha,girl005_01,20240125195005_CUS,20240507214005_CUS,20240507232157_0_CUS","name":{"zh_cn":"","zh_tw":"","jp":"","en":"","kr":"","pinyin":"molian"}},"莫尔索":{"school":"尘白禁区","club":"天启者","head":"girl007,girl007a,girl007a_02_gacha,girl007a_03,girl007a_04,girl007a_gacha,girl007_01,girl007_02,20240125195034_CUS,20240227075850_CUS,20240507212709_CUS,20240507214534_CUS,20240507231843_CUS","name":{"zh_cn":"","zh_tw":"","jp":"","en":"","kr":"","pinyin":"moersuo"}},"辰星":{"school":"尘白禁区","club":"天启者","head":"girl014,girl014a,girl014a_03,girl014a_03_gacha,girl014a_04_gacha,girl014a_gacha,girl014b,girl014b_02_gacha,girl014b_03_gacha,girl014b_gacha,girl014_01,20240125195421_CUS,20240507214215_CUS,20240507232036_0_CUS","name":{"zh_cn":"","zh_tw":"","jp":"","en":"","kr":"","pinyin":"chenxing"}},"里芙":{"school":"尘白禁区","club":"天启者","head":"girl002,girl002a,girl002a_01_q,girl002a_02,girl002a_02_gacha,girl002a_03_gacha,girl002a_gacha,girl002b,girl002b_02_gacha,girl002b_gacha,girl002_01,20240125194722_CUS,20240507213507_CUS,20240507231547_CUS","name":{"zh_cn":"","zh_tw":"","jp":"","en":"","kr":"","pinyin":"lifu"}},"鸣濑晴":{"school":"尘白禁区","club":"天启者","head":"girl006,girl006a,girl006a_02_gacha,girl006a_gacha,girl006_01,20240507213657_CUS,20240507231917_CUS","name":{"zh_cn":"","zh_tw":"","jp":"","en":"","kr":"","pinyin":"minglaiqing"}},"龙舌兰":{"school":"尘白禁区","club":"天启者","head":"girl018,girl018a,girl018a_02_gacha,girl018a_gacha,girl018_01,girl018_02_gacha,girl018_03_gacha,girl018_gacha,npc065","name":{"zh_cn":"薇蒂雅","zh_tw":"","jp":"","en":"","kr":"","pinyin":"longshelan"}},"分析员":{"school":"尘白禁区","club":"玩家","head":"npc405_01_q,pic_dlc30newstar,20240125194638_CUS,20240506223717_CUS","name":{"zh_cn":"","zh_tw":"","jp":"","en":"","kr":"","pinyin":"fenxiyuan"}},"mon110":{"school":"尘白禁区","club":"龙套(需手动命名)","head":"mon110","name":{"zh_cn":"","zh_tw":"","jp":"","en":"","kr":"","pinyin":"mon110"}},"npc005":{"school":"尘白禁区","club":"龙套(需手动命名)","head":"npc005","name":{"zh_cn":"","zh_tw":"","jp":"","en":"","kr":"","pinyin":"npc005"}},"npc006":{"school":"尘白禁区","club":"龙套(需手动命名)","head":"npc006","name":{"zh_cn":"","zh_tw":"","jp":"","en":"","kr":"","pinyin":"npc006"}},"npc008":{"school":"尘白禁区","club":"龙套(需手动命名)","head":"npc008","name":{"zh_cn":"","zh_tw":"","jp":"","en":"","kr":"","pinyin":"npc008"}},"npc009":{"school":"尘白禁区","club":"龙套(需手动命名)","head":"npc009","name":{"zh_cn":"","zh_tw":"","jp":"","en":"","kr":"","pinyin":"npc009"}},"npc015":{"school":"尘白禁区","club":"龙套(需手动命名)","head":"npc015","name":{"zh_cn":"","zh_tw":"","jp":"","en":"","kr":"","pinyin":"npc015"}},"npc017":{"school":"尘白禁区","club":"龙套(需手动命名)","head":"npc017","name":{"zh_cn":"","zh_tw":"","jp":"","en":"","kr":"","pinyin":"npc017"}},"npc018":{"school":"尘白禁区","club":"龙套(需手动命名)","head":"npc018","name":{"zh_cn":"","zh_tw":"","jp":"","en":"","kr":"","pinyin":"npc018"}},"npc019":{"school":"尘白禁区","club":"龙套(需手动命名)","head":"npc019","name":{"zh_cn":"","zh_tw":"","jp":"","en":"","kr":"","pinyin":"npc019"}},"npc020":{"school":"尘白禁区","club":"龙套(需手动命名)","head":"npc020","name":{"zh_cn":"","zh_tw":"","jp":"","en":"","kr":"","pinyin":"npc020"}},"npc021":{"school":"尘白禁区","club":"龙套(需手动命名)","head":"npc021","name":{"zh_cn":"","zh_tw":"","jp":"","en":"","kr":"","pinyin":"npc021"}},"npc022":{"school":"尘白禁区","club":"龙套(需手动命名)","head":"npc022","name":{"zh_cn":"","zh_tw":"","jp":"","en":"","kr":"","pinyin":"npc022"}},"npc023":{"school":"尘白禁区","club":"龙套(需手动命名)","head":"npc023","name":{"zh_cn":"","zh_tw":"","jp":"","en":"","kr":"","pinyin":"npc023"}},"npc024":{"school":"尘白禁区","club":"龙套(需手动命名)","head":"npc024","name":{"zh_cn":"","zh_tw":"","jp":"","en":"","kr":"","pinyin":"npc024"}},"npc025":{"school":"尘白禁区","club":"龙套(需手动命名)","head":"npc025","name":{"zh_cn":"","zh_tw":"","jp":"","en":"","kr":"","pinyin":"npc025"}},"npc026":{"school":"尘白禁区","club":"龙套(需手动命名)","head":"npc026","name":{"zh_cn":"","zh_tw":"","jp":"","en":"","kr":"","pinyin":"npc026"}},"npc027":{"school":"尘白禁区","club":"龙套(需手动命名)","head":"npc027","name":{"zh_cn":"","zh_tw":"","jp":"","en":"","kr":"","pinyin":"npc027"}},"npc030":{"school":"尘白禁区","club":"龙套(需手动命名)","head":"npc030","name":{"zh_cn":"","zh_tw":"","jp":"","en":"","kr":"","pinyin":"npc030"}},"npc031":{"school":"尘白禁区","club":"龙套(需手动命名)","head":"npc031","name":{"zh_cn":"","zh_tw":"","jp":"","en":"","kr":"","pinyin":"npc031"}},"npc033":{"school":"尘白禁区","club":"龙套(需手动命名)","head":"npc033","name":{"zh_cn":"","zh_tw":"","jp":"","en":"","kr":"","pinyin":"npc033"}},"npc041":{"school":"尘白禁区","club":"龙套(需手动命名)","head":"npc041","name":{"zh_cn":"","zh_tw":"","jp":"","en":"","kr":"","pinyin":"npc041"}},"npc042":{"school":"尘白禁区","club":"龙套(需手动命名)","head":"npc042","name":{"zh_cn":"","zh_tw":"","jp":"","en":"","kr":"","pinyin":"npc042"}},"npc043":{"school":"尘白禁区","club":"龙套(需手动命名)","head":"npc043","name":{"zh_cn":"","zh_tw":"","jp":"","en":"","kr":"","pinyin":"npc043"}},"npc044":{"school":"尘白禁区","club":"龙套(需手动命名)","head":"npc044","name":{"zh_cn":"","zh_tw":"","jp":"","en":"","kr":"","pinyin":"npc044"}},"npc045":{"school":"尘白禁区","club":"龙套(需手动命名)","head":"npc045","name":{"zh_cn":"","zh_tw":"","jp":"","en":"","kr":"","pinyin":"npc045"}},"npc046":{"school":"尘白禁区","club":"龙套(需手动命名)","head":"npc046","name":{"zh_cn":"","zh_tw":"","jp":"","en":"","kr":"","pinyin":"npc046"}},"npc052":{"school":"尘白禁区","club":"龙套(需手动命名)","head":"npc052","name":{"zh_cn":"","zh_tw":"","jp":"","en":"","kr":"","pinyin":"npc052"}},"npc055":{"school":"尘白禁区","club":"龙套(需手动命名)","head":"npc055","name":{"zh_cn":"","zh_tw":"","jp":"","en":"","kr":"","pinyin":"npc055"}},"npc056":{"school":"尘白禁区","club":"龙套(需手动命名)","head":"npc056","name":{"zh_cn":"","zh_tw":"","jp":"","en":"","kr":"","pinyin":"npc056"}},"npc057":{"school":"尘白禁区","club":"龙套(需手动命名)","head":"npc057","name":{"zh_cn":"","zh_tw":"","jp":"","en":"","kr":"","pinyin":"npc057"}},"npc058":{"school":"尘白禁区","club":"龙套(需手动命名)","head":"npc058","name":{"zh_cn":"","zh_tw":"","jp":"","en":"","kr":"","pinyin":"npc058"}},"npc059":{"school":"尘白禁区","club":"龙套(需手动命名)","head":"npc059","name":{"zh_cn":"","zh_tw":"","jp":"","en":"","kr":"","pinyin":"npc059"}},"npc060":{"school":"尘白禁区","club":"龙套(需手动命名)","head":"npc060","name":{"zh_cn":"","zh_tw":"","jp":"","en":"","kr":"","pinyin":"npc060"}},"npc061":{"school":"尘白禁区","club":"龙套(需手动命名)","head":"npc061","name":{"zh_cn":"","zh_tw":"","jp":"","en":"","kr":"","pinyin":"npc061"}},"npc067":{"school":"尘白禁区","club":"龙套(需手动命名)","head":"npc067","name":{"zh_cn":"","zh_tw":"","jp":"","en":"","kr":"","pinyin":"npc067"}},"npc068":{"school":"尘白禁区","club":"龙套(需手动命名)","head":"npc068","name":{"zh_cn":"","zh_tw":"","jp":"","en":"","kr":"","pinyin":"npc068"}},"npc072":{"school":"尘白禁区","club":"龙套(需手动命名)","head":"npc072","name":{"zh_cn":"","zh_tw":"","jp":"","en":"","kr":"","pinyin":"npc072"}},"npc073":{"school":"尘白禁区","club":"龙套(需手动命名)","head":"npc073","name":{"zh_cn":"","zh_tw":"","jp":"","en":"","kr":"","pinyin":"npc073"}},"npc074":{"school":"尘白禁区","club":"龙套(需手动命名)","head":"npc074","name":{"zh_cn":"","zh_tw":"","jp":"","en":"","kr":"","pinyin":"npc074"}},"npc075":{"school":"尘白禁区","club":"龙套(需手动命名)","head":"npc075","name":{"zh_cn":"","zh_tw":"","jp":"","en":"","kr":"","pinyin":"npc075"}},"npc076":{"school":"尘白禁区","club":"龙套(需手动命名)","head":"npc076","name":{"zh_cn":"","zh_tw":"","jp":"","en":"","kr":"","pinyin":"npc076"}},"npc077":{"school":"尘白禁区","club":"龙套(需手动命名)","head":"npc077","name":{"zh_cn":"","zh_tw":"","jp":"","en":"","kr":"","pinyin":"npc077"}},"npc078":{"school":"尘白禁区","club":"龙套(需手动命名)","head":"npc078","name":{"zh_cn":"","zh_tw":"","jp":"","en":"","kr":"","pinyin":"npc078"}},"npc079":{"school":"尘白禁区","club":"龙套(需手动命名)","head":"npc079","name":{"zh_cn":"","zh_tw":"","jp":"","en":"","kr":"","pinyin":"npc079"}},"npc081":{"school":"尘白禁区","club":"龙套(需手动命名)","head":"npc081","name":{"zh_cn":"","zh_tw":"","jp":"","en":"","kr":"","pinyin":"npc081"}},"npc082":{"school":"尘白禁区","club":"龙套(需手动命名)","head":"npc082","name":{"zh_cn":"","zh_tw":"","jp":"","en":"","kr":"","pinyin":"npc082"}},"npc083":{"school":"尘白禁区","club":"龙套(需手动命名)","head":"npc083","name":{"zh_cn":"","zh_tw":"","jp":"","en":"","kr":"","pinyin":"npc083"}},"npc084":{"school":"尘白禁区","club":"龙套(需手动命名)","head":"npc084","name":{"zh_cn":"","zh_tw":"","jp":"","en":"","kr":"","pinyin":"npc084"}},"npc085":{"school":"尘白禁区","club":"龙套(需手动命名)","head":"npc085","name":{"zh_cn":"","zh_tw":"","jp":"","en":"","kr":"","pinyin":"npc085"}},"npc086":{"school":"尘白禁区","club":"龙套(需手动命名)","head":"npc086","name":{"zh_cn":"","zh_tw":"","jp":"","en":"","kr":"","pinyin":"npc086"}},"npc087":{"school":"尘白禁区","club":"龙套(需手动命名)","head":"npc087","name":{"zh_cn":"","zh_tw":"","jp":"","en":"","kr":"","pinyin":"npc087"}},"npc088":{"school":"尘白禁区","club":"龙套(需手动命名)","head":"npc088","name":{"zh_cn":"","zh_tw":"","jp":"","en":"","kr":"","pinyin":"npc088"}},"npc089":{"school":"尘白禁区","club":"龙套(需手动命名)","head":"npc089","name":{"zh_cn":"","zh_tw":"","jp":"","en":"","kr":"","pinyin":"npc089"}},"npc090":{"school":"尘白禁区","club":"龙套(需手动命名)","head":"npc090","name":{"zh_cn":"","zh_tw":"","jp":"","en":"","kr":"","pinyin":"npc090"}},"npc091":{"school":"尘白禁区","club":"龙套(需手动命名)","head":"npc091","name":{"zh_cn":"","zh_tw":"","jp":"","en":"","kr":"","pinyin":"npc091"}},"npc092":{"school":"尘白禁区","club":"龙套(需手动命名)","head":"npc092","name":{"zh_cn":"","zh_tw":"","jp":"","en":"","kr":"","pinyin":"npc092"}},"npc093":{"school":"尘白禁区","club":"龙套(需手动命名)","head":"npc093","name":{"zh_cn":"","zh_tw":"","jp":"","en":"","kr":"","pinyin":"npc093"}},"npc094":{"school":"尘白禁区","club":"龙套(需手动命名)","head":"npc094","name":{"zh_cn":"","zh_tw":"","jp":"","en":"","kr":"","pinyin":"npc094"}},"npc095":{"school":"尘白禁区","club":"龙套(需手动命名)","head":"npc095","name":{"zh_cn":"","zh_tw":"","jp":"","en":"","kr":"","pinyin":"npc095"}},"npc097":{"school":"尘白禁区","club":"龙套(需手动命名)","head":"npc097","name":{"zh_cn":"","zh_tw":"","jp":"","en":"","kr":"","pinyin":"npc097"}}}