{"CHAT":[{"content":"几天之后，黄昏，海岛的沙滩上","replyDepth":0,"type":"info","sCharacter":{"no":"歌住樱子","index":"NP0090_BG"}},{"content":"远远就望见忧，正靠在一个沙滩椅上看书\n走过去坐在了忧的身边","replyDepth":0,"type":"info","sCharacter":{"no":"古关忧","index":"CH0204_BG"}},{"content":"哈喽忧酱","replyDepth":0,"type":"chat","sCharacter":{"no":0,"index":"1"}},{"content":"怎么样，在看书吗","replyDepth":0,"type":"chat","sCharacter":{"no":0,"index":"1"}},{"content":"啊....是老师","replyDepth":0,"type":"chat","sCharacter":{"no":"古关忧","index":"CH0204_BG"}},{"file":"GameData/BLDA/CharFace/CH0204/3.webp","content":"CharFace","replyDepth":0,"type":"image","sCharacter":{"no":"古关忧","index":"CH0204_BG"}},{"content":"忧合上了书，关上了一旁的小台灯","replyDepth":0,"type":"info","sCharacter":{"no":"古关忧","index":"CH0204_BG"}},{"content":"这孩子....是关于一些修女会历史的记录....","replyDepth":0,"type":"chat","sCharacter":{"no":"古关忧","index":"CH0204_BG"}},{"content":"没想到我居然被修女会委派来协助海岛的修复工作....还主动分享这些秘密的典籍....明明之前还拿我私下复制典籍的事情要挟我....","replyDepth":0,"type":"chat","sCharacter":{"no":"古关忧","index":"CH0204_BG"}},{"content":"嘛...就是樱子她们应该最近要有的忙了....","replyDepth":0,"type":"chat","sCharacter":{"no":"古关忧","index":"CH0204_BG"}},{"content":"我听说忧现在就呆在海岛的驻地上","replyDepth":0,"type":"chat","sCharacter":{"no":0,"index":"1"}},{"content":"这几天在岛上待的怎么样嘛","replyDepth":0,"type":"chat","sCharacter":{"no":0,"index":"1"}},{"content":"唔....感觉从来没离开古书馆那么久过...","replyDepth":0,"type":"chat","sCharacter":{"no":"古关忧","index":"CH0204_BG"}},{"file":"GameData/BLDA/CharFace/CH0204/6.webp","content":"CharFace","replyDepth":0,"type":"image","sCharacter":{"no":"古关忧","index":"CH0204_BG"}},{"content":"毕竟空调还没修好...加上这里....确实蛮舒服的....","replyDepth":0,"type":"chat","sCharacter":{"no":"古关忧","index":"CH0204_BG"}},{"content":"忧靠在了我的背上，辫子的长发散落在我的肩膀上，轻微挠动着手臂","replyDepth":0,"type":"info","sCharacter":{"no":"古关忧","index":"CH0204_BG"}},{"file":"GameData/BLDA/CharFace/CFID_6/CharID_112-167/180.webp","content":"CharFace","replyDepth":0,"type":"image","sCharacter":{"no":"古关忧","index":"CH0204_BG"}},{"content":"本来只是想消暑而已...","replyDepth":0,"type":"chat","sCharacter":{"no":"古关忧","index":"CH0204_BG"}},{"content":"没想到现在还要去亲自监督文物修复工作....","replyDepth":0,"type":"chat","sCharacter":{"no":"古关忧","index":"CH0204_BG"}},{"content":"放心，我们上岛的事情，修女会并不知道...目前只是我和老师的秘密...","replyDepth":0,"type":"chat","sCharacter":{"no":"古关忧","index":"CH0204_BG"}},{"file":"GameData/BLDA/CharFace/CFID_6/CharID_112-167/5.webp","content":"CharFace","replyDepth":0,"type":"image","sCharacter":{"no":"古关忧","index":"CH0204_BG"}},{"content":"不过....果然，只要和老师待在一起，就会有源源不断的外面的事情呢...","replyDepth":0,"type":"chat","sCharacter":{"no":"古关忧","index":"CH0204_BG"}},{"content":"毕竟，我也是个麻烦的老师呢","replyDepth":0,"type":"chat","sCharacter":{"no":0,"index":"1"}},{"content":"两人搭在椅子上的手逐渐重合","replyDepth":0,"type":"info","sCharacter":{"no":0,"index":"1"}},{"content":"老师....还记得之前....我没发出去的消息吗","replyDepth":0,"type":"chat","sCharacter":{"no":"古关忧","index":"CH0204_BG"}},{"content":"现在，岛上已经有信号了哦...","replyDepth":0,"type":"chat","sCharacter":{"no":"古关忧","index":"CH0204_BG"}},{"content":"翻开手机，确实有一条未读","replyDepth":0,"type":"info","sCharacter":{"no":"古关忧","index":"CH0204_BG"}},{"file":"GameData/BLDA/CharFace/CFID_6/CharID_112-167/22.webp","content":"CharFace","replyDepth":0,"type":"image","sCharacter":{"no":"古关忧","index":"CH0204_BG"}},{"content":"有些昏黄的海岸边，手机的微光照亮了老师的脸庞，也给少女暗藏心底的感情，轻轻打进一缕光束","replyDepth":0,"type":"info","sCharacter":{"no":"古关忧","index":"CH0204_BG"}},{"content":"忧酱是要回答吗","replyDepth":0,"type":"chat","sCharacter":{"no":0,"index":"1"}},{"content":"嗯，没错，我也...一样","replyDepth":0,"type":"chat","sCharacter":{"no":0,"index":"1"}},{"content":"所以，我们....","replyDepth":0,"type":"chat","sCharacter":{"no":0,"index":"1"}},{"content":"没事，听到这个...就足够了","replyDepth":0,"type":"chat","sCharacter":{"no":"古关忧","index":"CH0204_BG"}},{"file":"GameData/BLDA/CharFace/CFID_6/CharID_112-167/78.webp","content":"CharFace","replyDepth":0,"type":"image","sCharacter":{"no":"古关忧","index":"CH0204_BG"}},{"content":"之后的事....等我也变成了老师一样的大人...","replyDepth":0,"type":"chat","sCharacter":{"no":"古关忧","index":"CH0204_BG"}},{"content":"等那时候....","replyDepth":0,"type":"chat","sCharacter":{"no":"古关忧","index":"CH0204_BG"}},{"content":"忧酱不担心老师反悔吗","replyDepth":0,"type":"chat","sCharacter":{"no":0,"index":"1"}},{"content":"呋呋...怎么会呢....毕竟","replyDepth":0,"type":"chat","sCharacter":{"no":"古关忧","index":"CH0204_BG"}},{"file":"GameData/BLDA/CharFace/CFID_6/CharID_112-167/7.webp","content":"CharFace","replyDepth":0,"type":"image","sCharacter":{"no":"古关忧","index":"CH0204_BG"}},{"content":"忧扭过头来，贴近了我的耳边","replyDepth":0,"type":"info","sCharacter":{"no":"古关忧","index":"CH0204_BG"}},{"content":"我们现在...可是共犯哦.....","replyDepth":0,"type":"chat","sCharacter":{"no":"古关忧","index":"CH0204_BG"}},{"content":"（fin）","replyDepth":0,"type":"info","sCharacter":{"no":"古关忧","index":"CH0204_BG"}}],"MoeTalk":"2-12"}