{"CHAT":[{"content":"《与便利屋的夏日回忆》","replyDepth":0,"type":"info","sCharacter":{"no":0,"index":1}},{"content":"铁道旁的芦苇像光着脚的孩子在风中奔跑","replyDepth":0,"type":"info","sCharacter":{"no":"0","index":"1"},"isFirst":false,"name":"","isLeft":false,"isCenter":true,"isRight":false,"is_breaking":false,"file":"","time":"","style":false},{"content":"夜，则静得像一位雍容的贵妇","replyDepth":0,"type":"info","sCharacter":{"no":0,"index":1}},{"content":"哦，温柔的夜，请留下吧","replyDepth":0,"type":"info","sCharacter":{"no":0,"index":1}},{"content":"我想让我的爱人，在梦里多停留一会儿","replyDepth":0,"type":"info","sCharacter":{"no":0,"index":1}},{"content":"唔………","replyDepth":0,"type":"chat","sCharacter":{"no":"伊草遥香","index":"Haruka_BG"}},{"content":"嘿嘿……","replyDepth":0,"type":"chat","sCharacter":{"no":"伊草遥香","index":"Haruka_BG"}},{"content":"睡得真香啊…","replyDepth":0,"type":"chat","sCharacter":{"no":0,"index":1}},{"content":"这孩子","replyDepth":0,"type":"chat","sCharacter":{"no":0,"index":1}},{"content":"又做什么美梦了","replyDepth":0,"type":"chat","sCharacter":{"no":0,"index":1}},{"content":"我轻轻撩开她的刘海，掌心下的额头传来令人安心的温度","replyDepth":0,"type":"info","sCharacter":{"no":0,"index":1}},{"content":"均匀的呼吸声散入车厢里绵密的黑，与车轮碾过轨道的声音一起，构成和谐的混响","replyDepth":0,"type":"info","sCharacter":{"no":0,"index":1}},{"content":"远处，巨大的蓝色光环仍在夜空中闪耀","replyDepth":0,"type":"info","sCharacter":{"no":0,"index":1}},{"content":"随着蓝环的边沿在视线中不断靠近，这一趟返程的旅行，也就要到终点了","replyDepth":0,"type":"info","sCharacter":{"no":0,"index":1}},{"content":"我轻手轻脚地走出房间，在过道上随意找了个位置坐下","replyDepth":0,"type":"info","sCharacter":{"no":0,"index":1}},{"content":"唉…都辛苦了…","replyDepth":0,"type":"chat","sCharacter":{"no":0,"index":1}},{"content":"我看了看遥香隔壁的房间，便利屋的其他三人在那里熟睡着","replyDepth":0,"type":"info","sCharacter":{"no":"0","index":"1"},"isFirst":false,"name":"","isLeft":false,"isCenter":true,"isRight":false,"is_breaking":false,"file":"","time":"","style":false},{"content":"而将视线转向窗外，与铁道相对着的方向，一座隐匿在夜色里的小岛依稀可见","replyDepth":0,"type":"info","sCharacter":{"no":0,"index":1}},{"content":"那里，就是此次外勤的目的地","replyDepth":0,"type":"info","sCharacter":{"no":0,"index":1}},{"content":"也是承载了老师与学生们有关夏天的回忆的，一座无人开发的岛屿","replyDepth":0,"type":"info","sCharacter":{"no":0,"index":1}},{"content":"事情，还要从半个月前说起","replyDepth":0,"type":"chat","sCharacter":{"no":"0","index":"1"},"isFirst":false,"name":"","isLeft":true,"isCenter":false,"isRight":false,"is_breaking":false,"file":"","time":"","style":false}],"MoeTalk":"6-0"}