{"CHAT":[{"content":"嗯...放在那边吧，谢谢了...","replyDepth":0,"type":"chat","sCharacter":{"no":"明星日鞠","index":"CH0159_BG"},"file":""},{"content":"这次的战斗数据，想必也会是很精彩的呢","replyDepth":0,"type":"chat","sCharacter":{"no":"明星日鞠","index":"CH0159_BG"},"file":""},{"file":"GameData/BLDA/CharFace/CH0159/8.webp","content":"CharFace","replyDepth":0,"type":"image","sCharacter":{"no":"明星日鞠","index":"CH0159_BG"}},{"content":"而且，也离不开你的帮助哦，搭档","replyDepth":0,"type":"chat","sCharacter":{"no":"明星日鞠","index":"CH0159_BG"},"file":""},{"content":"就连我这位千年的超天才病弱美少女黑客，也要对你致以敬意呢","replyDepth":0,"type":"chat","sCharacter":{"no":"明星日鞠","index":"CH0159_BG"},"file":"","isFirst":false,"name":"","isLeft":true,"isCenter":false,"isRight":false,"is_breaking":false,"time":"","style":false},{"file":"GameData/BLDA/CharFace/CH0159/0.webp","content":"CharFace","replyDepth":0,"type":"image","sCharacter":{"no":"明星日鞠","index":"CH0159_BG"}},{"content":"呵呵，也非常感谢有你在一起，搭档","replyDepth":0,"type":"chat","sCharacter":{"no":"天雨亚子","index":"NP0019_BG"},"file":""},{"file":"GameData/BLDA/CharFace/ako/7.webp","content":"CharFace","replyDepth":0,"type":"image","sCharacter":{"no":"天雨亚子","index":"NP0019_BG"}},{"content":"那之后还有和联邦学生会的交接工作，就还要和您一起了","replyDepth":0,"type":"chat","sCharacter":{"no":"天雨亚子","index":"NP0019_BG"},"file":""},{"file":"GameData/BLDA/CharFace/CH0159/4.webp","content":"CharFace","replyDepth":0,"type":"image","sCharacter":{"no":"明星日鞠","index":"CH0159_BG"}},{"content":"那是自然~","replyDepth":0,"type":"chat","sCharacter":{"no":"明星日鞠","index":"CH0159_BG"},"file":""},{"content":"那...那个凯茜.帕鲁格的故事，您的孩子们有提到吗？","replyDepth":0,"type":"chat","sCharacter":{"no":"鬼方佳代子","index":"CH0086_BG"},"file":""},{"file":"GameData/BLDA/CharFace/CH0086/1.webp","content":"CharFace","replyDepth":0,"type":"image","sCharacter":{"no":"鬼方佳代子","index":"CH0086_BG"}},{"content":"我也想，听一听她的故事...","replyDepth":0,"type":"chat","sCharacter":{"no":"鬼方佳代子","index":"CH0086_BG"},"file":""},{"content":"这个...让我找一找...","replyDepth":0,"type":"chat","sCharacter":{"no":"古关忧","index":"CH0169_BG"},"file":""},{"content":"嗯...找到了，这个孩子会为我们讲述...","replyDepth":0,"type":"chat","sCharacter":{"no":"古关忧","index":"CH0169_BG"},"file":""},{"content":"（戴上眼镜）","replyDepth":0,"type":"chat","sCharacter":{"no":"古关忧","index":"CH0169_BG"},"file":""},{"file":"GameData/BLDA/CharFace/CH0169/23.webp","content":"CharFace","replyDepth":0,"type":"image","sCharacter":{"no":"古关忧","index":"CH0169_BG"}},{"content":"那么，且听这个孩子娓娓道来...","replyDepth":0,"type":"chat","sCharacter":{"no":"古关忧","index":"CH0169_BG"},"file":""},{"content":"相传，在很久很久以前...","replyDepth":0,"type":"chat","sCharacter":{"no":"古关忧","index":"CH0169_BG"},"file":""},{"content":"已确认，电力供应恢复正常","replyDepth":0,"type":"chat","sCharacter":{"no":"普拉娜","index":"NP0035_BG"},"file":""},{"content":"各设施，理论上可以运行","replyDepth":0,"type":"chat","sCharacter":{"no":"普拉娜","index":"NP0035_BG"},"file":""},{"file":"GameData/BLDA/CharFace/NP0035/3.webp","content":"CharFace","replyDepth":0,"type":"image","sCharacter":{"no":"普拉娜","index":"NP0035_BG"}},{"content":"老师，你怎么突然要恢复这里的电力供应呢？","replyDepth":0,"type":"chat","sCharacter":{"no":"早濑优香","index":"CH0184_BG"},"file":""},{"file":"GameData/BLDA/CharFace/CH0184/2.webp","content":"CharFace","replyDepth":0,"type":"image","sCharacter":{"no":"早濑优香","index":"CH0184_BG"}},{"content":"很简单...因为...","replyDepth":0,"type":"chat","sCharacter":{"no":0,"index":"1"},"file":""},{"content":"这里还有能玩的游乐设施啊！","replyDepth":0,"type":"chat","sCharacter":{"no":0,"index":"1"},"file":""},{"content":"啊，旋转木马，亮起来了！","replyDepth":0,"type":"chat","sCharacter":{"no":"天童爱丽丝","index":"CH0200_BG"},"file":""},{"content":"爱丽丝，要去骑第一匹马！","replyDepth":0,"type":"chat","sCharacter":{"no":"天童爱丽丝","index":"CH0200_BG"},"file":""},{"file":"GameData/BLDA/CharFace/CH0200/7.webp","content":"CharFace","replyDepth":0,"type":"image","sCharacter":{"no":"天童爱丽丝","index":"CH0200_BG"}},{"content":"优香大魔王，老师，快点一起做爱丽丝的伙伴吧！","replyDepth":0,"type":"chat","sCharacter":{"no":"天童爱丽丝","index":"CH0200_BG"},"isFirst":false,"name":"","isLeft":true,"isCenter":false,"isRight":false,"is_breaking":false,"file":"","time":"","style":false},{"content":"爱丽丝酱！真是的...","replyDepth":0,"type":"chat","sCharacter":{"no":"早濑优香","index":"CH0184_BG"},"file":""},{"file":"GameData/BLDA/CharFace/CH0184/6.webp","content":"CharFace","replyDepth":0,"type":"image","sCharacter":{"no":"早濑优香","index":"CH0184_BG"}},{"content":"好啦好啦，就当是等待的时候陪孩子玩一玩嘛...","replyDepth":0,"type":"chat","sCharacter":{"no":0,"index":"1"},"file":""},{"content":"（伸出手，等待对方的回应）","replyDepth":0,"type":"chat","sCharacter":{"no":0,"index":"1"},"file":""},{"content":"那...就，就这么陪你们...胡闹一次哦","replyDepth":0,"type":"chat","sCharacter":{"no":"早濑优香","index":"CH0184_BG"},"file":""},{"file":"GameData/BLDA/CharFace/CH0184/14.webp","content":"CharFace","replyDepth":0,"type":"image","sCharacter":{"no":"早濑优香","index":"CH0184_BG"}},{"content":"（把手搭了在对方的手上，一同坐上了小马后面的车）","replyDepth":0,"type":"chat","sCharacter":{"no":"早濑优香","index":"CH0184_BG"},"file":""},{"content":"随着旋转木马开始运作，灯光闪耀着转盘的每一处地方\n爱丽丝骑在前面的小马座椅上，手持着拖把，仿佛是在持剑一般\n我和优香，则并排坐在爱丽丝小马后面的马车座椅上","replyDepth":0,"type":"info","sCharacter":{"no":"早濑优香","index":"CH0184_BG"},"file":""},{"content":"哇——旋转木马，好好玩！","replyDepth":0,"type":"chat","sCharacter":{"no":"天童爱丽丝","index":"CH0200_BG"},"file":""},{"content":"女仆见习勇者爱丽丝，正在护送着传说中的大魔王优香...","replyDepth":0,"type":"chat","sCharacter":{"no":"天童爱丽丝","index":"CH0200_BG"},"file":""},{"file":"GameData/BLDA/CharFace/CH0200/5.webp","content":"CharFace","replyDepth":0,"type":"image","sCharacter":{"no":"天童爱丽丝","index":"CH0200_BG"}},{"content":"爱丽丝酱！","replyDepth":0,"type":"chat","sCharacter":{"no":"早濑优香","index":"CH0184_BG"},"file":""},{"file":"GameData/BLDA/CharFace/CH0184/6.webp","content":"CharFace","replyDepth":0,"type":"image","sCharacter":{"no":"早濑优香","index":"CH0184_BG"}},{"content":"还有属于大魔王的王子殿下！","replyDepth":0,"type":"chat","sCharacter":{"no":"天童爱丽丝","index":"CH0200_BG"},"file":""},{"file":"GameData/BLDA/CharFace/CH0200/7.webp","content":"CharFace","replyDepth":0,"type":"image","sCharacter":{"no":"天童爱丽丝","index":"CH0200_BG"}},{"content":"啊...这个...你这孩子，在说什么呢！","replyDepth":0,"type":"chat","sCharacter":{"no":"早濑优香","index":"CH0184_BG"},"file":""},{"file":"GameData/BLDA/CharFace/CH0184/12.webp","content":"CharFace","replyDepth":0,"type":"image","sCharacter":{"no":"早濑优香","index":"CH0184_BG"}},{"content":"我倒觉得爱丽丝说的对，不是吗，大魔王阁下？","replyDepth":0,"type":"chat","sCharacter":{"no":0,"index":"1"},"file":""},{"content":"重，重点才不是这个好吧！","replyDepth":0,"type":"chat","sCharacter":{"no":"早濑优香","index":"CH0184_BG"},"isFirst":false,"name":"","isLeft":true,"isCenter":false,"isRight":false,"is_breaking":false,"file":"","time":"","style":false},{"content":"那个...我...嘛，说就说，我承认了，我就是大魔王好了吧...！","replyDepth":0,"type":"chat","sCharacter":{"no":"早濑优香","index":"CH0184_BG"},"isFirst":false,"name":"","isLeft":true,"isCenter":false,"isRight":false,"is_breaking":false,"file":"","time":"","style":false},{"content":"是，大魔王阁下！","replyDepth":0,"type":"chat","sCharacter":{"no":0,"index":"1"},"file":""},{"content":"我会一直守护在你身边的！","replyDepth":0,"type":"chat","sCharacter":{"no":0,"index":"1"},"file":""},{"content":"啊这...那，就，就这么说好了哦","replyDepth":0,"type":"chat","sCharacter":{"no":"早濑优香","index":"CH0184_BG"},"file":""},{"file":"GameData/BLDA/CharFace/CH0184/14.webp","content":"CharFace","replyDepth":0,"type":"image","sCharacter":{"no":"早濑优香","index":"CH0184_BG"}},{"content":"不，不许反悔！","replyDepth":0,"type":"chat","sCharacter":{"no":"早濑优香","index":"CH0184_BG"},"file":""},{"content":"爱丽丝，感到很开心！","replyDepth":0,"type":"chat","sCharacter":{"no":"天童爱丽丝","index":"CH0200_BG"},"file":"","isFirst":false,"name":"","isLeft":true,"isCenter":false,"isRight":false,"is_breaking":false,"time":"","style":false},{"content":"这是爱丽丝，度过的最精彩的时光！嘻嘻...","replyDepth":0,"type":"chat","sCharacter":{"no":"天童爱丽丝","index":"CH0200_BG"},"file":""},{"file":"GameData/BLDA/CharFace/CH0200/7.webp","content":"CharFace","replyDepth":0,"type":"image","sCharacter":{"no":"天童爱丽丝","index":"CH0200_BG"}},{"content":"过了一段时间，熟悉的直升机可算是出现了","replyDepth":0,"type":"info","sCharacter":{"no":"天童爱丽丝","index":"CH0200_BG"},"file":""},{"content":"雷鸟1号已到达降落点附近，请确认降落区域周边的安全","replyDepth":0,"type":"chat","sCharacter":{"no":"custom-250917-184959","index":"custom-250917-184959"},"file":""},{"file":"GameData/BLDA/CharFace/Police_Valkyrie_SG/0.webp","content":"CharFace","replyDepth":0,"type":"image","sCharacter":{"no":"custom-250917-184959","index":"custom-250917-184959"},"isFirst":false,"name":"","isLeft":true,"isCenter":false,"isRight":false,"is_breaking":false,"time":"","style":false},{"content":"直升机在亚子和日鞠的指示下，缓缓降落\n大家也陆续开始登机...","replyDepth":0,"type":"info","sCharacter":{"no":"瓦尔基里学生","index":"Valkyrie_SG_BG"},"file":""},{"content":"确认所有人都登机完成...飞行员，准许你继续进行操作","replyDepth":0,"type":"chat","sCharacter":{"no":"天雨亚子","index":"NP0019_BG"},"isFirst":false,"name":"","isLeft":true,"isCenter":false,"isRight":false,"is_breaking":false,"file":"","time":"","style":false},{"file":"GameData/BLDA/CharFace/ako/0.webp","content":"CharFace","replyDepth":0,"type":"image","sCharacter":{"no":"天雨亚子","index":"NP0019_BG"}},{"content":"收到，撤离程序完成，雷鸟1号开始爬升！","replyDepth":0,"type":"chat","sCharacter":{"no":"custom-250917-184959","index":"custom-250917-184959"},"file":""},{"file":"GameData/BLDA/CharFace/Police_Valkyrie_SG/3.webp","content":"CharFace","replyDepth":0,"type":"image","sCharacter":{"no":"custom-250917-184959","index":"custom-250917-184959"},"isFirst":false,"name":"","isLeft":true,"isCenter":false,"isRight":false,"is_breaking":false,"time":"","style":false},{"content":"直升机在月光之中开始爬升，随后加速向前离开了这座岛屿\n过一段时间，联邦学生会的人便会前来接管这座岛屿\n希望之后，可不要再出什么事情了...\n但不得不说，这一次经历，对于所有人来说，都将会是难忘的！","replyDepth":0,"type":"info","sCharacter":{"no":"瓦尔基里学生","index":"Valkyrie_SG_BG"},"file":""},{"content":"The End","replyDepth":0,"type":"info","sCharacter":{"no":"瓦尔基里学生","index":"Valkyrie_SG_BG"},"isFirst":false,"name":"","isLeft":false,"isCenter":true,"isRight":false,"is_breaking":false,"file":"","time":"","style":false},{"content":"在夏莱直升机离开之后...\n在降落区附近的一处草丛可算是动了起来...","replyDepth":0,"type":"info","sCharacter":{"no":"custom-250916-011829","index":"custom-250916-011829"},"file":""},{"content":"呼...他们可算是走了啊...","replyDepth":0,"type":"chat","sCharacter":{"no":"custom-250916-011829","index":"custom-250916-011829"},"file":""},{"content":"是啊，可是我们得要一直被留在这里了...","replyDepth":0,"type":"chat","sCharacter":{"no":"custom-250916-011901","index":"custom-250916-011901"},"file":""},{"content":"嘿，我看到了，你快看那！","replyDepth":0,"type":"chat","sCharacter":{"no":"custom-250916-011829","index":"custom-250916-011829"},"file":""},{"content":"不是，我没看错吧...那里怎么还有一个直升机库在...","replyDepth":0,"type":"chat","sCharacter":{"no":"custom-250916-011901","index":"custom-250916-011901"},"file":""},{"content":"我还以为前面的爆炸把这里的机库彻底扬了呢...","replyDepth":0,"type":"chat","sCharacter":{"no":"custom-250916-011901","index":"custom-250916-011901"},"file":""},{"file":"GameData/BLDA/CharFace/Automata_PMC1/Idle_01.webp","content":"CharFace","replyDepth":0,"type":"image","sCharacter":{"no":"custom-250916-011901","index":"custom-250916-011901"}},{"content":"不过，那是一架阿帕奇吧","replyDepth":0,"type":"chat","sCharacter":{"no":"custom-250916-011901","index":"custom-250916-011901"},"file":"","isFirst":false,"name":"","isLeft":true,"isCenter":false,"isRight":false,"is_breaking":false,"time":"","style":false},{"content":"好像只能做两个人来着...","replyDepth":0,"type":"chat","sCharacter":{"no":"custom-250916-011901","index":"custom-250916-011901"},"file":""},{"content":"那该怎么办...？","replyDepth":0,"type":"chat","sCharacter":{"no":"custom-250916-011829","index":"custom-250916-011829"},"file":""},{"content":"呃...怎么回事...我还活着...","replyDepth":0,"type":"chat","sCharacter":{"no":"凯撒PMC理事","index":"NP0034_BG"},"file":""},{"content":"二人面面相觑...最后还是其中一位士兵选择了下手...","replyDepth":0,"type":"info","sCharacter":{"no":"凯撒PMC理事","index":"NP0034_BG"},"isFirst":false,"name":"","isLeft":false,"isCenter":true,"isRight":false,"is_breaking":false,"file":"","time":"","style":false},{"content":"不是，你要做什么...我可是你的理事...呃——","replyDepth":0,"type":"chat","sCharacter":{"no":"凯撒PMC理事","index":"NP0034_BG"},"file":""},{"content":"（用枪托猛击了一下，然后过了会又重重砸了对方一下）","replyDepth":0,"type":"chat","sCharacter":{"no":"custom-250916-011829","index":"custom-250916-011829"},"file":""},{"content":"......","replyDepth":0,"type":"chat","sCharacter":{"no":"凯撒PMC理事","index":"NP0034_BG"},"file":""},{"content":"好了，这下是彻底安静了","replyDepth":0,"type":"chat","sCharacter":{"no":"custom-250916-011829","index":"custom-250916-011829"},"file":""},{"content":"喂，你就不怕人回来了找我们算账吗？","replyDepth":0,"type":"chat","sCharacter":{"no":"custom-250916-011901","index":"custom-250916-011901"},"file":""},{"content":"没事，我早就不想干了，加上这里可没有监控设备","replyDepth":0,"type":"chat","sCharacter":{"no":"custom-250916-011829","index":"custom-250916-011829"},"file":""},{"content":"光凭她一张嘴，可说不过我们...","replyDepth":0,"type":"chat","sCharacter":{"no":"custom-250916-011829","index":"custom-250916-011829"},"file":""},{"content":"我到时要回黑龟组混日子了，给你留个位，怎么说兄弟？","replyDepth":0,"type":"chat","sCharacter":{"no":"custom-250916-011829","index":"custom-250916-011829"},"file":""},{"content":"...哎呀，都称呼兄弟了啊，懂得懂得~","replyDepth":0,"type":"chat","sCharacter":{"no":"custom-250916-011901","index":"custom-250916-011901"},"file":""},{"file":"GameData/BLDA/CharFace/Automata_PMC1/Idle_01.webp","content":"CharFace","replyDepth":0,"type":"image","sCharacter":{"no":"custom-250916-011901","index":"custom-250916-011901"}},{"content":"随后，一架开得歪七八扭的阿帕奇便升空了","replyDepth":0,"type":"info","sCharacter":{"no":"custom-250916-011901","index":"custom-250916-011901"},"file":"","isFirst":false,"name":"","isLeft":false,"isCenter":true,"isRight":false,"is_breaking":false,"time":"","style":false},{"content":"喂喂喂，你不说你会开直升机吗？","replyDepth":0,"type":"chat","sCharacter":{"no":"custom-250916-011901","index":"custom-250916-011901"},"file":""},{"content":"是啊，可是我都很久没开了，你得让我回忆一下...","replyDepth":0,"type":"chat","sCharacter":{"no":"custom-250916-011829","index":"custom-250916-011829"},"file":""},{"content":"不是吧，你别让我们现在就栽在海里，喂喂！快爬升！","replyDepth":0,"type":"chat","sCharacter":{"no":"custom-250916-011901","index":"custom-250916-011901"},"file":""},{"content":"呜哇啊啊...下降率太高了...","replyDepth":0,"type":"chat","sCharacter":{"no":"custom-250916-011829","index":"custom-250916-011829"},"isFirst":false,"name":"","isLeft":true,"isCenter":false,"isRight":false,"is_breaking":false,"file":"","time":"","style":false},{"content":"赶紧拉操纵杆啊！呜哇啊啊——","replyDepth":0,"type":"chat","sCharacter":{"no":"custom-250916-011901","index":"custom-250916-011901"},"file":""},{"content":"Fin","replyDepth":0,"type":"info","sCharacter":{"no":"custom-250916-011901","index":"custom-250916-011901"},"file":""}],"MoeTalk":"4-18"}