{"CHAT":[{"content":"到了，老师 ","replyDepth":0,"type":"chat","sCharacter":{"no":"联邦学生会成员","index":"NP0107_BG"},"file":"","isFirst":true,"name":"","time":"","is_breaking":false,"isLeft":false,"isCenter":false,"isRight":false,"style":false},{"content":"哦哦，多谢你了！ ","replyDepth":0,"type":"chat","sCharacter":{"no":"0","index":"1"},"file":"","isFirst":true,"name":"","time":"","is_breaking":false,"isLeft":false,"isCenter":false,"isRight":false,"style":false},{"content":"没关系 ","replyDepth":0,"type":"chat","sCharacter":{"no":"联邦学生会成员","index":"NP0107_BG"},"file":"","isFirst":true,"name":"","time":"","is_breaking":false,"isLeft":false,"isCenter":false,"isRight":false,"style":false},{"content":"明天这个时间来接你们对吧？","replyDepth":0,"type":"chat","sCharacter":{"no":"联邦学生会成员","index":"NP0107_BG"},"file":"","isFirst":false},{"content":"嗯","replyDepth":0,"type":"chat","sCharacter":{"no":0,"index":"1"},"file":"","isFirst":true},{"content":"好的 ","replyDepth":0,"type":"chat","sCharacter":{"no":"联邦学生会成员","index":"NP0107_BG"},"file":"","isFirst":true,"name":"","time":"","is_breaking":false,"isLeft":false,"isCenter":false,"isRight":false,"style":false},{"content":"有什么事请用您的平板联系我们","replyDepth":0,"type":"chat","sCharacter":{"no":"联邦学生会成员","index":"NP0107_BG"},"file":"","isFirst":false},{"content":"那我就回去了","replyDepth":0,"type":"chat","sCharacter":{"no":"联邦学生会成员","index":"NP0107_BG"},"file":"","isFirst":false},{"content":"多谢啦，再见~ ","replyDepth":0,"type":"chat","sCharacter":{"no":"0","index":"1"},"file":"","isFirst":true,"name":"","time":"","is_breaking":false,"isLeft":false,"isCenter":false,"isRight":false,"style":false},{"content":"一行人下船，身后联邦学生会的船只缓缓离开，大家一起踏上这座神秘的岛屿","replyDepth":0,"type":"info","sCharacter":{"no":"0","index":"1"},"file":"","isFirst":true,"name":"","time":"","is_breaking":false,"isLeft":false,"isCenter":false,"isRight":false,"style":false},{"content":"哦哦哦，这就是那个神秘海岛！ ","replyDepth":0,"type":"chat","sCharacter":{"no":"白尾绘里","index":"CH0304_BG"},"file":"","isFirst":true,"name":"","time":"","is_breaking":false,"isLeft":false,"isCenter":false,"isRight":false,"style":false},{"file":"GameData/BLDA/CharFace/CH0304/8.webp","content":"CharFace","replyDepth":0,"type":"image","sCharacter":{"no":"白尾绘里","index":"CH0304_BG"},"isFirst":false},{"content":"好漂亮！","replyDepth":0,"type":"chat","sCharacter":{"no":"白尾绘里","index":"CH0304_BG"},"file":"","isFirst":false},{"content":"放眼望去，海岛上面既有金黄细腻的海滩，又有陡峭的山丘和郁郁葱葱的树林，能听见海浪拍打的声音和海鸟的叫声，海风中夹杂着咸湿的气息，令人心旷神怡","replyDepth":0,"type":"info","sCharacter":{"no":"板垣庚","index":"CH0306_BG"},"name":"","time":"","isFirst":true,"isCenter":false,"isRight":false,"is_breaking":false,"file":"","isLeft":false,"style":false},{"content":"哇，这里风景很棒呢 ","replyDepth":0,"type":"chat","sCharacter":{"no":"椎名䌷","index":"CH0252_BG"},"file":"","isFirst":true,"name":"","time":"","is_breaking":false,"isLeft":false,"isCenter":false,"isRight":false,"style":false},{"file":"GameData/BLDA/CharFace/CH0252/99.webp","content":"CharFace","replyDepth":0,"type":"image","sCharacter":{"no":"椎名䌷","index":"CH0252_BG"},"isFirst":false},{"content":"简直就是一个优美的度假圣地","replyDepth":0,"type":"chat","sCharacter":{"no":"椎名䌷","index":"CH0252_BG"},"file":"","isFirst":false,"name":"","time":"","is_breaking":false,"isLeft":false,"isCenter":false,"isRight":false,"style":false},{"content":"但可惜，却在美丽的外表下隐藏着来自另一个世界的黑暗...","replyDepth":0,"type":"chat","sCharacter":{"no":"椎名䌷","index":"CH0252_BG"},"file":"","isFirst":false}],"MoeTalk":"3-14"}