{"Char":["CharID_0-22","CharID_1-5","CharID_10-18","CharID_100-1","CharID_101-21","CharID_102-0","CharID_103-26","CharID_104-23","CharID_105-0","CharID_106-20","CharID_107-16","CharID_108-4","CharID_108-68","CharID_109-75","CharID_11-16","CharID_11-2","CharID_110-7","CharID_110-73","CharID_110-77","CharID_110-78","CharID_111-45","CharID_112-0","CharID_113-4","CharID_114-8","CharID_115-0","CharID_115-80","CharID_116-1","CharID_116-48","CharID_117-0","CharID_118-0","CharID_119-8","CharID_12-31","CharID_120-2","CharID_120-5","CharID_120-6","CharID_121-2","CharID_122-18","CharID_123-69","CharID_124-32","CharID_124-33","CharID_125-20","CharID_126-8","CharID_127-38","CharID_127-80","CharID_128-49","CharID_129-56","CharID_13-23","CharID_130-8","CharID_131-14","CharID_132-0","CharID_133-72","CharID_134-0","CharID_135-0","CharID_136-1","CharID_137-37","CharID_138-21","CharID_139-63","CharID_14-4","CharID_140-1","CharID_140-15","CharID_140-65","CharID_141-39","CharID_142-27","CharID_143-8","CharID_144-1","CharID_145-5","CharID_146-0","CharID_147-1","CharID_148-1","CharID_149-26","CharID_15-18","CharID_150-15","CharID_150-46","CharID_150-50","CharID_150-51","CharID_151-28","CharID_152-23","CharID_153-15","CharID_154-29","CharID_155-0","CharID_156-15","CharID_157-55","CharID_158-21","CharID_159-1","CharID_16-7","CharID_16-73","CharID_16-74","CharID_160-4","CharID_161-1","CharID_162-57","CharID_162-58","CharID_163-66","CharID_164-3","CharID_165-3","CharID_166-15","CharID_167-0","CharID_167-4","CharID_167-52","CharID_167-53","CharID_167-54","CharID_168-29","CharID_169-10","CharID_17-15","CharID_170-30","CharID_171-0","CharID_172-0","CharID_172-1","CharID_173-61","CharID_174-5","CharID_174-60","CharID_175-4","CharID_176-0","CharID_177-2","CharID_178-71","CharID_179-24","CharID_18-25","CharID_180-79","CharID_181-63","CharID_182-7","CharID_183-0","CharID_184-3","CharID_185-18","CharID_186-0","CharID_187-0","CharID_187-5","CharID_188-0","CharID_19-3","CharID_2-36","CharID_2-7","CharID_20-21","CharID_21-1","CharID_22-7","CharID_23-1","CharID_24-41","CharID_24-42","CharID_25-1","CharID_25-15","CharID_25-43","CharID_25-44","CharID_26-0","CharID_27-16","CharID_27-17","CharID_27-4","CharID_27-5","CharID_28-0","CharID_28-16","CharID_29-26","CharID_3-1","CharID_30-55","CharID_31-26","CharID_32-37","CharID_33-4","CharID_34-15","CharID_35-8","CharID_36-18","CharID_37-20","CharID_38-23","CharID_38-3","CharID_39-45","CharID_4-8","CharID_40-5","CharID_41-2","CharID_42-1","CharID_43-75","CharID_44-0","CharID_45-64","CharID_46-0","CharID_46-15","CharID_46-76","CharID_47-7","CharID_47-73","CharID_47-74","CharID_48-37","CharID_49-4","CharID_5-20","CharID_50-2","CharID_51-8","CharID_52-0","CharID_52-2","CharID_52-7","CharID_53-1","CharID_54-23","CharID_55-4","CharID_56-35","CharID_57-43","CharID_57-5","CharID_57-59","CharID_58-1","CharID_59-1","CharID_59-15","CharID_6-8","CharID_60-26","CharID_61-62","CharID_62-7","CharID_63-0","CharID_64-46","CharID_64-47","CharID_65-0","CharID_66-0","CharID_67-4","CharID_68-34","CharID_69-0","CharID_7-37","CharID_7-40","CharID_70-55","CharID_71-49","CharID_72-7","CharID_73-9","CharID_74-2","CharID_75-0","CharID_76-1","CharID_77-18","CharID_77-19","CharID_78-11","CharID_78-12","CharID_78-13","CharID_79-0","CharID_8-34","CharID_80-8","CharID_81-70","CharID_82-29","CharID_83-49","CharID_84-8","CharID_85-20","CharID_86-8","CharID_87-0","CharID_88-2","CharID_89-29","CharID_9-0","CharID_90-3","CharID_90-7","CharID_91-7","CharID_92-20","CharID_93-7","CharID_94-66","CharID_95-0","CharID_96-7","CharID_96-73","CharID_96-74","CharID_97-3","CharID_97-67","CharID_98-21","CharID_99-0"],"CharFace":{"CFID_0":{"CharID_0-0":["0","1","10","2","3","4","5","6","7","8","9"],"CharID_0-1":["0","1","10","11","12","2","3","4","5","6","7","8","9"],"CharID_0-2":["0","1","10","11","12","13","2","3","4","5","6","7","8","9"],"CharID_0-3":["0","1","10","11","12","13","2","3","4","5","6","7","8","9"],"CharID_0-4":["0","1","10","11","12","13","2","3","4","5","6","7","8","9"],"CharID_1-0":["0","1","10","2","3","4","5","6","7","8","9"],"CharID_1-1":["0","1","10","11","12","2","3","4","5","6","7","8","9"],"CharID_1-2":["0","1","10","11","12","13","2","3","4","5","6","7","8","9"],"CharID_1-3":["0","1","10","11","12","13","2","3","4","5","6","7","8","9"],"CharID_1-4":["0","1","10","11","12","13","2","3","4","5","6","7","8","9"],"CharID_10-0":["0","1","10","2","3","4","5","6","7","8","9"],"CharID_10-1":["0","1","10","11","12","13","14","15","16","17","18","19","2","3","4","5","6","7","8","9"],"CharID_10-2":["0","1","10","11","12","13","14","15","2","3","4","5","6","7","8","9"],"CharID_10-3":["0","1","10","11","12","13","14","15","16","17","18","19","2","20","21","3","4","5","6","7","8","9"],"CharID_10-4":["0","1","10","11","12","13","14","15","2","3","4","5","6","7","8","9"],"CharID_100-0":["0","1","10","2","3","4","5","6","7","8","9"],"CharID_100-1":["0","1","10","12","13","14","15","16","2","22","3","4"],"CharID_100-4":["0","1","10","11","12","13","14","15","2","3","4","5","6","7","8","9"],"CharID_100-72":["0","1","10","11","12","13","14","15","16","17","18","19","2","20","21","22","23","24","25","26","3","4","5","6","7","8","9"],"CharID_100-73":["0","1","10","11","12","13","14","15","2","3","4","5","6","7","8","9"],"CharID_101-0":["0","1","10","2","3","4","5","6","7","8","9"],"CharID_101-1":["0","1","10","11","12","13","14","15","16","17","18","19","2","3","4","5","6","7","8","9"],"CharID_101-2":["0","1","10","11","12","13","14","15","16","17","18","19","2","20","21","3","4","5","6","7","8","9"],"CharID_101-3":["0","1","10","11","12","13","14","15","16","17","18","19","2","20","3","4","5","6","7","8","9"],"CharID_101-74":["0","1","10","11","12","13","2","3","4","5","6","7","8","9"],"CharID_101-75":["0","1","10","11","12","13","14","15","2","3","4","5","6","7","8","9"],"CharID_101-76":["0","1","10","11","12","13","14","15","2","3","4","5","6","7","8","9"],"CharID_102-1":["0","1","10","11","12","2","3","4","5","6","7","8","9"],"CharID_102-2":["0","1","10","11","12","13","14","15","16","17","18","19","2","20","21","3","4","5","6","7","8","9"],"CharID_102-3":["0","1","10","11","12","13","2","3","4","5","6","7","8","9"],"CharID_102-4":["0","1","10","11","12","13","2","3","4","5","6","7","8","9"],"CharID_103-0":["0","1","10","2","3","4","5","6","7","8","9"],"CharID_103-1":["0","1","10","11","12","13","14","15","16","17","18","19","2","20","21","22","3","4","5","6","7","8","9"],"CharID_103-2":["0","1","10","11","12","13","14","15","2","3","4","5","6","7","8","9"],"CharID_103-3":["0","1","10","11","12","13","14","15","2","3","4","5","6","7","8","9"],"CharID_103-4":["0","1","10","11","12","13","14","15","16","17","18","19","2","20","21","22","23","3","4","5","6","7","8","9"],"CharID_103-77":["0","1","2","3","4","5","6","7","8"],"CharID_104-0":["0","1","10","2","3","4","5","6","7","8","9"],"CharID_104-1":["0","1","10","11","12","2","3","4","5","6","7","8","9"],"CharID_104-2":["0","1","10","11","12","13","14","2","3","4","5","6","7","8","9"],"CharID_104-3":["0","1","10","11","12","13","2","3","4","5","6","7","8","9"],"CharID_104-4":["0","1","10","11","12","13","14","2","3","4","5","6","7","8","9"],"CharID_105-1":["0","1","10","11","12","2","3","4","5","6","7","8","9"],"CharID_105-2":["0","1","10","11","12","13","14","15","16","17","18","19","2","20","21","3","4","5","6","7","8","9"],"CharID_105-3":["0","1","10","11","12","13","2","3","4","5","6","7","8","9"],"CharID_105-4":["0","1","10","11","12","13","14","2","3","4","5","6","7","8","9"],"CharID_106-0":["0","1","10","2","3","4","5","6","7","8","9"],"CharID_106-1":["0","1","10","11","12","2","3","4","5","6","7","8","9"],"CharID_106-2":["0","1","10","11","12","13","2","3","4","5","6","7","8","9"],"CharID_106-3":["0","1","10","11","12","13","2","3","4","5","6","7","8","9"],"CharID_106-4":["0","1","10","11","12","13","2","3","4","5","6","7","8","9"],"CharID_107-0":["0","1","10","2","3","4","5","6","7","8","9"],"CharID_107-1":["0","1","10","11","12","13","14","15","16","17","18","19","2","20","21","22","3","4","5","6","7","8","9"],"CharID_107-2":["0","1","10","11","12","13","14","2","3","4","5","6","7","8","9"],"CharID_107-3":["0","1","10","11","12","13","14","15","16","17","18","19","2","20","21","22","23","24","25","3","4","5","6","7","8","9"],"CharID_107-4":["0","1","10","11","12","13","14","15","16","17","2","3","4","5","6","7","8","9"],"CharID_108-0":["0","1","10","2","3","4","5","6","7","8","9"],"CharID_108-1":["0","1","10","11","12","13","14","15","16","17","18","19","2","20","21","22","23","24","3","4","5","6","7","8","9"],"CharID_108-13":["0","1","10","11","12","13","14","15","2","3","4","5","6","7","8","9"],"CharID_108-3":["0","1","10","11","12","13","14","15","16","17","18","19","2","20","21","22","23","24","25","3","4","5","6","7","8","9"],"CharID_108-4":["0","1","10","2","3","4","5","6","7","8","9"],"CharID_108-78":["0","1","2","3","4","5","6","7","8","9"],"CharID_109-2":["0","1","10","11","12","13","14","15","16","17","18","19","2","20","21","22","23","24","25","26","27","28","29","3","30","31","32","33","34","35","36","37","38","39","4","40","41","42","43","44","45","46","47","48","49","5","50","51","52","53","6","7","8","9"],"CharID_11-0":["0","1","10","2","3","4","5","6","7","8","9"],"CharID_11-1":["0","1","10","11","12","13","14","2","3","4","5","6","7","8","9"],"CharID_11-16":["0","1","10","11","12","13","2","3","4","5","6","7","8","9"],"CharID_11-2":["0","1","10","11","12","13","14","15","2","3","4","5","6","7","8","9"],"CharID_11-3":["0","1","10","11","12","13","14","2","3","4","5","6","7","8","9"],"CharID_11-4":["0","1","10","11","12","13","14","15","2","3","4","5","6","7","8","9"],"CharID_110-17":["0","1","10","11","12","13","2","3","4","5","6","7","8","9"],"CharID_110-18":["0","1","10","11","12","13","2","3","4","5","6","7","8","9"],"CharID_110-19":["0","1","10","11","12","13","14","2","3","4","5","6","7","8","9"],"CharID_110-79":["0","1","10","11","12","13","2","3","4","5","6","7","8","9"],"CharID_111-2":["0","1","10","11","12","13","14","15","16","17","18","19","2","20","21","22","23","24","25","26","27","28","29","3","30","31","32","33","34","35","36","37","38","39","4","40","41","42","43","44","45","46","47","48","49","5","50","51","52","53","6","7","8","9"],"CharID_112-15":["0","1","2","3","4","5","6","7","8"],"CharID_113-0":["0","1","10","2","3","4","5","6","7","8","9"],"CharID_113-1":["0","1","10","11","12","2","3","4","5","6","7","8","9"],"CharID_113-2":["0","1","10","11","12","2","3","4","5","6","7","8","9"],"CharID_113-3":["0","1","10","11","12","13","2","3","4","5","6","7","8","9"],"CharID_113-4":["0","1","10","11","12","13","14","2","3","4","5","6","7","8","9"],"CharID_114-0":["0","1","10","2","3","4","5","6","7","8","9"],"CharID_114-2":["0","1","10","11","12","13","14","15","2","3","4","5","6","7","8","9"],"CharID_114-27":["0","1","10","11","12","13","2","3","4","5","6","7","8","9"],"CharID_114-3":["0","1","10","11","12","13","2","3","4","5","6","7","8","9"],"CharID_115-0":["0","1","10","2","3","4","5","6","7","8","9"],"CharID_115-1":["0","1","10","11","12","2","3","4","5","6","7","8","9"],"CharID_115-148":["0","1","10","11","12","13","14","15","2","3","4","5","6","7","8","9"],"CharID_115-3":["0","1","10","11","12","13","2","3","4","5","6","7","8","9"],"CharID_115-4":["0","1","10","11","12","13","14","15","2","3","4","5","6","7","8","9"],"CharID_115-80":["0","1","10","11","12","13","14","15","16","17","18","19","2","20","21","22","23","24","25","26","3","4","5","6","7","8","9"],"CharID_115-81":["0","1","10","11","12","13","14","2","3","4","5","6","7","8","9"],"CharID_116-0":["0","1","10","2","3","4","5","6","7","8","9"],"CharID_116-1":["0","1","10","11","12","13","14","15","16","17","18","19","2","20","21","22","23","3","4","5","6","7","8","9"],"CharID_116-2":["0","1","10","11","12","13","14","15","16","17","18","19","2","20","21","22","23","24","25","3","4","5","6","7","8","9"],"CharID_116-3":["0","1","10","11","12","13","14","15","16","17","18","19","2","20","21","22","23","24","25","26","3","4","5","6","7","8","9"],"CharID_116-4":["0","1","10","11","12","13","14","15","2","3","4","5","6","7","8","9"],"CharID_116-82":["0","1","10","11","12","13","14","15","16","17","18","19","2","3","4","7","8","9"],"CharID_117-1":["0","1","10","11","12","2","3","4","5","6","7","8","9"],"CharID_117-2":["0","1","10","11","12","13","14","15","16","17","18","19","2","20","21","3","4","5","6","7","8","9"],"CharID_117-3":["0","1","10","11","12","13","2","3","4","5","6","7","8","9"],"CharID_117-83":["0","1","10","11","12","13","14","2","3","4","5","6","7","8","9"],"CharID_118-1":["0","1","10","11","12","2","3","4","5","6","7","8","9"],"CharID_118-2":["0","1","10","11","12","13","14","15","16","17","18","19","2","20","21","22","3","4","5","6","7","8","9"],"CharID_118-3":["0","1","10","11","12","13","2","3","4","5","6","7","8","9"],"CharID_118-4":["0","1","10","11","12","13","2","3","4","5","6","7","8","9"],"CharID_119-0":["0","1","10","2","3","4","5","6","7","8","9"],"CharID_119-1":["0","1","10","11","12","2","3","4","5","6","7","8","9"],"CharID_119-2":["0","1","10","11","12","13","2","3","4","5","6","7","8","9"],"CharID_119-3":["0","1","10","11","12","13","2","3","4","5","6","7","8","9"],"CharID_119-4":["0","1","10","11","12","13","2","3","4","5","6","7","8","9"],"CharID_12-0":["0","1","10","2","3","4","5","6","7","8","9"],"CharID_12-1":["0","1","10","11","12","13","14","2","3","4","5","6","7","8","9"],"CharID_12-2":["0","1","10","11","12","13","14","15","16","17","2","3","4","5","6","7","8","9"],"CharID_12-3":["0","1","10","11","12","13","14","15","2","3","4","5","6","7","8","9"],"CharID_12-4":["0","1","10","11","12","13","14","2","3","4","5","6","7","8","9"],"CharID_120-84":["0","1","10","2","3","4","5","6","7","8","9"],"CharID_120-85":["0","1","10","11","12","13","14","15","16","17","18","19","2","20","21","22","3","4","5","6","7","8","9"],"CharID_120-86":["0","1","10","11","12","13","14","15","2","3","4","5","6","7","8","9"],"CharID_120-87":["0","1","10","2","3","4","5","6","7","8","9"],"CharID_120-88":["0","1","10","11","12","13","14","15","16","17","18","19","2","20","21","22","3","4","5","6","7","8","9"],"CharID_120-89":["0","1","10","11","12","13","14","15","2","3","4","5","6","7","8","9"],"CharID_120-90":["0","1","10","2","3","4","5","6","7","8","9"],"CharID_120-91":["0","1","10","11","12","13","14","15","2","3","4","5","6","7","8","9"],"CharID_121-1":["0","1","10","11","2","3","4","5","6","7","8","9"],"CharID_121-2":["0","1","10","11","12","13","14","15","16","17","18","19","2","20","21","22","3","4","5","6","7","8","9"],"CharID_121-3":["0","1","10","11","12","2","3","4","5","6","7","8","9"],"CharID_121-4":["0","1","10","11","12","13","14","2","3","4","5","6","7","8","9"],"CharID_122-0":["0","1","10","2","3","4","5","6","7","8","9"],"CharID_122-1":["0","1","10","11","12","13","14","15","16","17","18","19","2","3","4","5","6","7","8","9"],"CharID_122-3":["0","1","10","11","12","13","14","15","16","17","18","19","2","20","21","22","3","4","5","6","7","8","9"],"CharID_122-4":["0","1","10","11","12","13","14","15","16","17","18","19","2","20","21","22","23","3","4","5","6","7","8","9"],"CharID_122-65":["0","1","10","11","12","13","14","15","16","17","18","19","2","20","21","22","23","24","25","26","3","4","5","6","7","8","9"],"CharID_122-66":["0","1","10","11","12","13","14","15","2","3","4","5","6","7","8","9"],"CharID_123-0":["0","1","10","2","3","4","5","6","7","8","9"],"CharID_123-1":["0","1","10","11","12","13","14","15","16","17","18","19","2","3","4","5","6","7","8","9"],"CharID_123-2":["0","1","10","11","12","13","14","15","2","3","4","5","6","7","8","9"],"CharID_123-3":["0","1","10","11","12","13","14","15","16","17","18","19","2","20","21","22","3","4","5","6","7","8","9"],"CharID_123-4":["0","1","10","11","12","13","14","15","16","17","18","19","2","20","21","22","23","24","3","4","5","6","7","8","9"],"CharID_124-0":["0","1","2","3","4","5","6","7","8"],"CharID_124-1":["0","1","10","11","12","13","14","15","16","17","18","2","3","4","5","6","7","8","9"],"CharID_124-2":["0","1","10","11","12","13","14","15","16","17","18","19","2","3","4","5","6","7","8","9"],"CharID_124-3":["0","1","10","11","12","13","14","15","2","3","4","5","6","7","8","9"],"CharID_124-4":["0","1","10","11","12","13","14","15","16","2","3","4","5","6","7","8","9"],"CharID_124-92":["0","1","10","11","12","13","14","15","16","17","18","19","2","20","21","22","23","24","25","26","27","28","29","3","30","31","32","33","4","5","6","7","8","9"],"CharID_124-93":["0","1","10","11","12","13","14","2","3","4","5","6","7","8","9"],"CharID_125-0":["0","1","10","2","3","4","5","6","7","8","9"],"CharID_125-1":["0","1","10","11","12","13","14","15","16","17","18","19","2","20","3","4","5","6","7","8","9"],"CharID_125-2":["0","1","10","11","12","13","2","3","4","5","6","7","8","9"],"CharID_125-3":["0","1","10","11","12","13","14","15","16","17","18","19","2","3","4","5","6","7","8","9"],"CharID_125-4":["0","1","10","11","12","13","2","3","4","5","6","7","8","9"],"CharID_126-0":["0","1","10","2","3","4","5","6","7","8","9"],"CharID_126-2":["0","1","10","11","12","13","14","15","2","3","4","5","6","7","8","9"],"CharID_126-27":["0","1","10","11","12","13","14","15","2","3","4","5","6","7","8","9"],"CharID_126-3":["0","1","10","11","12","13","14","15","16","17","18","19","2","20","21","22","3","4","5","6","7","8","9"],"CharID_126-94":["0","1","10","11","12","13","14","15","2","3","4","5","6","7","8","9"],"CharID_127-0":["0","1","10","2","3","4","5","6","7","8","9"],"CharID_127-1":["0","1","10","11","12","13","14","15","16","17","18","19","2","3","4","5","6","7","8","9"],"CharID_127-2":["0","1","10","11","12","13","14","15","2","3","4","5","6","7","8","9"],"CharID_127-3":["0","1","10","11","12","13","14","15","16","17","18","19","2","20","21","22","3","4","5","6","7","8","9"],"CharID_127-4":["0","1","10","11","12","13","14","15","16","17","18","19","2","20","21","22","3","4","5","6","7","8","9"],"CharID_127-95":["0","1","10","11","12","13","14","15","2","3","4","5","6","7","8","9"],"CharID_128-0":["0","1","10","2","3","4","5","6","7","8","9"],"CharID_128-1":["0","1","10","11","12","13","14","15","16","17","18","19","2","20","21","22","23","24","25","3","4","5","6","7","8","9"],"CharID_128-2":["0","1","10","11","12","13","2","3","4","5","6","7","8","9"],"CharID_128-3":["0","1","10","11","12","13","14","15","16","17","18","19","2","20","21","22","23","24","25","3","4","5","6","7","8","9"],"CharID_128-4":["0","1","10","11","12","13","14","15","16","2","3","4","5","6","7","8","9"],"CharID_129-0":["0","1","2","3","4","5","6","7","8","9"],"CharID_129-1":["0","1","10","11","12","13","14","15","16","17","18","19","2","20","21","3","4","5","6","7","8","9"],"CharID_129-2":["0","1","10","11","12","13","14","15","2","3","4","5","6","7","8","9"],"CharID_129-4":["0","1","10","11","12","13","14","15","16","2","3","4","5","6","7","8","9"],"CharID_13-0":["0","1","10","2","3","4","5","6","7","8","9"],"CharID_13-1":["0","1","10","11","12","13","14","2","3","4","5","6","7","8","9"],"CharID_13-2":["0","1","10","11","12","13","14","15","16","2","3","4","5","6","7","8","9"],"CharID_13-3":["0","1","10","11","12","13","14","15","2","3","4","5","6","7","8","9"],"CharID_13-4":["0","1","10","11","12","13","14","15","2","3","4","5","6","7","8","9"],"CharID_130-0":["0","1","10","2","3","4","5","6","7","8","9"],"CharID_130-1":["0","1","10","11","12","13","14","15","16","17","18","19","2","3","4","5","6","7","8","9"],"CharID_130-3":["0","1","10","11","12","13","14","15","16","17","18","19","2","20","21","3","4","5","6","7","8","9"],"CharID_130-4":["0","1","10","11","12","2","3","4","5","6","7","8","9"],"CharID_130-96":["0","1","10","11","12","13","14","15","16","17","18","19","2","20","21","22","23","3","4","5","6","7","8","9"],"CharID_130-97":["0","1","2"],"CharID_130-98":["0","1","10","11","12","13","14","15","2","3","4","5","6","7","8","9"],"CharID_131-0":["0","1","10","2","3","4","5","6","7","8","9"],"CharID_131-1":["0","1","10","11","12","13","14","15","16","17","18","19","2","20","3","4","5","6","7","8","9"],"CharID_131-100":["0","1","10","11","12","13","14","15","16","17","18","19","2","20","21","22","23","24","25","26","3","4","5","6","7","8","9"],"CharID_131-3":["0","1","10","11","12","13","14","15","16","17","18","19","2","20","21","22","3","4","5","6","7","8","9"],"CharID_131-4":["0","1","10","11","12","13","14","15","16","17","18","19","2","20","21","22","3","4","5","6","7","8","9"],"CharID_131-99":["0","1","10","11","12","13","14","15","16","17","18","19","2","20","21","22","23","24","25","3","4","5","6","7","8","9"],"CharID_132-0":["0","1","10","2","3","4","5","6","7","8","9"],"CharID_132-1":["0","1","10","11","12","13","14","15","16","17","18","19","2","3","4","5","6","7","8","9"],"CharID_132-101":["0","1","10","11","12","13","14","15","16","17","2","3","4","5","6","7","8","9"],"CharID_132-102":["0","1","10","11","12","13","14","15","16","17","2","3","4","5","6","7","8","9"],"CharID_132-3":["0","1","10","11","12","13","14","15","16","17","18","19","2","20","21","3","4","5","6","7","8","9"],"CharID_132-4":["0","1","10","11","12","13","14","15","16","17","18","19","2","20","21","3","4","5","6","7","8","9"],"CharID_133-0":["0","1","2","3","4","5","6","7","8","9"],"CharID_133-2":["0","1","2","3"],"CharID_134-1":["0","1","10","11","12","2","3","4","5","6","7","8","9"],"CharID_134-2":["0","1","10","11","12","13","14","15","16","17","18","19","2","20","21","3","4","5","6","7","8","9"],"CharID_134-3":["0","1","10","11","12","13","2","3","4","5","6","7","8","9"],"CharID_134-4":["0","1","10","11","12","13","2","3","4","5","6","7","8","9"],"CharID_135-1":["0","1","10","11","12","2","3","4","5","6","7","8","9"],"CharID_135-2":["0","1","10","11","12","13","14","15","16","17","18","19","2","20","21","3","4","5","6","7","8","9"],"CharID_135-3":["0","1","10","11","12","13","2","3","4","5","6","7","8","9"],"CharID_135-4":["0","1","10","11","12","13","2","3","4","5","6","7","8","9"],"CharID_136-1":["0","1","10","11","12","13","14","2","3","4","5","6","7","8","9"],"CharID_136-2":["0","1","10","11","12","13","14","15","16","17","18","19","2","20","21","22","23","24","3","4","5","6","7","8","9"],"CharID_136-3":["0","1","10","11","12","13","14","15","2","3","4","5","6","7","8","9"],"CharID_136-4":["0","1","10","11","12","13","14","15","16","2","3","4","5","6","7","8","9"],"CharID_137-0":["0","1","10","2","3","4","5","6","7","8","9"],"CharID_137-1":["0","1","10","11","12","13","2","3","4","5","6","7","8","9"],"CharID_137-2":["0","1","10","11","12","13","14","15","2","3","4","5","6","7","8","9"],"CharID_137-3":["0","1","10","11","12","13","2","3","4","5","6","7","8","9"],"CharID_137-4":["0","1","2","3","4","5","6","7"],"CharID_138-0":["0","1","10","2","3","4","5","6","7","8","9"],"CharID_138-1":["0","1","10","11","12","13","14","15","16","17","18","19","2","3","4","5","6","7","8","9"],"CharID_138-2":["0","1","10","11","12","13","14","15","2","3","4","5","6","7","8","9"],"CharID_138-27":["0","1","10","11","12","13","14","15","16","17","18","19","2","20","21","3","4","5","6","7","8","9"],"CharID_138-3":["0","1","10","11","12","13","14","15","16","17","18","19","2","20","21","22","23","24","25","3","4","5","6","7","8","9"],"CharID_138-4":["0","1","10","11","12","13","2","3","4","5","6","7","8","9"],"CharID_139-0":["0","1","10","2","3","4","5","6","7","8","9"],"CharID_139-1":["0","1","10","11","12","13","14","15","16","17","18","19","2","3","4","5","6","7","8","9"],"CharID_139-2":["0","1","10","11","12","13","14","15","16","17","2","3","4","5","6","7","8","9"],"CharID_139-3":["0","1","10","11","12","13","14","15","16","17","18","19","2","20","21","3","4","5","6","7","8","9"],"CharID_139-4":["0","1","10","11","12","13","2","3","4","5","6","7","8","9"],"CharID_14-1":["0","1","10","11","12","2","3","4","5","6","7","8","9"],"CharID_14-2":["0","1","10","11","12","13","14","15","16","17","18","19","2","20","21","22","23","3","4","5","6","7","8","9"],"CharID_14-3":["0","1","10","11","12","13","14","2","3","4","5","6","7","8","9"],"CharID_14-4":["0","1","10","11","12","13","14","2","3","4","5","6","7","8","9"],"CharID_140-0":["0","1","10","2","3","4","5","6","7","8","9"],"CharID_140-1":["0","1","10","11","12","2","3","4","5","6","7","8","9"],"CharID_140-103":["0","1","10","11","12","13","2","3","4","5","6","7","8","9"],"CharID_140-104":["0","1","10","11","12","13","2","3","4","5","6","7","8","9"],"CharID_140-2":["0","1","10","11","12","13","2","3","4","5","6","7","8","9"],"CharID_140-3":["0","1","10","11","12","2","3","4","5","6","7","8","9"],"CharID_140-4":["0","1","10","11","12","13","2","3","4","5","6","7","8","9"],"CharID_141-0":["0","1","10","2","3","4","5","6","7","8","9"],"CharID_141-1":["0","1","10","11","12","13","14","15","16","17","18","19","2","3","4","5","6","7","8","9"],"CharID_141-105":["0","1","10","11","12","13","14","15","16","17","2","3","4","5","6","7","8","9"],"CharID_141-106":["0","1","10","11","12","13","14","15","16","17","18","19","2","20","21","22","23","24","25","26","3","4","5","6","7","8","9"],"CharID_141-3":["0","1","10","11","12","13","14","15","16","17","18","19","2","20","21","22","3","4","5","6","7","8","9"],"CharID_141-4":["0","1","10","11","12","13","14","15","2","3","4","5","6","7","8","9"],"CharID_142-107":["0","1","10","2","3","4","5","6","7","8","9"],"CharID_142-108":["0","1","10","11","12","13","14","2","3","4","5","6","7","8","9"],"CharID_142-109":["0","1","10","11","12","13","14","15","2","3","4","5","6","7","8","9"],"CharID_142-110":["0","1","10","11","12","13","14","15","2","3","4","5","6","7","8","9"],"CharID_142-111":["0","1","10","11","12","13","14","15","2","3","4","5","6","7","8","9"],"CharID_143-0":["0","1","10","2","3","4","5","6","7","8","9"],"CharID_143-1":["0","1","10","11","12","13","14","15","16","17","18","19","2","3","4","5","6","7","8","9"],"CharID_143-112":["0","1","10","11","12","13","2","3","4","5","6","7","8","9"],"CharID_143-2":["0","1","10","11","12","13","14","15","2","3","4","5","6","7","8","9"],"CharID_143-3":["0","1","10","11","12","13","14","15","16","17","18","19","2","20","21","3","4","5","6","7","8","9"],"CharID_143-4":["0","1","10","11","12","13","2","3","4","5","6","7","8","9"],"CharID_144-1":["0","1","10","11","12","13","14","15","16","17","18","19","2","3","4","5","6","7","8","9"],"CharID_144-2":["0","1","10","11","12","13","14","15","16","17","18","19","2","20","21","22","23","24","25","26","3","4","5","6","7","8","9"],"CharID_144-3":["0","1","10","11","12","13","14","15","16","17","18","19","2","20","21","3","4","5","6","7","8","9"],"CharID_144-4":["0","1","10","11","12","13","14","15","16","17","18","19","2","20","21","3","4","5","6","7","8","9"],"CharID_145-0":["0","1","10","11","2","3","4","5","6","7","8","9"],"CharID_145-1":["0","1","10","11","12","2","3","4","5","6","7","8","9"],"CharID_145-2":["0","1","10","11","12","13","2","3","4","5","6","7","8","9"],"CharID_145-3":["0","1","10","11","12","13","2","3","4","5","6","7","8","9"],"CharID_145-4":["0","1","10","11","12","13","14","2","3","4","5","6","7","8","9"],"CharID_146-1":["0","1"],"CharID_146-2":["0","1","10","11","12","13","14","15","16","17","18","19","2","20","21","22","3","4","5","6","7","8","9"],"CharID_146-4":["0","1","10","11","12","13","14","15","2","3","4","5","6","7","8","9"],"CharID_147-1":["0","1","10","11","12","2","3","4","5","6","7","8","9"],"CharID_147-2":["0","1","10","11","12","13","14","15","16","17","18","19","2","20","21","22","3","4","5","6","7","8","9"],"CharID_147-3":["0","1","10","11","12","2","3","4","5","6","7","8","9"],"CharID_147-4":["0","1","10","11","12","13","2","3","4","5","6","7","8","9"],"CharID_148-1":["0","1","10","11","12","2","3","4","5","6","7","8","9"],"CharID_148-113":["0","1","10","11","12","13","2","3","4","5","6","7","8","9"],"CharID_148-2":["0","1","10","11","12","13","14","15","16","17","18","19","2","20","21","3","4","5","6","7","8","9"],"CharID_148-3":["0","1","10","11","12","13","2","3","4","5","6","7","8","9"],"CharID_149-0":["0","1","10","2","3","4","5","6","7","8","9"],"CharID_149-1":["0","1","10","11","12","13","14","15","16","17","18","19","2","3","4","5","6","7","8","9"],"CharID_149-2":["0","1","10","11","12","13","2","3","4","5","6","7","8","9"],"CharID_149-3":["0","1","10","11","12","13","14","15","16","17","18","19","2","20","21","3","4","5","6","7","8","9"],"CharID_149-4":["0","1","10","11","12","13","14","15","2","3","4","5","6","7","8","9"],"CharID_15-0":["0","1","10","2","3","4","5","6","7","8","9"],"CharID_15-1":["0","1","10","11","12","13","14","15","16","17","18","19","2","3","4","5","6","7","8","9"],"CharID_15-2":["0","1","10","11","12","13","2","3","4","5","6","7","8","9"],"CharID_15-3":["0","1","10","11","12","13","14","15","16","17","18","19","2","20","21","3","4","5","6","7","8","9"],"CharID_15-4":["0","1","10","11","2","3","4","5","6","7","8","9"],"CharID_150-0":["0","1","10","2","3","4","5","6","7","8","9"],"CharID_150-1":["0","1","10","11","12","13","14","15","16","17","18","19","2","20","21","22","23","24","3","4","5","6","7","8","9"],"CharID_150-114":["0","1","2","3","4","5","6","7","8"],"CharID_150-115":["0","1","10","11","12","13","2","3","4","5","6","7","8","9"],"CharID_150-2":["0","1","10","11","12","13","14","15","2","3","4","5","6","7","8","9"],"CharID_150-27":["0","1","10","11","12","13","14","15","16","17","18","19","2","20","21","22","23","24","25","26","27","28","29","3","30","31","32","33","34","35","36","37","38","39","4","40","41","42","43","44","45","46","47","48","49","5","6","7","8","9"],"CharID_150-28":["0","1","10","11","12","13","2","3","4","5","6","7","8","9"],"CharID_150-3":["0","1","10","11","12","13","14","15","16","17","18","19","2","20","21","22","23","24","25","26","3","4","5","6","7","8","9"],"CharID_150-38":["0","1","10","11","12","13","2","3","4","5","6","7","8","9"],"CharID_150-4":["0","1","10","11","12","13","14","15","16","17","18","19","2","20","21","22","23","3","4","5","6","7","8","9"],"CharID_150-5":["0","1","10","11","12","13","14","15","16","17","18","19","2","20","3","4","5","6","7","8","9"],"CharID_150-6":["0","1","10","11","12","13","14","15","16","17","18","19","2","21","22","23","3","4","5","6","7","8","9"],"CharID_151-0":["0","1","10","2","3","4","5","6","7","8","9"],"CharID_151-1":["0","1","10","11","12","13","14","15","16","17","18","19","2","3","4","5","6","7","8","9"],"CharID_151-2":["0","1","10","11","12","13","14","15","2","3","4","5","6","7","8","9"],"CharID_151-3":["0","1","10","11","12","13","14","15","16","17","18","19","2","20","21","22","3","4","5","6","7","8","9"],"CharID_151-4":["0","1","10","11","12","13","14","15","2","3","4","5","6","7","8","9"],"CharID_152-0":["0","1","10","2","3","4","5","6","7","8","9"],"CharID_152-1":["0","1","10","11","12","13","14","15","16","17","18","19","2","20","21","22","23","3","4","5","6","7","8","9"],"CharID_152-116":["0","1","10","11","12","13","14","15","16","17","18","2","3","4","5","6","7","8","9"],"CharID_152-117":["0","1","10","11","12","13","14","15","16","17","18","2","3","4","5","6","7","8","9"],"CharID_152-3":["0","1","10","11","12","13","14","15","16","17","18","19","2","20","21","22","23","24","25","26","3","4","5","6","7","8","9"],"CharID_152-4":["0","1","10","11","12","13","14","15","16","17","18","19","2","3","4","5","6","7","8","9"],"CharID_153-0":["0","1","2","3","4","5","6","7","8","9"],"CharID_153-2":["0","1","10","11","12","13","14","2","3","4","5","6","7","8","9"],"CharID_154-0":["0","1","2","3","4","5","6","7","8","9"],"CharID_154-1":["0","1","10","11","12","13","14","15","16","17","18","19","2","20","21","22","23","24","3","4","5","6","7","8","9"],"CharID_154-118":["0","1","10","11","12","13","14","15","2","3","4","5","6","7","8","9"],"CharID_154-119":["0","1","10","11","12","13","14","15","16","17","18","19","2","20","21","22","23","24","25","26","3","4","5","6","7","8","9"],"CharID_154-120":["0","1","10","11","12","13","14","15","2","3","4","5","6","7","8","9"],"CharID_154-3":["0","1","10","11","12","13","14","15","16","17","18","19","2","20","21","22","23","24","25","26","3","4","5","6","7","8","9"],"CharID_154-65":["0","1","10","11","12","13","14","15","16","17","18","19","2","20","21","22","23","24","25","26","3","4","5","6","7","8","9"],"CharID_154-66":["0","1","10","11","12","13","14","15","2","3","4","5","6","7","8","9"],"CharID_154-9":["0","1","2","3","4","5"],"CharID_155-0":["0","1","10","2","3","4","5","6","7","8","9"],"CharID_155-1":["0","1","10","11","12","2","3","4","5","6","7","8","9"],"CharID_155-2":["0","1","10","11","12","13","2","3","4","5","6","7","8","9"],"CharID_155-3":["0","1","10","11","12","13","2","3","4","5","6","7","8","9"],"CharID_155-4":["0","1","10","11","12","13","14","2","3","4","5","6","7","8","9"],"CharID_156-0":["0","1","10","2","3","4","5","6","7","8","9"],"CharID_156-1":["0","1","10","11","12","2","3","4","5","6","7","8","9"],"CharID_156-2":["0","1","10","11","12","13","2","3","4","5","6","7","8","9"],"CharID_156-3":["0","1","10","11","12","13","2","3","4","5","6","7","8","9"],"CharID_156-4":["0","1","10","11","12","13","2","3","4","5","6","7","8","9"],"CharID_157-0":["0","1","10","2","3","4","5","6","7","8","9"],"CharID_157-1":["0","1","10","11","12","13","14","15","16","17","18","19","2","20","21","22","3","4","5","6","7","8","9"],"CharID_157-2":["0","1","10","11","12","13","14","15","16","2","3","4","5","6","7","8","9"],"CharID_157-3":["0","1","10","11","12","13","14","15","16","17","18","19","2","20","21","22","3","4","5","6","7","8","9"],"CharID_157-4":["0","1","10","11","12","13","2","3","4","5","6","7","8","9"],"CharID_158-1":["0","1","10","11","12","2","3","4","5","6","7","8","9"],"CharID_158-121":["0","1","10","2","3","4","5","6","7","8","9"],"CharID_158-149":["0","1","10","11","12","13","2","3","4","5","6","7","8","9"],"CharID_158-2":["0","1","10","11","12","13","2","3","4","5","6","7","8","9"],"CharID_158-3":["0","1","2","3"],"CharID_158-4":["0","1","10","11","12","13","14","15","16","17","18","19","2","20","21","22","3","4","5","6","7","8","9"],"CharID_159-122":["0","1","10","11","12","2","3","4","5","6","7","8","9"],"CharID_159-123":["0","1","10","11","12","13","14","15","16","17","18","19","2","20","21","3","4","5","6","7","8","9"],"CharID_159-124":["0","1","10","11","12","13","2","3","4","5","6","7","8","9"],"CharID_159-125":["0","1","10","11","12","13","14","15","16","17","18","19","2","20","21","22","23","24","25","26","3","4","5","6","7","8","9"],"CharID_16-17":["0","1","10","11","12","13","2","3","4","5","6","7","8","9"],"CharID_16-18":["0","1","10","11","12","13","2","3","4","5","6","7","8","9"],"CharID_16-19":["0","1","10","11","12","13","2","3","4","5","6","7","8","9"],"CharID_160-0":["0","1","10","11","2","3","4","5","6","7","8","9"],"CharID_160-1":["0","1","10","11","12","13","14","15","16","17","18","19","2","20","21","22","3","4","5","6","7","8","9"],"CharID_160-126":["0","1","10","11","12","13","14","2","3","4","5","6","7","8","9"],"CharID_160-127":["0","1","10","11","12","13","14","15","16","17","18","19","2","20","21","22","23","24","25","26","27","28","29","3","30","31","32","33","34","35","36","37","38","4","5","6","7","8","9"],"CharID_160-3":["0","1","10","11","12","13","14","15","16","17","18","19","2","20","21","22","23","24","25","3","4","5","6","7","8","9"],"CharID_160-4":["0","1","10","11","12","13","14","2","3","4","5","6","7","8","9"],"CharID_161-0":["0","1","10","2","3","4","5","6","7","8","9"],"CharID_161-1":["0","1","10","11","12","13","14","15","16","17","18","19","2","3","4","5","6","7","8","9"],"CharID_161-128":["0","1","10","11","12","13","14","15","16","17","18","19","2","20","21","3","4","5","6","7","8","9"],"CharID_161-2":["0","1","10","11","12","13","14","15","2","3","4","5","6","7","8","9"],"CharID_161-4":["0","1","10","11","12","13","2","3","4","5","6","7","8","9"],"CharID_162-0":["0","1","10","11","2","3","4","5","6","7","8","9"],"CharID_162-1":["0","1","10","11","12","13","14","2","3","4","5","6","7","8","9"],"CharID_162-129":["0","1","10","11","12","13","14","15","16","17","18","19","2","20","21","22","23","24","25","26","27","3","4","5","6","7","8","9"],"CharID_162-13":["0","1","10","11","12","13","15","17","2","3","4","5","6","7","8","9"],"CharID_162-3":["0","1","10","11","12","13","14","2","3","4","5","6","7","8","9"],"CharID_162-4":["0","1","10","11","12","13","14","15","16","2","3","4","5","6","7","8","9"],"CharID_163-0":["0","1","10","2","3","4","5","6","7","8","9"],"CharID_163-1":["0","1","10","11","12","13","14","2","3","4","5","6","7","8","9"],"CharID_163-2":["0","1","10","11","12","13","2","3","4","5","6","7","8","9"],"CharID_163-3":["0","1","10","11","12","13","14","15","2","3","4","5","6","7","8","9"],"CharID_163-4":["0","1","10","11","12","13","14","15","16","2","3","4","5","6","7","8","9"],"CharID_164-2":["0","1","10","11","12","13","14","15","16","17","18","19","2","20","21","22","23","24","25","26","27","28","29","3","30","31","32","33","34","35","36","37","38","39","4","40","41","42","43","44","45","46","47","48","49","5","50","51","52","53","6","7","8","9"],"CharID_165-1":["0","1","10","11","12","2","3","4","5","6","7","8","9"],"CharID_165-2":["0","1","10","11","12","13","14","15","16","17","18","19","2","20","21","3","4","5","6","7","8","9"],"CharID_165-3":["0","1","10","11","12","13","2","3","4","5","6","7","8","9"],"CharID_165-4":["0","1","10","11","12","13","2","3","4","5","6","7","8","9"],"CharID_166-2":["0","1","10","11","12","13","14","15","16","17","18","19","2","20","21","22","23","24","25","26","27","28","29","3","30","31","32","33","34","35","36","37","38","39","4","40","41","42","43","44","45","46","47","48","49","5","50","51","52","53","6","7","8","9"],"CharID_167-0":["0","1","2","3","4","5","6","7","8","9"],"CharID_167-1":["0","1","10","11","12","13","14","15","16","17","18","19","2","20","21","22","23","24","25","26","27","28","29","3","4","5","6","7","8","9"],"CharID_167-10":["0","1","10","11","12","13","2","3","4","5","6","7","8","9"],"CharID_167-130":["0","1","10","11","12","13","14","15","2","3","4","5","6","7","8","9"],"CharID_167-131":["0","1","10","11","12","13","14","15","16","17","18","19","2","20","21","22","23","24","25","26","3","4","5","6","7","8","9"],"CharID_167-132":["0","1","10","11","12","13","14","15","16","17","18","19","2","20","21","22","23","24","25","26","27","28","29","3","30","31","32","33","4","5","6","7","8","9"],"CharID_167-133":["0","1","2","3","4","5"],"CharID_167-134":["0","1","2","3","4","5"],"CharID_167-27":["0","1","10","11","12","13","14","15","2","3","4","5","6","7","8","9"],"CharID_167-29":["0","1","10","11","12","2","3","4","5","6","7","8","9"],"CharID_167-3":["0","1","10","11","12","13","14","15","2","3","4","5","6","7","8","9"],"CharID_167-30":["0","1","10","11","12","13","14","15","16","17","18","19","2","20","21","3","4","5","6","7","8","9"],"CharID_167-31":["0","1","10","11","12","13","2","3","4","5","6","7","8","9"],"CharID_167-32":["0","1","10","11","12","13","2","3","4","5","6","7","8","9"],"CharID_167-38":["0","1","10","11","12","13","2","3","4","5","6","7","8","9"],"CharID_167-4":["0","1","10","11","12","2","3","4","5","6","7","8","9"],"CharID_167-69":["0","1","2","3","4","5"],"CharID_168-0":["0","1","10","2","3","4","5","6","7","8","9"],"CharID_168-1":["0","1","10","11","12","13","14","15","16","17","18","19","2","3","4","5","6","7","8","9"],"CharID_168-135":["0","1","10","11","12","13","14","15","16","17","18","19","2","20","21","22","23","24","25","26","3","4","5","6","7","8","9"],"CharID_168-136":["0","1","10","11","12","13","14","15","2","3","4","5","6","7","8","9"],"CharID_168-3":["0","1","10","11","12","13","14","15","16","17","18","19","2","20","21","22","3","4","5","6","7","8","9"],"CharID_168-4":["0","1","10","11","12","13","14","2","3","4","5","6","7","8","9"],"CharID_169-0":["0","1","10","2","3","4","5","6","7","8","9"],"CharID_169-1":["0","1","10","11","12","13","14","15","16","17","18","19","2","3","4","5","6","7","8","9"],"CharID_169-2":["0","1","10","11","12","13","2","3","4","5","6","7","8","9"],"CharID_169-3":["0","1","10","11","12","13","14","15","16","17","18","19","2","20","21","3","4","5","6","7","8","9"],"CharID_169-4":["0","1","10","11","12","13","14","15","16","17","18","19","2","20","21","3","4","5","6","7","8","9"],"CharID_17-0":["0","1","10","2","3","4","5","6","7","8","9"],"CharID_17-1":["0","1","10","11","12","13","14","2","3","4","5","6","7","8","9"],"CharID_17-20":["0","1","10","11","12","13","2","3","4","5","6","7","8","9"],"CharID_17-21":["0","1","10","11","12","13","2","3","4","5","6","7","8","9"],"CharID_17-22":["0","1","10","11","12","13","14","15","16","17","18","19","2","20","21","22","23","24","25","26","27","28","29","3","30","31","4","5","6","7","8","9"],"CharID_17-23":["0","1","10","11","12","13","14","15","16","17","18","19","2","20","21","22","23","24","25","3","4","5","6","7","8","9"],"CharID_17-3":["0","1","10","11","12","13","14","2","3","4","5","6","7","8","9"],"CharID_17-4":["0","1","10","11","12","13","14","2","3","4","5","6","7","8","9"],"CharID_17-9":["0","1","10","11","12","13","2","3","4","5","6","7","8","9"],"CharID_170-137":["0","1","10","2","3","4","5","6","7","8","9"],"CharID_170-138":["0","1","10","11","12","13","14","15","16","17","18","19","2","20","3","4","5","6","7","8","9"],"CharID_170-139":["0","1","10","11","12","13","14","2","3","4","5","6","7","8","9"],"CharID_170-140":["0","1","10","11","12","13","14","15","16","17","18","19","2","20","21","22","3","4","5","6","7","8","9"],"CharID_170-141":["0","1","10","11","12","13","14","15","2","3","4","5","6","7","8","9"],"CharID_171-1":["0","1","10","11","12","13","14","2","3","4","5","6","7","8","9"],"CharID_171-2":["0","1","10","11","12","13","14","15","16","17","18","19","2","20","21","22","3","4","5","6","7","8","9"],"CharID_171-3":["0","1","10","11","12","13","14","15","16","2","3","4","5","6","7","8","9"],"CharID_171-4":["0","1","10","11","12","13","14","15","16","17","2","3","4","5","6","7","8","9"],"CharID_172-0":["0","1","10","2","3","4","5","6","7","8","9"],"CharID_172-1":["0","1","10","11","12","13","14","15","16","17","18","19","2","20","21","3","4","5","6","7","8","9"],"CharID_172-142":["0","1","10","11","12","13","2","3","4","5","6","7","8","9"],"CharID_172-143":["0","1","10","11","12","13","14","15","2","3","4","5","6","7","8","9"],"CharID_172-144":["0","1","10","11","12","13","14","15","16","17","18","19","2","20","21","22","23","24","25","26","27","3","4","5","6","7","8","9"],"CharID_172-3":["0","1","10","11","12","13","14","15","16","17","18","19","2","20","21","22","23","24","25","3","4","5","6","7","8","9"],"CharID_172-4":["0","1","10","11","12","13","14","15","2","3","4","5","6","7","8","9"],"CharID_173-0":["0","1","2","3","4","5","6","7","8","9"],"CharID_173-2":["0","1","2","3","4","5","6","7","8","9"],"CharID_174-0":["0","1","10","2","3","4","5","6","7","8","9"],"CharID_174-1":["0","1","10","11","12","2","3","4","5","6","7","8","9"],"CharID_174-145":["0","1","10","11","12","13","14","15","16","17","18","19","2","20","21","22","23","24","25","26","27","28","3","4","5","6","7","8","9"],"CharID_174-146":["0","1","10","11","12","13","14","15","16","2","3","4","5","6","7","8","9"],"CharID_174-29":["0","1","10","11","2","3","4","5","6","7","8","9"],"CharID_174-3":["0","1","10","11","12","13","2","3","4","5","6","7","8","9"],"CharID_174-30":["0","1","10","11","12","13","14","15","16","17","18","19","2","20","21","22","3","4","5","6","7","8","9"],"CharID_174-31":["0","1","10","11","12","13","2","3","4","5","6","7","8","9"],"CharID_174-32":["0","1","10","11","12","13","14","15","2","3","4","5","6","7","8","9"],"CharID_174-4":["0","1","10","11","12","13","14","15","16","2","3","4","5","6","7","8","9"],"CharID_175-0":["0","1","10","2","3","4","5","6","7","8","9"],"CharID_175-1":["0","1","10","11","12","2","3","4","5","6","7","8","9"],"CharID_175-2":["0","1","10","11","12","13","2","3","4","5","6","7","8","9"],"CharID_175-3":["0","1","10","11","12","13","2","3","4","5","6","7","8","9"],"CharID_175-4":["0","1","10","11","12","13","2","3","4","5","6","7","8","9"],"CharID_176-0":["0","1","10","11","2","3","4","5","6","7","8","9"],"CharID_176-1":["0","1","10","11","12","2","3","4","5","6","7","8","9"],"CharID_176-2":["0","1","10","11","12","13","14","2","3","4","5","6","7","8","9"],"CharID_176-3":["0","1","10","11","12","13","2","3","4","5","6","7","8","9"],"CharID_176-4":["0","1","10","11","12","13","14","2","3","4","5","6","7","8","9"],"CharID_177-0":["0","1","10","2","3","4","5","6","7","8","9"],"CharID_177-1":["0","1","10","11","2","3","4","5","6","7","8","9"],"CharID_177-2":["0","1","10","11","12","13","14","2","3","4","5","6","7","8","9"],"CharID_177-3":["0","1","10","11","12","13","14","2","3","4","5","6","7","8","9"],"CharID_177-4":["0","1","10","11","12","13","14","2","3","4","5","6","7","8","9"],"CharID_178-0":["0","1","10","2","3","4","5","6","7","8","9"],"CharID_178-1":["0","1","10","11","12","2","3","4","5","6","7","8","9"],"CharID_178-2":["0","1","10","11","12","13","14","2","3","4","5","6","7","9"],"CharID_178-3":["0","1","10","11","12","13","2","3","4","5","6","7","8","9"],"CharID_178-4":["0","1","10","11","12","13","14","2","3","4","5","6","7","8","9"],"CharID_179-0":["0","1","10","11","12","2","3","4","5","6","7","8","9"],"CharID_179-1":["0","1","10","11","12","13","14","2","3","4","5","6","7","8","9"],"CharID_179-2":["0","1","10","11","12","13","14","15","16","17","2","3","4","5","6","7","8","9"],"CharID_179-3":["0","1","10","11","12","13","14","15","2","3","4","5","6","7","8","9"],"CharID_179-4":["0","1","10","11","12","13","14","15","16","17","2","3","4","5","6","7","8","9"],"CharID_18-0":["0","1","10","2","3","4","5","6","7","8","9"],"CharID_18-1":["0","1","10","11","12","13","14","2","3","4","5","6","7","8","9"],"CharID_18-2":["0","1","10","11","12","13","14","15","16","2","3","4","5","6","7","8","9"],"CharID_18-3":["0","1","10","11","12","13","14","15","2","3","4","5","6","7","8","9"],"CharID_18-4":["0","1","10","11","12","13","14","15","16","17","18","19","2","20","21","22","23","24","25","3","4","5","6","7","8","9"],"CharID_180-2":["0","1","10","11","12","13","14","15","16","17","18","19","2","20","21","22","23","24","25","26","27","28","29","3","30","31","32","33","34","35","36","37","38","39","4","40","41","42","43","44","45","46","47","48","49","5","50","51","52","53","6","7","8","9"],"CharID_181-0":["0","1","10","2","3","4","5","6","7","8","9"],"CharID_181-1":["0","1","10","11","12","13","14","2","3","4","5","6","7","8","9"],"CharID_181-2":["0","1","10","11","12","13","14","15","16","17","18","19","2","20","21","22","23","24","25","3","4","5","6","7","8","9"],"CharID_181-26":["0","1","10","11","12","13","14","2","3","4","5","6","7","8","9"],"CharID_181-3":["0","1","10","11","12","13","14","15","16","2","3","4","5","6","7","8","9"],"CharID_182-0":["0","1","2","3","4","5","6","7","8","9"],"CharID_182-2":["0","1","10","11","12","13","14","15","2","3","4","5","6","7","8","9"],"CharID_183-0":["0","1","10","2","3","4","5","6","7","8","9"],"CharID_183-1":["0","1","10","11","12","13","14","15","16","17","18","19","2","20","21","22","23","24","3","4","5","6","7","8","9"],"CharID_183-147":["0","1","10","11","12","13","14","15","16","17","18","19","2","20","21","22","23","24","25","26","3","4","5","6","7","8","9"],"CharID_183-2":["0","1","10","11","12","13","2","3","4","5","6","7","8","9"],"CharID_183-27":["0","1","10","11","12","13","14","15","16","17","18","19","2","20","21","22","23","24","25","26","3","4","5","6","7","8","9"],"CharID_183-3":["0","1","10","11","12","13","2","3","4","5","6","7","8","9"],"CharID_183-4":["0","1","10","11","12","13","14","2","3","4","5","6","7","8","9"],"CharID_183-5":["0","1","10","11","12","2","3","4","5","6","7","8","9"],"CharID_183-6":["0","1","10","11","12","13","2","3","4","5","6","7","8","9"],"CharID_184-1":["0","1","10","11","12","13","14","15","2","3","4","5","6","7","8","9"],"CharID_184-128":["0","1","10","11","12","13","14","15","16","17","18","19","2","20","21","22","3","4","5","6","7","8","9"],"CharID_184-2":["0","1","10","11","12","13","14","15","2","3","4","5","6","7","8","9"],"CharID_184-4":["0","1","10","11","12","13","14","2","3","4","5","6","7","8","9"],"CharID_185-0":["0","1","10","2","3","4","5","6","7","8","9"],"CharID_185-1":["0","1","10","11","12","13","14","15","16","17","18","19","2","3","4","5","6","7","8","9"],"CharID_185-2":["0","1","10","11","12","13","14","15","2","3","4","5","6","7","8","9"],"CharID_185-3":["0","1","10","11","12","13","14","15","16","17","18","19","2","20","21","3","4","5","6","7","8","9"],"CharID_185-4":["0","1","10","11","12","13","14","2","3","4","5","6","7","8","9"],"CharID_186-2":["0","1","10","11","12","13","14","2","3","4","5","6","7","8","9"],"CharID_187-1":["0","1","10","11","12","2","3","4","5","6","7","8","9"],"CharID_187-2":["0","1","10","11","12","13","2","3","4","5","6","7","8","9"],"CharID_187-3":["0","1","10","11","12","13","2","3","4","5","6","7","8","9"],"CharID_187-4":["0","1","10","11","12","13","14","2","3","5","6","7","8","9"],"CharID_188-2":["0","1","10","11","12","13","14","2","3","4","5","6","7","8","9"],"CharID_19-0":["0","1","10","2","3","4","5","6","7","8","9"],"CharID_19-1":["0","1","10","11","12","13","14","15","16","17","18","19","2","3","4","5","6","7","8","9"],"CharID_19-24":["0","1","10","11","12","13","14","15","16","17","18","19","2","20","21","22","23","24","25","26","3","4","5","6","7","8","9"],"CharID_19-25":["0","1","10","11","12","13","14","15","2","3","4","5","6","7","8","9"],"CharID_19-3":["0","1","10","11","12","13","14","15","16","17","18","19","2","20","21","3","4","5","6","7","8","9"],"CharID_19-4":["0","1","10","11","12","13","14","15","2","3","4","5","6","7","8","9"],"CharID_2-0":["0","1","10","2","3","4","5","6","7","8","9"],"CharID_2-1":["0","1","10","11","12","13","14","15","16","17","18","19","2","3","4","5","6","7","8","9"],"CharID_2-2":["0","1","10","11","12","13","14","15","2","3","4","5","6","7","8","9"],"CharID_2-3":["0","1","10","11","12","13","14","15","2","3","4","5","6","7","8","9"],"CharID_2-4":["0","1","10","11","12","13","2","3","4","5","6","7","8","9"],"CharID_2-5":["0","1","10","11","12","13","14","15","16","17","18","19","2","3","4","5","6","7","8","9"],"CharID_2-6":["0","1","10","11","12","13","14","15","2","3","4","5","6","7","8","9"],"CharID_20-0":["0","1","10","2","3","4","5","6","7","8","9"],"CharID_20-1":["0","1","10","11","12","2","3","4","5","6","7","8","9"],"CharID_20-2":["0","1","10","11","12","13","2","3","4","5","6","7","8","9"],"CharID_20-26":["0","1","10","11","12","13","2","3","4","5","6","7","8","9"],"CharID_20-3":["0","1","10","11","12","13","2","3","4","5","6","7","8","9"],"CharID_20-4":["0","1","10","11","12","13","2","3","4","5","6","7","8","9"],"CharID_21-1":["0","1","10","11","2","3","4","5","6","7","8","9"],"CharID_21-2":["0","1","10","11","12","13","14","15","16","17","18","19","2","20","21","3","4","5","6","7","8","9"],"CharID_21-3":["0","1","10","11","12","13","2","3","4","5","6","7","8","9"],"CharID_21-4":["0","1","10","11","12","13","2","3","4","5","6","7","8","9"],"CharID_22-0":["0","1","10","2","3","4","5","6","7","8","9"],"CharID_22-1":["0","1","10","11","12","2","3","4","5","6","7","8","9"],"CharID_22-2":["0","1","10","11","12","13","2","3","4","5","6","7","8","9"],"CharID_22-27":["0","1","10","11","12","13","2","3","4","5","6","7","8","9"],"CharID_22-3":["0","1","10","11","12","13","2","3","4","5","6","7","8","9"],"CharID_23-1":["0","1","10","11","12","2","3","4","5","6","7","8","9"],"CharID_23-2":["0","1","10","11","12","13","14","15","16","17","18","19","2","20","21","3","4","5","6","7","8","9"],"CharID_23-3":["0","1","10","11","12","13","2","3","4","5","6","7","8","9"],"CharID_23-4":["0","1","10","11","12","13","2","3","4","5","6","7","8","9"],"CharID_24-0":["0","1","10","2","3","4","5","6","7","8","9"],"CharID_24-1":["0","1","10","11","12","13","2","3","4","5","6","7","8","9"],"CharID_24-2":["0","1","10","11","12","13","14","15","2","3","4","5","6","7","8","9"],"CharID_24-28":["0","1","10","11","12","13","2","3","4","5","6","7","8","9"],"CharID_24-3":["0","1","10","11","12","13","2","3","4","5","6","7","8","9"],"CharID_24-4":["0","1","2","3","4"],"CharID_25-0":["0","1","2","3","4","5","6","7","8","9"],"CharID_25-1":["0","1","10","11","12","13","14","15","16","17","18","19","2","20","21","22","23","24","25","26","27","28","29","3","30","31","4","5","6","7","8","9"],"CharID_25-10":["0","1","10","11","12","13","14","2","3","4","5","6","7","8","9"],"CharID_25-27":["0","1","10","11","12","13","14","15","2","3","4","5","6","7","8","9"],"CharID_25-29":["0","1","10","11","12","13","14","2","3","4","5","6","7","8","9"],"CharID_25-30":["0","1","10","11","12","13","14","15","16","17","18","19","2","20","21","22","3","4","5","6","7","8","9"],"CharID_25-31":["0","1","10","11","12","13","14","2","3","4","5","6","7","8","9"],"CharID_25-32":["0","1","10","11","12","13","14","15","2","3","4","5","6","7","8","9"],"CharID_25-33":["0","1","10","11","12","13","14","15","16","17","18","19","2","20","21","22","23","24","25","26","27","28","29","3","4","5","6","7","8","9"],"CharID_25-34":["0","1","10","11","12","13","14","15","16","17","18","19","2","20","21","22","23","24","25","26","27","28","29","3","4","5","6","7","8","9"],"CharID_25-35":["0","1","10","11","12","2","3","4","5","6","7","8","9"],"CharID_25-36":["0","1","10","11","12","13","14","15","16","17","2","3","4","5","6","7","8","9"],"CharID_25-37":["0","1","2","3","4","5","6","7","8","9"],"CharID_25-38":["0","1","10","11","12","13","2","3","4","5","6","7","8","9"],"CharID_25-4":["0","1","10","11","12","13","14","15","16","2","3","4","5","6","7","8","9"],"CharID_26-1":["0","1","10","11","12","2","3","4","5","6","7","8","9"],"CharID_26-2":["0","1","10","11","12","13","14","15","16","17","18","19","2","20","21","3","4","5","6","7","8","9"],"CharID_26-3":["0","1","10","11","12","13","2","3","4","5","6","7","8","9"],"CharID_26-4":["0","1","10","11","12","13","2","3","4","5","6","7","8","9"],"CharID_27-0":["0","1","10","2","3","4","5","6","7","8","9"],"CharID_27-1":["0","1","10","11","12","13","14","15","16","17","18","19","2","20","21","22","23","24","3","4","5","6","7","8","9"],"CharID_27-2":["0","1","10","11","12","13","14","15","2","3","4","5","6","7","8","9"],"CharID_27-3":["0","1","10","11","12","13","14","15","16","17","18","19","2","20","21","22","23","24","25","26","3","4","5","6","7","8","9"],"CharID_27-39":["0","1","10","11","12","13","14","15","16","2","3","4","5","6","7","8","9"],"CharID_27-40":["0","1","2","3","4"],"CharID_27-41":["0","1","2","3","4"],"CharID_27-42":["0","1","2","3","4"],"CharID_28-0":["0","1","10","2","3","4","5","6","7","8","9"],"CharID_28-1":["0","1","10","11","12","13","14","15","16","17","18","19","2","20","21","22","23","24","3","4","5","6","7","8","9"],"CharID_28-13":["0","1","10","11","12","13","14","15","2","3","4","5","6","7","8","9"],"CharID_28-3":["0","1","10","11","12","13","14","15","16","17","18","19","2","20","21","22","23","24","25","26","3","4","5","6","7","8","9"],"CharID_28-4":["0","1","10","11","12","13","14","15","16","2","3","4","5","6","7","8","9"],"CharID_28-43":["0","1","10","11","12","13","14","15","16","17","18","19","2","20","21","22","23","24","25","26","27","28","29","3","30","4","5","6","7","8","9"],"CharID_29-0":["0","1","10","2","3","4","5","6","7","8","9"],"CharID_29-1":["0","1","10","11","12","2","3","4","5","6","7","8","9"],"CharID_29-2":["0","1","10","11","12","13","2","3","4","5","6","7","8","9"],"CharID_29-3":["0","1","10","11","12","13","2","3","4","5","6","7","8","9"],"CharID_29-4":["0","1","10","11","12","13","14","2","3","4","5","6","7","8","9"],"CharID_3-0":["0","1","10","2","3","4","5","6","7","8","9"],"CharID_3-1":["0","1","10","11","12","13","14","15","2","3","4","5","6","7","8","9"],"CharID_3-3":["0","1","10","11","12","13","14","2","3","4","5","6","7","8","9"],"CharID_3-4":["0","1","10","11","12","13","14","15","16","17","18","19","2","20","21","22","23","24","25","26","27","28","29","3","30","31","32","4","5","6","7","8","9"],"CharID_3-7":["0","1","10","11","12","13","14","15","16","17","18","19","2","20","21","22","23","24","25","26","3","4","5","6","7","8","9"],"CharID_3-8":["0","1","10","11","12","13","14","15","2","3","4","5","6","7","8","9"],"CharID_30-0":["0","1","10","2","3","4","5","6","7","8","9"],"CharID_30-1":["0","1","10","11","12","13","14","15","16","17","18","19","2","3","4","5","6","7","8","9"],"CharID_30-2":["0","1","10","11","12","13","14","15","2","3","4","5","6","7","8","9"],"CharID_30-3":["0","1","10","11","12","13","14","15","16","17","18","19","2","20","21","3","4","5","6","7","8","9"],"CharID_30-4":["0","1","10","11","12","13","14","15","16","2","3","4","5","6","7","8","9"],"CharID_31-0":["0","1","10","2","3","4","5","6","7","8","9"],"CharID_31-1":["0","1","10","11","12","13","14","15","16","2","3","4","5","6","7","8","9"],"CharID_31-2":["0","1","10","11","12","13","14","15","2","3","4","5","6","7","8","9"],"CharID_31-3":["0","1","10","11","12","13","14","15","16","17","2","3","4","5","6","7","8","9"],"CharID_31-4":["0","1","10","11","12","13","14","15","2","3","4","5","6","7","8","9"],"CharID_32-0":["0","1","10","2","3","4","5","6","7","8","9"],"CharID_32-1":["0","1","10","11","12","13","14","15","16","17","18","19","2","20","3","4","5","6","7","8","9"],"CharID_32-2":["0","1","10","11","12","13","14","15","16","2","3","4","5","6","7","8","9"],"CharID_32-3":["0","1","10","11","12","13","14","15","16","17","18","19","2","20","21","3","4","5","6","7","8","9"],"CharID_32-9":["0","1","10","11","12","13","14","2","3","4","5","6","7","8","9"],"CharID_33-2":["0","1","10","11","12","13","14","15","16","17","18","19","2","20","21","22","23","24","25","26","27","28","29","3","30","31","32","33","34","35","36","37","38","39","4","40","41","42","43","44","45","46","47","48","49","5","50","51","52","53","6","7","8","9"],"CharID_34-0":["0","1","10","2","3","4","5","6","7","8","9"],"CharID_34-1":["0","1","10","11","12","2","3","4","5","6","7","8","9"],"CharID_34-2":["0","1","10","11","12","13","2","3","4","5","6","7","8","9"],"CharID_34-26":["0","1","10","11","12","13","14","15","2","3","4","5","6","7","8","9"],"CharID_34-3":["0","1","10","11","12","13","2","3","4","5","6","7","8","9"],"CharID_34-4":["0","1","10","11","12","13","14","15","2","3","4","5","6","7","8","9"],"CharID_35-0":["0","1","10","2","3","4","5","6","7","8","9"],"CharID_35-1":["0","1","10","11","12","2","3","4","5","6","7","8","9"],"CharID_35-2":["0","1","10","11","12","13","2","3","4","5","6","7","8","9"],"CharID_35-3":["0","1","10","11","12","13","2","3","4","5","6","7","8","9"],"CharID_35-4":["0","1","10","11","12","13","2","3","4","5","6","7","8","9"],"CharID_36-0":["0","1","10","2","3","4","5","6","7","8","9"],"CharID_36-1":["0","1","10","11","12","2","3","4","5","6","7","8","9"],"CharID_36-2":["0","1","10","11","12","2","3","4","5","6","7","8","9"],"CharID_36-3":["0","1","10","11","12","13","2","3","4","5","6","7","8","9"],"CharID_36-4":["0","1","10","11","12","13","14","15","2","3","4","5","6","7","8","9"],"CharID_37-0":["0","1","10","2","3","4","5","6","7","8","9"],"CharID_37-1":["0","1","10","11","12","13","14","15","16","17","18","19","2","3","4","5","6","7","8","9"],"CharID_37-2":["0","1","10","11","12","13","14","15","16","17","18","2","3","4","5","6","7","8","9"],"CharID_37-3":["0","1","10","11","12","13","14","15","16","17","18","19","2","20","21","22","3","4","5","6","7","8","9"],"CharID_37-4":["0","1","10","11","12","13","14","2","3","4","5","6","7","8","9"],"CharID_38-0":["0","1","10","2","3","4","5","6","7","8","9"],"CharID_38-1":["0","1","10","11","12","13","14","15","16","17","18","19","2","20","21","22","23","24","25","3","4","5","6","7","8","9"],"CharID_38-3":["0","1","10","11","12","13","14","15","16","17","18","19","2","20","21","22","23","24","25","26","27","28","3","4","5","6","7","8","9"],"CharID_38-44":["0","1","10","11","12","13","14","15","16","17","18","19","2","20","21","22","23","24","25","26","27","28","3","4","5","6","7","8","9"],"CharID_38-45":["0","1","10","11","12","13","14","15","16","17","18","19","2","3","4","5","6","7","8","9"],"CharID_38-46":["0","1","10","11","12","13","14","15","16","17","18","19","2","20","21","22","23","24","3","4","5","6","7","8","9"],"CharID_38-47":["0","1","10","11","12","13","14","15","16","17","18","2","3","4","5","6","7","8","9"],"CharID_38-48":["0","1","10","11","12","2","3","4","5","6","7","8","9"],"CharID_39-0":["0","1","10","2","3","4","5","6","7","8","9"],"CharID_39-1":["0","1","10","11","12","2","3","4","5","6","7","8","9"],"CharID_39-2":["0","1","10","11","12","13","14","15","16","17","18","19","2","20","21","22","23","24","25","26","3","4","5","6","7","8","9"],"CharID_39-3":["0","1","10","11","12","13","2","3","4","5","6","7","8","9"],"CharID_39-9":["0","1","10","11","12","13","14","15","16","17","18","19","2","20","21","3","4","5","6","7","8","9"],"CharID_4-0":["0","1","10","2","3","4","5","6","7","8","9"],"CharID_4-1":["0","1","10","11","12","13","14","15","16","17","18","19","2","20","21","22","23","24","25","26","27","28","29","3","4","5","6","7","8","9"],"CharID_4-2":["0","1","10","11","12","13","14","2","3","4","5","6","7","8","9"],"CharID_4-3":["0","1","10","11","12","13","14","2","3","4","5","6","7","8","9"],"CharID_4-4":["0","1","10","11","12","13","14","15","16","17","18","19","2","20","21","22","23","24","25","26","27","3","4","5","6","7","8","9"],"CharID_40-2":["0","1","2","3","4","5","6","7","8"],"CharID_41-0":["0","1","10","11","2","3","4","5","6","7","8","9"],"CharID_41-1":["0","1","10","11","12","2","3","4","5","6","7","8","9"],"CharID_41-2":["0","1","10","11","12","13","2","3","4","5","6","7","8","9"],"CharID_41-3":["0","1","10","11","12","13","14","2","3","4","5","6","7","8","9"],"CharID_41-4":["0","1","10","11","12","13","14","2","3","4","5","6","7","8","9"],"CharID_42-0":["0","1","10","11","2","3","4","5","6","7","8","9"],"CharID_42-1":["0","1","10","11","12","2","3","4","5","6","7","8","9"],"CharID_42-2":["0","1","10","11","12","13","2","3","4","5","6","7","8","9"],"CharID_42-3":["0","1","10","11","12","13","2","3","4","5","6","7","8","9"],"CharID_42-4":["0","1","10","11","12","13","2","3","4","5","6","7","8","9"],"CharID_43-2":["0","1","10","11","12","13","14","15","16","17","18","19","2","20","21","22","23","24","25","26","27","28","29","3","30","31","32","33","34","35","36","37","38","39","4","40","41","42","43","44","45","46","47","48","49","5","50","51","52","53","6","7","8","9"],"CharID_44-1":["0","1","10","11","12","2","3","4","5","6","7","8","9"],"CharID_44-2":["0","1","10","11","12","13","14","15","16","17","18","19","2","20","21","3","4","5","6","7","8","9"],"CharID_44-3":["0","1","10","11","12","13","2","3","4","5","6","7","8","9"],"CharID_44-4":["0","1","10","11","12","13","14","2","3","4","5","6","7","8","9"],"CharID_45-0":["0","1","10","2","3","4","5","6","7","8","9"],"CharID_45-2":["0","1","10","11","12","13","2","3","4","5","6","7","8","9"],"CharID_45-27":["0","1","10","11","12","13","2","3","4","5","6","7","8","9"],"CharID_45-3":["0","1","10","11","12","13","2","3","4","5","6","7","8","9"],"CharID_46-49":["0","1","10","11","12","13","2","3","4","5","6","7","8","9"],"CharID_46-50":["0","1","10","11","12","13","2","3","4","5","6","7","8","9"],"CharID_46-51":["0","1","10","11","12","13","2","3","4","5","6","7","8","9"],"CharID_47-17":["0","1","10","11","12","13","2","3","4","5","6","7","8","9"],"CharID_47-18":["0","1","10","11","12","13","2","3","4","5","6","7","8","9"],"CharID_47-19":["0","1","10","11","12","13","2","3","4","5","6","7","8","9"],"CharID_48-0":["0","1","10","2","3","4","5","6","7","8","9"],"CharID_48-1":["0","1","10","11","12","13","14","15","16","17","18","19","2","3","4","5","6","7","8","9"],"CharID_48-2":["0","1","10","11","12","13","2","3","4","5","6","7","8","9"],"CharID_48-3":["0","1","10","11","12","13","14","15","16","17","18","19","2","20","21","3","4","5","6","7","8","9"],"CharID_48-4":["0","1","10","11","12","13","14","15","2","3","4","5","6","7","8","9"],"CharID_49-0":["0","1","10","11","2","3","4","5","6","7","8","9"],"CharID_49-1":["0","1","10","11","12","2","3","4","5","6","7","8","9"],"CharID_49-2":["0","1","10","11","12","13","14","2","3","4","5","6","7","8","9"],"CharID_49-3":["0","1","10","11","12","13","14","2","3","4","5","6","7","8","9"],"CharID_49-4":["0","1","10","11","12","13","14","2","3","4","5","6","7","8","9"],"CharID_5-0":["0","1","10","2","3","4","5","6","7","8","9"],"CharID_5-1":["0","1","10","11","12","13","14","15","16","17","18","19","2","3","4","5","6","7","8","9"],"CharID_5-2":["0","1","10","11","12","13","14","15","2","3","4","5","6","7","8","9"],"CharID_5-3":["0","1","10","11","12","13","14","15","16","17","18","19","2","20","21","3","4","5","6","7","8","9"],"CharID_5-9":["0","1","10","11","12","13","14","15","16","17","18","19","2","20","21","3","4","5","6","7","8","9"],"CharID_50-0":["0","1","10","2","3","4","5","6","7","8","9"],"CharID_50-1":["0","1","10","11","12","2","3","4","5","6","7","8","9"],"CharID_50-2":["0","1","10","11","12","13","2","3","4","5","6","7","8","9"],"CharID_50-3":["0","1","10","11","12","13","2","3","4","5","6","7","9"],"CharID_50-4":["0","1","10","11","12","13","2","3","4","5","6","7","8","9"],"CharID_51-0":["0","1","10","2","3","4","5","6","7","8","9"],"CharID_51-1":["0","1","10","11","12","13","14","15","16","17","18","19","2","3","4","5","6","7","8","9"],"CharID_51-2":["0","1","10","11","12","13","14","15","2","3","4","5","6","7","8","9"],"CharID_51-3":["0","1","10","11","12","13","14","15","16","17","18","19","2","20","21","3","4","5","6","7","8","9"],"CharID_51-4":["0","1","10","11","12","13","14","15","16","2","3","4","5","6","7","8","9"],"CharID_52-0":["0","1","10","2","3","4","5","6","7","8","9"],"CharID_52-2":["0","1","10","11","12","13","14","15","2","3","4","5","6","7","8","9"],"CharID_52-27":["0","1","10","11","12","13","14","15","16","17","18","19","2","20","21","22","3","4","5","6","7","8","9"],"CharID_52-3":["0","1","10","11","12","13","2","3","4","5","6","7","8","9"],"CharID_52-52":["0","1","10","11","12","13","14","2","3","4","5","6","7","8","9"],"CharID_52-53":["0","1","10","11","12","13","14","15","16","17","18","19","2","20","21","22","3","4","5","6","7","8","9"],"CharID_53-0":["0","1","10","2","3","4","5","6","7","8","9"],"CharID_53-1":["0","1","10","11","12","2","3","4","5","6","7","8","9"],"CharID_53-2":["0","1","10","11","12","13","2","3","4","5","6","7","8","9"],"CharID_53-3":["0","1","10","11","12","13","2","3","4","5","6","7","8","9"],"CharID_53-4":["0","1","10","11","12","13","2","3","4","5","6","7","8","9"],"CharID_54-0":["0","1","10","2","3","4","5","6","7","8","9"],"CharID_54-1":["0","1","10","11","12","13","14","15","16","17","18","19","2","20","21","22","23","3","4","5","6","7","8","9"],"CharID_54-2":["0","1","10","11","12","13","14","15","16","17","18","19","2","3","4","5","6","7","8","9"],"CharID_54-3":["0","1","10","11","12","13","14","15","16","17","18","19","2","20","21","22","23","24","3","4","5","6","7","8","9"],"CharID_54-9":["0","1","10","11","12","13","14","15","2","3","4","5","6","7","8","9"],"CharID_55-0":["0","1","10","2","3","4","5","6","7","8","9"],"CharID_55-1":["0","1","10","11","12","13","14","15","16","17","18","19","2","20","3","4","5","6","7","8","9"],"CharID_55-2":["0","1","10","11","12","13","2","3","4","5","6","7","8","9"],"CharID_55-27":["0","1","10","11","12","13","14","15","16","17","18","19","2","20","21","22","23","24","3","4","5","6","7","8","9"],"CharID_55-4":["0","1","10","11","12","13","14","2","3","4","5","6","7","8","9"],"CharID_55-54":["0","1","10","11","12","13","14","15","16","17","18","19","2","20","21","22","3","4","5","6","7","8","9"],"CharID_56-0":["0","1","10","2","3","4","5","6","7","8","9"],"CharID_56-1":["0","1","10","11","12","13","2","3","4","5","6","7","8","9"],"CharID_56-2":["0","1","10","11","12","13","2","3","4","5","6","7","8","9"],"CharID_56-3":["0","1","10","11","12","13","14","15","2","3","4","5","6","7","8","9"],"CharID_56-4":["0","1","10","11","12","13","2","3","4","5","6","7","8","9"],"CharID_57-0":["0","1","10","2","3","4","5","6","7","8","9"],"CharID_57-1":["0","1","10","11","12","13","14","15","16","17","18","19","2","20","21","22","23","3","4","5","6","7","8","9"],"CharID_57-10":["0","1","10","11","12","13","14","2","3","4","5","6","7","8","9"],"CharID_57-2":["0","1","10","11","12","13","2","3","4","5","6","7","8","9"],"CharID_57-3":["0","1","10","11","12","13","14","15","16","17","18","19","2","20","21","22","23","24","25","3","4","5","6","7","8","9"],"CharID_57-38":["0","1","10","11","12","13","2","3","4","5","6","7","8","9"],"CharID_57-4":["0","1","10","11","12","13","2","3","4","5","6","7","8","9"],"CharID_58-1":["0","1","10","11","12","2","3","4","5","6","7","8","9"],"CharID_58-2":["0","1","10","11","12","13","14","15","16","17","18","19","2","20","21","3","4","5","6","7","8","9"],"CharID_58-3":["0","1","10","11","12","13","2","3","4","5","6","7","8","9"],"CharID_58-4":["0","1","10","11","12","2","3","4","5","6","7","8","9"],"CharID_59-0":["0","1","10","2","3","4","5","6","7","8","9"],"CharID_59-1":["0","1","10","11","12","13","14","15","16","17","18","19","2","20","21","3","4","5","6","7","8","9"],"CharID_59-2":["0","1","10","11","12","13","14","15","16","17","18","19","2","20","3","4","5","6","7","8","9"],"CharID_59-3":["0","1","10","11","12","13","14","15","16","17","18","19","2","20","21","22","23","3","4","5","6","7","8","9"],"CharID_59-33":["0","1","10","11","12","13","2","3","4","5","6","7","8","9"],"CharID_59-34":["0","1","10","11","12","13","2","3","4","5","6","7","8","9"],"CharID_59-4":["0","1","10","11","12","13","14","15","16","17","18","19","2","20","3","4","5","6","7","8","9"],"CharID_6-0":["0","1","10","2","3","4","5","6","7","8","9"],"CharID_6-1":["0","1","10","11","12","13","14","15","16","17","18","19","2","3","4","5","6","7","8","9"],"CharID_6-2":["0","1","10","11","12","13","14","15","2","3","4","5","6","7","8","9"],"CharID_6-3":["0","1","10","11","12","13","14","15","16","17","18","19","2","20","21","3","4","5","6","7","8","9"],"CharID_6-9":["0","1","10","11","12","13","14","15","16","17","18","19","2","20","21","3","4","5","6","7","8","9"],"CharID_60-0":["0","1","10","2","3","4","5","6","7","8","9"],"CharID_60-1":["0","1","10","11","12","2","3","4","5","6","7","8","9"],"CharID_60-2":["0","1","10","11","12","13","2","3","4","5","6","7","8","9"],"CharID_60-3":["0","1","10","11","12","13","2","3","4","5","6","7","8","9"],"CharID_60-4":["0","1","10","11","12","13","2","3","4","5","6","7","8","9"],"CharID_61-0":["0","1","10","2","3","4","5","6","7","8","9"],"CharID_61-1":["0","1","10","11","2","3","4","5","6","7","8","9"],"CharID_61-2":["0","1","2","3","4","5","6","7"],"CharID_61-3":["0","1","10","11","12","13","2","3","4","5","6","7","8","9"],"CharID_61-4":["0","1","10","11","12","2","3","4","5","6","7","8","9"],"CharID_62-0":["0","1","10","11","2","3","4","5","6","7","8","9"],"CharID_62-1":["0","1","10","11","12","13","2","3","4","5","7","8","9"],"CharID_62-2":["0","1","10","11","12","13","2","3","4","5","6","7","8","9"],"CharID_62-3":["0","1","10","11","12","13","2","3","4","5","6","7","8","9"],"CharID_62-4":["0","1","10","11","12","13","2","3","4","5","6","7","8","9"],"CharID_63-0":["0","1","10","2","3","4","5","6","7","8","9"],"CharID_63-1":["0","1","10","11","12","2","3","4","5","6","7","8","9"],"CharID_63-2":["0","1","10","11","12","2","3","4","5","6","7","8","9"],"CharID_63-3":["0","1","10","11","12","13","2","3","4","5","6","7","8","9"],"CharID_63-4":["0","1","10","11","12","13","14","2","3","4","5","6","7","8","9"],"CharID_64-0":["0","1","10","2","3","4","5","6","7","8","9"],"CharID_64-1":["0","1","2","3","4","5","6","7","8","9"],"CharID_64-2":["0","1","10","11","12","13","14","15","16","17","18","19","2","3","4","5","6","7","8","9"],"CharID_64-3":["0","1","2","3","4","5","6","7","8","9"],"CharID_64-38":["0","1","10","11","12","13","2","3","4","5","6","7","8","9"],"CharID_64-4":["0","1","10","11","12","13","2","3","4","5","6","7","8","9"],"CharID_65-1":["0","1","10","11","12","2","3","4","5","6","7","8","9"],"CharID_65-2":["0","1","10","11","12","13","14","15","16","17","18","19","2","20","21","3","4","5","6","7","8","9"],"CharID_65-3":["0","1","10","11","12","13","2","3","4","5","6","7","8","9"],"CharID_65-4":["0","1","10","11","12","13","2","3","4","5","6","7","8","9"],"CharID_66-1":["0","1","10","11","12","13","2","3","4","5","6","7","8","9"],"CharID_66-2":["0","1","10","11","12","13","14","15","2","3","4","5","6","7","8","9"],"CharID_66-3":["0","1","10","11","12","13","14","15","2","3","4","5","6","7","8","9"],"CharID_66-4":["0","1","10","11","12","13","14","15","16","17","18","19","2","20","21","22","23","24","3","4","5","6","7","8","9"],"CharID_67-2":["0","1","10","11","12","13","14","15","16","17","18","19","2","20","21","22","23","24","25","26","27","28","29","3","30","31","32","33","34","35","36","37","38","39","4","40","41","42","43","44","45","46","47","48","49","5","50","51","52","53","6","7","8","9"],"CharID_68-0":["0","1","10","2","3","4","5","6","7","8","9"],"CharID_68-1":["0","1","10","11","12","13","14","15","16","17","18","19","2","3","4","5","6","7","8","9"],"CharID_68-2":["0","1","10","11","12","13","14","15","2","3","4","5","6","7","8","9"],"CharID_68-3":["0","1","10","11","12","13","14","15","16","17","18","19","2","20","21","3","4","5","6","7","8","9"],"CharID_68-9":["0","1","10","11","12","13","2","3","4","5","6","7","8","9"],"CharID_69-2":["0","1","10","11","12","13","2","3","4","5","6","7","8","9"],"CharID_7-0":["0","1","10","2","3","4","5","6","7","8","9"],"CharID_7-1":["0","1","10","11","12","13","14","15","16","17","18","19","2","3","4","5","6","7","8","9"],"CharID_7-10":["0","1","10","11","12","13","14","15","16","2","3","4","5","6","7","8","9"],"CharID_7-2":["0","1","10","11","12","13","14","2","3","4","5","6","7","8","9"],"CharID_7-3":["0","1","10","11","12","13","14","15","16","17","18","19","2","20","21","3","4","5","6","7","8","9"],"CharID_7-4":["0","1","10","11","12","13","2","3","4","5","6","7","8","9"],"CharID_70-0":["0","1","10","11","2","3","4","5","6","7","8","9"],"CharID_70-1":["0","1","10","11","12","2","3","4","5","6","7","8","9"],"CharID_70-2":["0","1","10","11","12","13","14","15","2","3","4","5","6","7","8","9"],"CharID_70-3":["0","1","10","11","12","13","2","3","4","5","6","7","8","9"],"CharID_70-4":["0","1","10","11","12","13","14","15","16","2","3","4","5","6","7","8","9"],"CharID_71-0":["0","1","10","2","3","4","5","6","7","8","9"],"CharID_71-1":["0","1","10","11","12","2","3","4","5","6","7","8","9"],"CharID_71-2":["0","1","10","11","12","13","2","3","4","5","6","7","8","9"],"CharID_71-3":["0","1","10","11","12","13","2","3","4","5","6","7","8","9"],"CharID_71-4":["0","1","10","11","12","13","14","2","3","4","5","6","7","8","9"],"CharID_72-0":["0","1","10","2","3","4","5","6","7","8","9"],"CharID_72-1":["0","1","10","11","12","2","3","4","5","6","7","8","9"],"CharID_72-2":["0","1","10","11","12","13","2","3","4","5","6","7","8","9"],"CharID_72-3":["0","1","10","11","12","13","2","3","4","5","6","7","8","9"],"CharID_72-4":["0","1","10","11","12","13","14","15","2","3","4","5","6","7","8","9"],"CharID_73-0":["0","1","10","2","3","4","5","6","7","8","9"],"CharID_73-1":["0","1","10","11","12","13","14","15","16","17","18","19","2","3","4","5","6","7","8","9"],"CharID_73-2":["0","1","10","11","12","13","14","15","2","3","4","5","6","7","8","9"],"CharID_73-3":["0","1","10","11","12","13","14","15","16","17","18","19","2","20","21","3","4","5","6","7","8","9"],"CharID_73-4":["0","1","10","11","12","13","14","15","16","17","18","19","2","20","21","3","4","5","6","7","8","9"],"CharID_74-0":["0","1","10","2","3","4","5","6","7","8","9"],"CharID_74-1":["0","1","10","11","12","2","3","4","5","6","7","8","9"],"CharID_74-2":["0","1","10","11","12","13","2","3","4","5","6","7","8","9"],"CharID_74-3":["0","1","10","11","12","13","2","3","4","5","6","7","8","9"],"CharID_74-4":["0","1","10","11","12","13","2","3","4","5","6","7","8","9"],"CharID_75-1":["0","1","10","11","12","13","14","15","2","3","4","5","6","7","8","9"],"CharID_75-2":["0","1","10","11","12","13","14","15","16","17","18","19","2","20","21","22","3","4","5","6","7","8","9"],"CharID_75-3":["0","1","10","11","12","13","14","15","2","3","4","5","6","7","8","9"],"CharID_75-4":["0","1","10","11","12","13","14","15","16","17","2","3","4","5","6","7","8","9"],"CharID_76-0":["0","1","2","3","4","5","6","7","8","9"],"CharID_76-1":["0","1","10","11","12","13","14","15","16","17","18","19","2","20","3","4","5","6","7","8","9"],"CharID_76-2":["0","1","10","11","12","13","14","15","16","17","18","19","2","20","3","4","5","6","7","8","9"],"CharID_76-3":["0","1","10","11","12","13","14","15","16","17","18","2","3","4","5","6","7","8","9"],"CharID_76-4":["0","1","10","11","12","13","14","15","16","17","18","2","3","4","5","6","7","8","9"],"CharID_77-0":["0","1","10","2","3","4","5","6","7","8","9"],"CharID_77-1":["0","1","10","11","12","13","14","15","16","17","18","19","2","20","21","22","23","24","3","4","5","6","7","8","9"],"CharID_77-2":["0","1","10","11","12","13","14","15","2","3","4","5","6","7","8","9"],"CharID_77-3":["0","1","10","11","12","13","14","15","16","17","18","19","2","20","21","22","23","24","25","26","27","3","4","5","6","7","8","9"],"CharID_77-4":["0","1","10","11","12","13","14","15","2","3","4","5","6","7","8","9"],"CharID_77-55":["0","1","10","11","12","13","2","3","4","5","6","7","8","9"],"CharID_78-15":["0","1","2","3","4","5"],"CharID_79-1":["0","1","10","11","12","2","3","4","5","6","7","8","9"],"CharID_79-2":["0","1","10","11","12","13","14","15","16","17","18","19","2","20","21","3","4","5","6","7","8","9"],"CharID_79-3":["0","1","10","11","12","13","2","3","4","5","6","7","8","9"],"CharID_79-4":["0","1","10","11","12","13","14","15","2","3","4","5","6","7","8","9"],"CharID_8-0":["0","1","2","3","4","5","6","7","8","9"],"CharID_8-1":["0","1","10","11","12","2","3","4","5","6","7","8","9"],"CharID_8-11":["0","1","2","3","4","5","6","7","8","9"],"CharID_8-12":["0","1","2","3","4","5","6","7","8","9"],"CharID_8-13":["0","1","10","11","12","13","2","3","4","5","6","7","8","9"],"CharID_8-14":["0","1","2","3","4","5","6","7","8","9"],"CharID_8-2":["0","1","2","3","4","5","6","7","8"],"CharID_8-4":["0","1","10","11","12","13","2","3","4","5","6","7","8","9"],"CharID_80-0":["0","1","10","2","3","4","5","6","7","8","9"],"CharID_80-27":["0","1","10","11","12","13","2","3","4","5","6","7","8","9"],"CharID_80-3":["0","1","10","11","12","13","14","2","3","4","5","6","7","8","9"],"CharID_80-56":["0","1","10","11","12","13","14","15","16","17","18","19","2","20","21","22","23","24","25","26","3","4","5","6","7","8","9"],"CharID_80-57":["0","1","10","11","12","13","14","15","2","3","4","5","6","7","8","9"],"CharID_81-0":["0","1","10","2","3","4","5","6","7","8","9"],"CharID_81-1":["0","1","10","11","12","2","3","4","5","6","7","8","9"],"CharID_81-2":["0","1","10","11","12","13","2","3","4","5","6","7","8","9"],"CharID_81-3":["0","1","10","11","12","13","2","3","4","5","6","7","8","9"],"CharID_81-4":["0","1","10","11","12","13","2","3","4","5","6","7","8","9"],"CharID_82-0":["0","1","10","2","3","4","5","6","7","8","9"],"CharID_82-1":["0","1","10","11","12","13","14","15","16","17","18","19","2","3","4","5","6","7","8","9"],"CharID_82-3":["0","1","10","11","12","13","14","15","16","17","18","19","2","20","21","3","4","5","6","7","8","9"],"CharID_82-4":["0","1","10","11","12","13","2","3","4","5","6","7","8","9"],"CharID_82-58":["0","1","10","11","12","13","14","15","16","17","18","19","2","20","21","22","23","24","25","26","3","4","5","6","7","8","9"],"CharID_82-59":["0","1","10","11","12","13","14","15","2","3","4","5","6","7","8","9"],"CharID_83-0":["0","1","10","2","3","4","5","6","7","8","9"],"CharID_83-1":["0","1","10","11","12","2","3","4","5","6","7","8","9"],"CharID_83-2":["0","1","10","11","12","2","3","4","5","6","7","8","9"],"CharID_83-3":["0","1","10","11","12","13","2","3","4","5","6","7","8","9"],"CharID_83-4":["0","1","10","11","12","13","2","3","4","5","6","7","8","9"],"CharID_84-0":["0","1","10","2","3","4","5","6","7","8","9"],"CharID_84-1":["0","1","10","11","12","13","14","15","16","17","18","19","2","3","4","5","6","7","8","9"],"CharID_84-2":["0","1","10","11","12","13","14","2","3","4","5","6","7","8","9"],"CharID_84-3":["0","1","10","11","12","13","14","15","16","17","18","19","2","20","21","22","3","4","5","6","7","8","9"],"CharID_84-4":["0","1","10","11","12","13","14","15","16","17","18","19","2","20","21","22","3","4","5","6","7","8","9"],"CharID_85-0":["0","1","10","2","3","4","5","6","7","8","9"],"CharID_85-1":["0","1","10","11","12","13","14","15","16","17","18","19","2","3","4","5","6","7","8","9"],"CharID_85-2":["0","1","10","11","12","13","2","3","4","5","6","7","8","9"],"CharID_85-3":["0","1","10","11","12","13","14","15","16","17","18","19","2","20","21","3","4","5","6","7","8","9"],"CharID_85-4":["0","1","10","11","12","13","2","3","4","5","6","7","8","9"],"CharID_86-60":["0","1","10","2","3","4","5","6","7","8","9"],"CharID_86-61":["0","1","10","11","12","13","14","15","16","17","18","19","2","3","4","5","6","7","8","9"],"CharID_86-62":["0","1","10","11","12","13","14","15","16","2","3","4","5","6","7","8","9"],"CharID_86-63":["0","1","10","11","12","13","14","15","16","17","18","19","2","20","21","22","3","4","5","6","7","8","9"],"CharID_86-64":["0","1","10","11","12","13","2","3","4","5","6","7","8","9"],"CharID_87-1":["0","1","10","11","2","3","4","5","6","7","8","9"],"CharID_87-2":["0","1","10","11","12","13","14","15","16","17","18","19","2","20","21","3","4","5","6","7","8","9"],"CharID_87-3":["0","1","10","11","12","13","2","3","4","5","6","7","8","9"],"CharID_87-4":["0","1","10","11","12","13","2","3","4","5","6","7","8","9"],"CharID_88-1":["0","1","10","11","12","2","3","4","5","6","7","8","9"],"CharID_88-2":["0","1","10","11","12","13","14","15","16","17","18","19","2","20","21","3","4","5","6","7","8","9"],"CharID_88-3":["0","1","10","11","12","13","2","3","4","5","6","7","8","9"],"CharID_88-4":["0","1","10","11","12","13","2","3","4","5","6","7","8","9"],"CharID_89-0":["0","1","10","2","3","4","5","6","7","8","9"],"CharID_89-1":["0","1","10","11","12","13","14","15","16","2","3","4","5","6","7","8","9"],"CharID_89-2":["0","1","10","11","12","13","14","15","2","3","4","5","6","7","8","9"],"CharID_89-3":["0","1","10","11","12","13","14","15","2","3","4","5","6","7","8","9"],"CharID_89-9":["0","1","10","11","12","13","2","3","4","5","6","7","8","9"],"CharID_9-15":["0","1","2","3","4","5","6","7"],"CharID_90-0":["0","1","10","2","3","4","5","6","7","8","9"],"CharID_90-1":["0","1","10","11","12","13","14","15","16","17","18","19","2","3","4","5","6","7","8","9"],"CharID_90-3":["0","1","10","11","12","13","14","15","16","17","18","19","2","20","21","3","4","5","6","7","8","9"],"CharID_90-4":["0","1","10","11","12","13","2","3","4","5","6","7","8","9"],"CharID_90-65":["0","1","10","11","12","13","14","15","16","17","18","19","2","20","21","22","23","24","25","26","3","4","5","6","7","8","9"],"CharID_90-66":["0","1","10","11","12","13","14","15","2","3","4","5","6","7","8","9"],"CharID_91-0":["0","1","10","2","3","4","5","6","7","8","9"],"CharID_91-1":["0","1","10","11","12","13","2","3","4","5","6","7","8","9"],"CharID_91-2":["0","1","10","11","12","13","2","3","4","5","6","7","8","9"],"CharID_91-3":["0","1","10","11","12","13","14","2","3","4","5","6","7","8","9"],"CharID_91-4":["0","1","10","11","12","13","2","3","4","5","6","7","8","9"],"CharID_92-0":["0","1","10","11","2","3","4","5","6","7","8","9"],"CharID_92-1":["0","1","10","11","12","13","14","15","16","17","18","19","2","20","21","22","23","24","3","4","5","6","7","8","9"],"CharID_92-2":["0","1","10","11","12","13","14","15","16","2","3","4","5","6","7","8","9"],"CharID_92-3":["0","1","10","11","12","13","14","15","16","17","18","19","2","20","21","22","23","24","25","3","4","5","6","7","8","9"],"CharID_92-4":["0","1","10","11","12","13","14","15","2","3","4","5","6","7","8","9"],"CharID_93-0":["0","1","10","2","3","4","5","6","7","8","9"],"CharID_93-1":["0","1","10","11","12","13","14","15","16","17","18","19","2","3","4","5","6","7","8","9"],"CharID_93-2":["0","1","10","11","12","13","14","15","2","3","4","5","6","7","8","9"],"CharID_93-3":["0","1","10","11","12","13","14","15","16","17","18","19","2","20","3","4","5","6","7","8","9"],"CharID_93-4":["0","1","10","11","12","13","2","3","4","5","6","7","8","9"],"CharID_94-0":["0","1","10","2","3","4","5","6","7","8","9"],"CharID_94-1":["0","1","10","11","12","13","14","15","16","17","18","19","2","20","21","22","23","3","4","5","6","7","8","9"],"CharID_94-16":["0","1","10","11","12","13","2","3","4","5","6","7","8","9"],"CharID_94-2":["0","1","10","11","12","13","14","15","16","17","18","19","2","20","21","22","23","24","25","26","3","4","5","6","7","8","9"],"CharID_94-3":["0","1","10","11","12","13","14","15","16","17","18","19","2","20","21","22","23","24","25","26","3","4","5","6","7","8","9"],"CharID_94-6":["0","1","10","11","12","13","14","15","2","3","4","5","6","7","8","9"],"CharID_94-67":["0","1","2","3","4","5","6","7","8","9"],"CharID_94-68":["0","1","2","3","4","5","6"],"CharID_95-2":["0","1","10","11","12","13","2","3","4","5","6","7","8","9"],"CharID_96-17":["0","1","10","11","12","13","2","3","4","5","6","7","8","9"],"CharID_96-18":["0","1","10","11","12","13","2","3","4","5","6","7","8","9"],"CharID_96-19":["0","1","10","11","12","13","2","3","4","5","6","7","8","9"],"CharID_97-0":["0","1","10","2","3","4","5","6","7","8","9"],"CharID_97-1":["0","1","10","11","12","13","14","15","16","17","18","19","2","20","21","22","23","24","25","3","4","5","6","7","8","9"],"CharID_97-2":["0","1","10","11","12","13","14","15","2","3","4","5","6","7","8","9"],"CharID_97-3":["0","1","10","11","12","13","14","15","16","17","18","19","2","20","21","22","23","24","25","26","3","4","5","6","7","8","9"],"CharID_97-69":["0","1","2","3","4","5","6"],"CharID_97-70":["0","1","10","11","12","13","2","3","4","5","6","7","8","9"],"CharID_98-0":["0","1","10","2","3","4","5","6","7","8","9"],"CharID_98-1":["0","1","10","11","2","3","4","5","6","7","8","9"],"CharID_98-3":["0","1","10","11","12","13","14","2","3","4","5","6","7","8","9"],"CharID_98-4":["0","1","10","11","12","13","2","3","4","5","6","7","8","9"],"CharID_98-71":["0","1","10","11","12","13","2","3","4","5","6","7","8","9"],"CharID_99-2":["0","1","10","11","12","13","2","3","4","5","6","7","8","9"]}}}