{"明罗":{"school":"东方Project","club":"[旧作]东方封魔录","head":"CharID_75-0","name":{"zh_cn":"","zh_tw":"","jp":"","en":"","kr":"","pinyin":"mingluo"}},"玄爷":{"school":"东方Project","club":"[旧作]东方封魔录","head":"CharID_112-0","name":{"zh_cn":"","zh_tw":"","jp":"","en":"","kr":"","pinyin":"xuanye"}},"里香":{"school":"东方Project","club":"[旧作]东方封魔录","head":"CharID_159-1","name":{"zh_cn":"","zh_tw":"","jp":"","en":"","kr":"","pinyin":"lixiang"}},"奥莲姬":{"school":"东方Project","club":"[旧作]东方幻想乡","head":"CharID_44-0","name":{"zh_cn":"","zh_tw":"","jp":"","en":"","kr":"","pinyin":"aolianji"}},"幻月":{"school":"东方Project","club":"[旧作]东方幻想乡","head":"CharID_65-0","name":{"zh_cn":"","zh_tw":"","jp":"","en":"","kr":"","pinyin":"huanyue"}},"梦月":{"school":"东方Project","club":"[旧作]东方幻想乡","head":"CharID_88-2","name":{"zh_cn":"","zh_tw":"","jp":"","en":"","kr":"","pinyin":"mengyue"}},"胡桃":{"school":"东方Project","club":"[旧作]东方幻想乡","head":"CharID_134-0","name":{"zh_cn":"","zh_tw":"","jp":"","en":"","kr":"","pinyin":"hutao"}},"艾丽":{"school":"东方Project","club":"[旧作]东方幻想乡","head":"CharID_136-1","name":{"zh_cn":"","zh_tw":"","jp":"","en":"","kr":"","pinyin":"aili"}},"梦子":{"school":"东方Project","club":"[旧作]东方怪绮谈","head":"CharID_87-0","name":{"zh_cn":"","zh_tw":"","jp":"","en":"","kr":"","pinyin":"mengzi"}},"爱丽丝":{"school":"东方Project","club":"[旧作]东方怪绮谈","head":"CharID_102-0","name":{"zh_cn":"","zh_tw":"","jp":"","en":"","kr":"","pinyin":"ailisi"}},"神绮":{"school":"东方Project","club":"[旧作]东方怪绮谈","head":"CharID_121-2","name":{"zh_cn":"","zh_tw":"","jp":"","en":"","kr":"","pinyin":"shenqi"}},"舞":{"school":"东方Project","club":"[旧作]东方怪绮谈","head":"CharID_135-0","name":{"zh_cn":"雪","zh_tw":"","jp":"","en":"","kr":"","pinyin":"wu"}},"萨拉":{"school":"东方Project","club":"[旧作]东方怪绮谈","head":"CharID_148-1","name":{"zh_cn":"","zh_tw":"","jp":"","en":"","kr":"","pinyin":"sala"}},"雪":{"school":"东方Project","club":"[旧作]东方怪绮谈","head":"CharID_165-3","name":{"zh_cn":"舞","zh_tw":"","jp":"","en":"","kr":"","pinyin":"xue"}},"露易兹":{"school":"东方Project","club":"[旧作]东方怪绮谈","head":"CharID_171-0","name":{"zh_cn":"","zh_tw":"","jp":"","en":"","kr":"","pinyin":"luyizi"}},"冈崎 梦美":{"school":"东方Project","club":"[旧作]东方梦时空","head":"CharID_21-1","name":{"zh_cn":"","zh_tw":"","jp":"","en":"","kr":"","pinyin":"gangqi mengmei"}},"北白河 千百合":{"school":"东方Project","club":"[旧作]东方梦时空","head":"CharID_23-1","name":{"zh_cn":"","zh_tw":"","jp":"","en":"","kr":"","pinyin":"beibaihe qianbaihe"}},"卡娜·安娜贝拉尔":{"school":"东方Project","club":"[旧作]东方梦时空","head":"CharID_26-0","name":{"zh_cn":"","zh_tw":"","jp":"","en":"","kr":"","pinyin":"kana·annabeilaer"}},"小兔姬":{"school":"东方Project","club":"[旧作]东方梦时空","head":"CharID_58-1","name":{"zh_cn":"","zh_tw":"","jp":"","en":"","kr":"","pinyin":"xiaotuji"}},"朝仓 理香子":{"school":"东方Project","club":"[旧作]东方梦时空","head":"CharID_79-0","name":{"zh_cn":"","zh_tw":"","jp":"","en":"","kr":"","pinyin":"zhaocang lixiangzi"}},"爱莲":{"school":"东方Project","club":"[旧作]东方梦时空","head":"CharID_105-0","name":{"zh_cn":"","zh_tw":"","jp":"","en":"","kr":"","pinyin":"ailian"}},"留琴":{"school":"东方Project","club":"[旧作]东方梦时空","head":"CharID_117-0","name":{"zh_cn":"","zh_tw":"","jp":"","en":"","kr":"","pinyin":"liuqin"}},"依莉斯":{"school":"东方Project","club":"[旧作]东方灵异传","head":"CharID_14-4","name":{"zh_cn":"","zh_tw":"","jp":"","en":"","kr":"","pinyin":"yilisi"}},"幽幻魔眼":{"school":"东方Project","club":"[旧作]东方灵异传","head":"CharID_66-0","name":{"zh_cn":"","zh_tw":"","jp":"","en":"","kr":"","pinyin":"youhuanmoyan"}},"矜羯罗":{"school":"东方Project","club":"[旧作]东方灵异传","head":"CharID_118-0","name":{"zh_cn":"","zh_tw":"","jp":"","en":"","kr":"","pinyin":"jinjieluo"}},"神玉":{"school":"东方Project","club":"[旧作]东方灵异传","head":"CharID_120-5,CharID_120-2,CharID_120-6","name":{"zh_cn":"","zh_tw":"","jp":"","en":"","kr":"","pinyin":"shenyu"}},"菊理":{"school":"东方Project","club":"[旧作]东方灵异传","head":"CharID_146-0","name":{"zh_cn":"","zh_tw":"","jp":"","en":"","kr":"","pinyin":"juli"}},"萨丽爱尔":{"school":"东方Project","club":"[旧作]东方灵异传","head":"CharID_147-1","name":{"zh_cn":"","zh_tw":"","jp":"","en":"","kr":"","pinyin":"saliaier"}},"魅魔":{"school":"东方Project","club":"[旧作]东方灵异传","head":"CharID_184-3","name":{"zh_cn":"","zh_tw":"","jp":"","en":"","kr":"","pinyin":"meimo"}},"宇佐见 莲子":{"school":"东方Project","club":"专辑CD","head":"CharID_52-7,CharID_52-0,CharID_52-2","name":{"zh_cn":"","zh_tw":"","jp":"","en":"","kr":"","pinyin":"yuzuojian lianzi"}},"玛艾露贝莉·赫恩":{"school":"东方Project","club":"专辑CD","head":"CharID_114-8","name":{"zh_cn":"","zh_tw":"","jp":"","en":"","kr":"","pinyin":"maailubeili·heen","别名":"梅莉"}},"斯塔萨菲雅":{"school":"东方Project","club":"东方三月精","head":"CharID_73-9","name":{"zh_cn":"","zh_tw":"","jp":"","en":"","kr":"","pinyin":"sitasafeiya","别名":"斯塔"}},"桑尼米尔克":{"school":"东方Project","club":"东方三月精","head":"CharID_84-8","name":{"zh_cn":"","zh_tw":"","jp":"","en":"","kr":"","pinyin":"sangnimierke","别名":"桑尼"}},"露娜切露德":{"school":"东方Project","club":"东方三月精","head":"CharID_169-10","name":{"zh_cn":"","zh_tw":"","jp":"","en":"","kr":"","pinyin":"lunaqielude","别名":"露娜"}},"宫出口 瑞灵":{"school":"东方Project","club":"东方儚月抄(智灵奇传)","head":"CharID_53-1","name":{"zh_cn":"","zh_tw":"","jp":"","en":"","kr":"","pinyin":"gongchukou ruiling"}},"月兔士兵":{"school":"东方Project","club":"东方儚月抄(智灵奇传)","head":"CharID_78-11,CharID_78-12,CharID_78-13","name":{"zh_cn":"","zh_tw":"","jp":"","en":"","kr":"","pinyin":"yuetushibing"}},"绵月 丰姬":{"school":"东方Project","club":"东方儚月抄(智灵奇传)","head":"CharID_131-14","name":{"zh_cn":"","zh_tw":"","jp":"","en":"","kr":"","pinyin":"mianyue fengji"}},"绵月 依姬":{"school":"东方Project","club":"东方儚月抄(智灵奇传)","head":"CharID_132-0","name":{"zh_cn":"","zh_tw":"","jp":"","en":"","kr":"","pinyin":"mianyue yiji"}},"铃仙二号":{"school":"东方Project","club":"东方儚月抄(智灵奇传)","head":"CharID_161-1","name":{"zh_cn":"","zh_tw":"","jp":"","en":"","kr":"","pinyin":"lingxianerhao"}},"三头 慧之子":{"school":"东方Project","club":"东方兽王园","head":"CharID_1-5","name":{"zh_cn":"","zh_tw":"","jp":"","en":"","kr":"","pinyin":"santou huizhizi"}},"天火人 血枪":{"school":"东方Project","club":"东方兽王园","head":"CharID_42-1","name":{"zh_cn":"","zh_tw":"","jp":"","en":"","kr":"","pinyin":"tianhuoren xueqiang"}},"孙 美天":{"school":"东方Project","club":"东方兽王园","head":"CharID_50-2","name":{"zh_cn":"","zh_tw":"","jp":"","en":"","kr":"","pinyin":"sun meitian"}},"日白 残无":{"school":"东方Project","club":"东方兽王园","head":"CharID_74-2","name":{"zh_cn":"","zh_tw":"","jp":"","en":"","kr":"","pinyin":"ribai canwu"}},"豫母都 日狭美":{"school":"东方Project","club":"东方兽王园","head":"CharID_156-15","name":{"zh_cn":"","zh_tw":"","jp":"","en":"","kr":"","pinyin":"yumudou rixiamei"}},"古明地 恋":{"school":"东方Project","club":"东方地灵殿","head":"CharID_27-16,CharID_27-4,CharID_27-17,CharID_27-5","name":{"zh_cn":"","zh_tw":"","jp":"","en":"","kr":"","pinyin":"gumingdi lian"}},"古明地 觉":{"school":"东方Project","club":"东方地灵殿","head":"CharID_28-16,CharID_28-0","name":{"zh_cn":"","zh_tw":"","jp":"","en":"","kr":"","pinyin":"gumingdi jiao"}},"星熊 勇仪":{"school":"东方Project","club":"东方地灵殿","head":"CharID_77-18,CharID_77-19","name":{"zh_cn":"","zh_tw":"","jp":"","en":"","kr":"","pinyin":"xingxiong yongyi"}},"水桥 帕露西":{"school":"东方Project","club":"东方地灵殿","head":"CharID_92-20","name":{"zh_cn":"","zh_tw":"","jp":"","en":"","kr":"","pinyin":"shuiqiao paluxi"}},"火焰猫 燐":{"school":"东方Project","club":"东方地灵殿","head":"CharID_100-1","name":{"zh_cn":"","zh_tw":"","jp":"","en":"","kr":"","pinyin":"huoyanmao 燐","别名":"阿燐"}},"灵乌路 空":{"school":"东方Project","club":"东方地灵殿","head":"CharID_101-21","name":{"zh_cn":"","zh_tw":"","jp":"","en":"","kr":"","pinyin":"lingwulu kong","别名":"阿空"}},"琪斯美":{"school":"东方Project","club":"东方地灵殿","head":"CharID_115-80,CharID_115-0","name":{"zh_cn":"","zh_tw":"","jp":"","en":"","kr":"","pinyin":"qisimei"}},"黑谷 山女":{"school":"东方Project","club":"东方地灵殿","head":"CharID_185-18","name":{"zh_cn":"","zh_tw":"","jp":"","en":"","kr":"","pinyin":"heigu shannv"}},"丁礼田 舞":{"school":"东方Project","club":"东方天空璋","head":"CharID_0-22","name":{"zh_cn":"","zh_tw":"","jp":"","en":"","kr":"","pinyin":"dinglitian wu"}},"坂田 合欢乃":{"school":"东方Project","club":"东方天空璋","head":"CharID_35-8","name":{"zh_cn":"","zh_tw":"","jp":"","en":"","kr":"","pinyin":"bantian hehuannai"}},"尔子田 里乃":{"school":"东方Project","club":"东方天空璋","head":"CharID_62-7","name":{"zh_cn":"","zh_tw":"","jp":"","en":"","kr":"","pinyin":"erzitian linai"}},"摩多罗 隐岐奈":{"school":"东方Project","club":"东方天空璋","head":"CharID_72-7","name":{"zh_cn":"","zh_tw":"","jp":"","en":"","kr":"","pinyin":"moduoluo yinqinai","别名":"摩多罗"}},"爱塔尼提拉尔瓦":{"school":"东方Project","club":"东方天空璋","head":"CharID_104-23","name":{"zh_cn":"","zh_tw":"","jp":"","en":"","kr":"","pinyin":"aitanitilaerwa","别名":"拉尔瓦"}},"矢田寺 成美":{"school":"东方Project","club":"东方天空璋","head":"CharID_119-8","name":{"zh_cn":"","zh_tw":"","jp":"","en":"","kr":"","pinyin":"shitiansi chengmei"}},"高丽野 阿吽":{"school":"东方Project","club":"东方天空璋","head":"CharID_179-24","name":{"zh_cn":"","zh_tw":"","jp":"","en":"","kr":"","pinyin":"gaoliye ahong"}},"八云 紫":{"school":"东方Project","club":"东方妖妖梦","head":"CharID_17-15","name":{"zh_cn":"","zh_tw":"","jp":"","en":"","kr":"","pinyin":"bayun zi"}},"八云 蓝":{"school":"东方Project","club":"东方妖妖梦","head":"CharID_18-25","name":{"zh_cn":"","zh_tw":"","jp":"","en":"","kr":"","pinyin":"bayun lan"}},"梅露兰·普莉兹姆利巴":{"school":"东方Project","club":"东方妖妖梦","head":"CharID_86-8","name":{"zh_cn":"","zh_tw":"","jp":"","en":"","kr":"","pinyin":"meilulan·pulizimuliba"}},"橙":{"school":"东方Project","club":"东方妖妖梦","head":"CharID_90-7,CharID_90-3","name":{"zh_cn":"","zh_tw":"","jp":"","en":"","kr":"","pinyin":"cheng"}},"爱丽丝·玛格特洛依德":{"school":"东方Project","club":"东方妖妖梦","head":"CharID_103-26","name":{"zh_cn":"","zh_tw":"","jp":"","en":"","kr":"","pinyin":"ailisi·mageteluoyide"}},"莉莉卡·普莉兹姆利巴":{"school":"东方Project","club":"东方妖妖梦","head":"CharID_142-27","name":{"zh_cn":"","zh_tw":"","jp":"","en":"","kr":"","pinyin":"lilika·pulizimuliba"}},"莉莉白":{"school":"东方Project","club":"东方妖妖梦","head":"CharID_143-8","name":{"zh_cn":"","zh_tw":"","jp":"","en":"","kr":"","pinyin":"lilibai"}},"莉莉黑":{"school":"东方Project","club":"东方妖妖梦","head":"CharID_144-1","name":{"zh_cn":"","zh_tw":"","jp":"","en":"","kr":"","pinyin":"lilihei"}},"蕾蒂·霍瓦特洛克":{"school":"东方Project","club":"东方妖妖梦","head":"CharID_151-28","name":{"zh_cn":"","zh_tw":"","jp":"","en":"","kr":"","pinyin":"leidi·huowateluoke"}},"西行寺 幽幽子":{"school":"东方Project","club":"东方妖妖梦","head":"CharID_154-29","name":{"zh_cn":"","zh_tw":"","jp":"","en":"","kr":"","pinyin":"xixingsi youyouzi"}},"露娜萨·普莉兹姆利巴":{"school":"东方Project","club":"东方妖妖梦","head":"CharID_170-30","name":{"zh_cn":"","zh_tw":"","jp":"","en":"","kr":"","pinyin":"lunasa·pulizimuliba"}},"魂魄 妖忌":{"school":"东方Project","club":"东方妖妖梦","head":"CharID_182-7","name":{"zh_cn":"","zh_tw":"","jp":"","en":"","kr":"","pinyin":"hunpo yaoji"}},"魂魄 妖梦":{"school":"东方Project","club":"东方妖妖梦","head":"CharID_183-0","name":{"zh_cn":"","zh_tw":"","jp":"","en":"","kr":"","pinyin":"hunpo yaomeng"}},"依神 女苑":{"school":"东方Project","club":"东方心绮楼(深秘录)(凭依华)(刚欲异闻)","head":"CharID_12-31","name":{"zh_cn":"","zh_tw":"","jp":"","en":"","kr":"","pinyin":"yishen nvyuan"}},"依神 紫苑":{"school":"东方Project","club":"东方心绮楼(深秘录)(凭依华)(刚欲异闻)","head":"CharID_13-23","name":{"zh_cn":"","zh_tw":"","jp":"","en":"","kr":"","pinyin":"yishen ziyuan"}},"宇佐见 堇子":{"school":"东方Project","club":"东方心绮楼(深秘录)(凭依华)(刚欲异闻)","head":"CharID_51-8","name":{"zh_cn":"","zh_tw":"","jp":"","en":"","kr":"","pinyin":"yuzuojian jinzi"}},"秦心":{"school":"东方Project","club":"东方心绮楼(深秘录)(凭依华)(刚欲异闻)","head":"CharID_124-32,CharID_124-33","name":{"zh_cn":"","zh_tw":"","jp":"","en":"","kr":"","pinyin":"qinxin"}},"饕餮 尤魔":{"school":"东方Project","club":"东方心绮楼(深秘录)(凭依华)(刚欲异闻)","head":"CharID_175-4","name":{"zh_cn":"","zh_tw":"","jp":"","en":"","kr":"","pinyin":"taotie youmo"}},"云居 一轮":{"school":"东方Project","club":"东方星莲船","head":"CharID_8-34","name":{"zh_cn":"","zh_tw":"","jp":"","en":"","kr":"","pinyin":"yunju yilun"}},"云山":{"school":"东方Project","club":"东方星莲船","head":"CharID_9-0","name":{"zh_cn":"","zh_tw":"","jp":"","en":"","kr":"","pinyin":"yunshan"}},"圣 白莲":{"school":"东方Project","club":"东方星莲船","head":"CharID_34-15","name":{"zh_cn":"","zh_tw":"","jp":"","en":"","kr":"","pinyin":"sheng bailian"}},"多多良 小伞":{"school":"东方Project","club":"东方星莲船","head":"CharID_38-23,CharID_38-3","name":{"zh_cn":"","zh_tw":"","jp":"","en":"","kr":"","pinyin":"duoduoliang xiaosan"}},"寅丸 星":{"school":"东方Project","club":"东方星莲船","head":"CharID_55-4","name":{"zh_cn":"","zh_tw":"","jp":"","en":"","kr":"","pinyin":"yinwan xing"}},"封兽 鵺":{"school":"东方Project","club":"东方星莲船","head":"CharID_56-35","name":{"zh_cn":"","zh_tw":"","jp":"","en":"","kr":"","pinyin":"fengshou 鵺"}},"村纱 水蜜":{"school":"东方Project","club":"东方星莲船","head":"CharID_82-29","name":{"zh_cn":"","zh_tw":"","jp":"","en":"","kr":"","pinyin":"cunsha shuimi","别名":"村纱"}},"纳兹玲":{"school":"东方Project","club":"东方星莲船","head":"CharID_130-8","name":{"zh_cn":"","zh_tw":"","jp":"","en":"","kr":"","pinyin":"naziling"}},"上白泽 慧音":{"school":"东方Project","club":"东方永夜抄","head":"CharID_2-7,CharID_2-36","name":{"zh_cn":"","zh_tw":"","jp":"","en":"","kr":"","pinyin":"shangbaize huiyin"}},"八意 永琳":{"school":"东方Project","club":"东方永夜抄","head":"CharID_20-21","name":{"zh_cn":"","zh_tw":"","jp":"","en":"","kr":"","pinyin":"bayi yonglin"}},"因幡 帝":{"school":"东方Project","club":"东方永夜抄","head":"CharID_32-37","name":{"zh_cn":"","zh_tw":"","jp":"","en":"","kr":"","pinyin":"yinfan di"}},"米斯蒂娅·萝蕾拉":{"school":"东方Project","club":"东方永夜抄","head":"CharID_127-80,CharID_127-38","name":{"zh_cn":"","zh_tw":"","jp":"","en":"","kr":"","pinyin":"misidiya·luoleila"}},"莉格露·奈特巴格":{"school":"东方Project","club":"东方永夜抄","head":"CharID_141-39","name":{"zh_cn":"","zh_tw":"","jp":"","en":"","kr":"","pinyin":"ligelu·naitebage"}},"蓬莱山 辉夜":{"school":"东方Project","club":"东方永夜抄","head":"CharID_149-26","name":{"zh_cn":"","zh_tw":"","jp":"","en":"","kr":"","pinyin":"penglaishan huiye"}},"藤原 妹红":{"school":"东方Project","club":"东方永夜抄","head":"CharID_152-23","name":{"zh_cn":"","zh_tw":"","jp":"","en":"","kr":"","pinyin":"tengyuan meihong"}},"铃仙·优昙华院·因幡":{"school":"东方Project","club":"东方永夜抄","head":"CharID_160-4","name":{"zh_cn":"","zh_tw":"","jp":"","en":"","kr":"","pinyin":"lingxian·youtanhuayuan·yinfan"}},"丰聪耳 神子":{"school":"东方Project","club":"东方神灵庙","head":"CharID_4-8","name":{"zh_cn":"","zh_tw":"","jp":"","en":"","kr":"","pinyin":"fengconger shenzi"}},"二岩 猯藏":{"school":"东方Project","club":"东方神灵庙","head":"CharID_7-37,CharID_7-40","name":{"zh_cn":"","zh_tw":"","jp":"","en":"","kr":"","pinyin":"eryan 猯zang"}},"宫古 芳香":{"school":"东方Project","club":"东方神灵庙","head":"CharID_54-23","name":{"zh_cn":"","zh_tw":"","jp":"","en":"","kr":"","pinyin":"gonggu fangxiang"}},"幽谷 响子":{"school":"东方Project","club":"东方神灵庙","head":"CharID_68-34","name":{"zh_cn":"","zh_tw":"","jp":"","en":"","kr":"","pinyin":"yougu xiangzi"}},"物部 布都":{"school":"东方Project","club":"东方神灵庙","head":"CharID_107-16","name":{"zh_cn":"","zh_tw":"","jp":"","en":"","kr":"","pinyin":"wubu budou"}},"苏我 屠自古":{"school":"东方Project","club":"东方神灵庙","head":"CharID_138-21","name":{"zh_cn":"","zh_tw":"","jp":"","en":"","kr":"","pinyin":"suwo tuzigu"}},"霍 青娥":{"school":"东方Project","club":"东方神灵庙","head":"CharID_168-29","name":{"zh_cn":"","zh_tw":"","jp":"","en":"","kr":"","pinyin":"huo qinge"}},"十六夜 咲夜":{"school":"东方Project","club":"东方红魔乡","head":"CharID_24-41,CharID_24-42","name":{"zh_cn":"","zh_tw":"","jp":"","en":"","kr":"","pinyin":"shiliuye xiaoye"}},"博丽 灵梦":{"school":"东方Project","club":"东方红魔乡","head":"CharID_25-43,CharID_25-44,CharID_25-1,CharID_25-15","name":{"zh_cn":"","zh_tw":"","jp":"","en":"","kr":"","pinyin":"boli lingmeng"}},"大妖精":{"school":"东方Project","club":"东方红魔乡","head":"CharID_39-45","name":{"zh_cn":"","zh_tw":"","jp":"","en":"","kr":"","pinyin":"dayaojing"}},"小恶魔":{"school":"东方Project","club":"东方红魔乡","head":"CharID_59-1,CharID_59-15","name":{"zh_cn":"","zh_tw":"","jp":"","en":"","kr":"","pinyin":"xiaoemo"}},"帕秋莉·诺蕾姬":{"school":"东方Project","club":"东方红魔乡","head":"CharID_64-46,CharID_64-47","name":{"zh_cn":"","zh_tw":"","jp":"","en":"","kr":"","pinyin":"paqiuli·nuoleiji"}},"琪露诺":{"school":"东方Project","club":"东方红魔乡","head":"CharID_116-48,CharID_116-1","name":{"zh_cn":"","zh_tw":"","jp":"","en":"","kr":"","pinyin":"qilunuo"}},"红 美铃":{"school":"东方Project","club":"东方红魔乡","head":"CharID_128-49","name":{"zh_cn":"","zh_tw":"","jp":"","en":"","kr":"","pinyin":"hong meiling"}},"芙兰朵露·斯卡雷特":{"school":"东方Project","club":"东方红魔乡","head":"CharID_137-37","name":{"zh_cn":"","zh_tw":"","jp":"","en":"","kr":"","pinyin":"fulanduolu·sikaleite"}},"蕾米莉亚·斯卡雷特":{"school":"东方Project","club":"东方红魔乡","head":"CharID_150-46,CharID_150-50,CharID_150-51,CharID_150-15","name":{"zh_cn":"","zh_tw":"","jp":"","en":"","kr":"","pinyin":"leimiliya·sikaleite"}},"雾雨 魔理沙":{"school":"东方Project","club":"东方红魔乡","head":"CharID_167-52,CharID_167-53,CharID_167-54,CharID_167-0,CharID_167-4","name":{"zh_cn":"","zh_tw":"","jp":"","en":"","kr":"","pinyin":"wuyu molisha"}},"露米娅":{"school":"东方Project","club":"东方红魔乡","head":"CharID_172-0,CharID_172-1","name":{"zh_cn":"","zh_tw":"","jp":"","en":"","kr":"","pinyin":"lumiya"}},"克劳恩皮丝":{"school":"东方Project","club":"东方绀珠传","head":"CharID_15-18","name":{"zh_cn":"","zh_tw":"","jp":"","en":"","kr":"","pinyin":"kelaoenpisi"}},"哆来咪·苏伊特":{"school":"东方Project","club":"东方绀珠传","head":"CharID_30-55","name":{"zh_cn":"","zh_tw":"","jp":"","en":"","kr":"","pinyin":"duolaimi·suyite"}},"清兰":{"school":"东方Project","club":"东方绀珠传","head":"CharID_98-21","name":{"zh_cn":"","zh_tw":"","jp":"","en":"","kr":"","pinyin":"qinglan"}},"稀神 探女":{"school":"东方Project","club":"东方绀珠传","head":"CharID_125-20","name":{"zh_cn":"","zh_tw":"","jp":"","en":"","kr":"","pinyin":"xishen tannv"}},"纯狐":{"school":"东方Project","club":"东方绀珠传","head":"CharID_129-56","name":{"zh_cn":"","zh_tw":"","jp":"","en":"","kr":"","pinyin":"chunhu"}},"赫卡提亚·拉碧斯拉祖利":{"school":"东方Project","club":"东方绀珠传","head":"CharID_158-21","name":{"zh_cn":"","zh_tw":"","jp":"","en":"","kr":"","pinyin":"hekatiya·labisilazuli"}},"铃瑚":{"school":"东方Project","club":"东方绀珠传","head":"CharID_162-57,CharID_162-58","name":{"zh_cn":"","zh_tw":"","jp":"","en":"","kr":"","pinyin":"linghu"}},"四季 映姬":{"school":"东方Project","club":"东方花映冢","head":"CharID_31-26","name":{"zh_cn":"","zh_tw":"","jp":"","en":"","kr":"","pinyin":"siji yingji"}},"射命丸 文":{"school":"东方Project","club":"东方花映冢","head":"CharID_57-59,CharID_57-43,CharID_57-5","name":{"zh_cn":"","zh_tw":"","jp":"","en":"","kr":"","pinyin":"shemingwan wen"}},"小野塚 小町":{"school":"东方Project","club":"东方花映冢","head":"CharID_60-26","name":{"zh_cn":"","zh_tw":"","jp":"","en":"","kr":"","pinyin":"xiaoyezhong xiaoding"}},"梅蒂欣·梅兰科莉":{"school":"东方Project","club":"东方花映冢","head":"CharID_85-20","name":{"zh_cn":"","zh_tw":"","jp":"","en":"","kr":"","pinyin":"meidixin·meilankeli"}},"风见 幽香":{"school":"东方Project","club":"东方花映冢","head":"CharID_174-60,CharID_174-5","name":{"zh_cn":"","zh_tw":"","jp":"","en":"","kr":"","pinyin":"fengjian youxiang"}},"伊吹 萃香":{"school":"东方Project","club":"东方萃梦想(绯想天)(非想天则)","head":"CharID_11-16,CharID_11-2","name":{"zh_cn":"","zh_tw":"","jp":"","en":"","kr":"","pinyin":"yichui cuixiang"}},"大鲶鱼":{"school":"东方Project","club":"东方萃梦想(绯想天)(非想天则)","head":"CharID_40-5","name":{"zh_cn":"","zh_tw":"","jp":"","en":"","kr":"","pinyin":"danianyu"}},"比那名居 天子":{"school":"东方Project","club":"东方萃梦想(绯想天)(非想天则)","head":"CharID_91-7","name":{"zh_cn":"","zh_tw":"","jp":"","en":"","kr":"","pinyin":"binamingju tianzi"}},"永江 衣玖":{"school":"东方Project","club":"东方萃梦想(绯想天)(非想天则)","head":"CharID_93-7","name":{"zh_cn":"","zh_tw":"","jp":"","en":"","kr":"","pinyin":"yongjiang yijiu"}},"非想天则":{"school":"东方Project","club":"东方萃梦想(绯想天)(非想天则)","head":"CharID_173-61","name":{"zh_cn":"","zh_tw":"","jp":"","en":"","kr":"","pinyin":"feixiangtianze"}},"天弓 千亦":{"school":"东方Project","club":"东方虹龙洞","head":"CharID_41-2","name":{"zh_cn":"","zh_tw":"","jp":"","en":"","kr":"","pinyin":"tiangong qianyi"}},"姬虫 百百世":{"school":"东方Project","club":"东方虹龙洞","head":"CharID_49-4","name":{"zh_cn":"","zh_tw":"","jp":"","en":"","kr":"","pinyin":"jichong baibaishi"}},"山城 高岭":{"school":"东方Project","club":"东方虹龙洞","head":"CharID_63-0","name":{"zh_cn":"","zh_tw":"","jp":"","en":"","kr":"","pinyin":"shancheng gaoling"}},"玉造 魅须丸":{"school":"东方Project","club":"东方虹龙洞","head":"CharID_113-4","name":{"zh_cn":"","zh_tw":"","jp":"","en":"","kr":"","pinyin":"yuzao meixuwan"}},"菅牧 典":{"school":"东方Project","club":"东方虹龙洞","head":"CharID_145-5","name":{"zh_cn":"","zh_tw":"","jp":"","en":"","kr":"","pinyin":"jianmu dian"}},"豪德寺 三花":{"school":"东方Project","club":"东方虹龙洞","head":"CharID_155-0","name":{"zh_cn":"","zh_tw":"","jp":"","en":"","kr":"","pinyin":"haodesi sanhua"}},"饭纲丸 龙":{"school":"东方Project","club":"东方虹龙洞","head":"CharID_176-0","name":{"zh_cn":"","zh_tw":"","jp":"","en":"","kr":"","pinyin":"fangangwan long"}},"驹草 山如":{"school":"东方Project","club":"东方虹龙洞","head":"CharID_177-2","name":{"zh_cn":"","zh_tw":"","jp":"","en":"","kr":"","pinyin":"jucao shanru"}},"九十九 八桥":{"school":"东方Project","club":"东方辉针城","head":"CharID_5-20","name":{"zh_cn":"","zh_tw":"","jp":"","en":"","kr":"","pinyin":"jiushijiu baqiao"}},"九十九 弁弁":{"school":"东方Project","club":"东方辉针城","head":"CharID_6-8","name":{"zh_cn":"","zh_tw":"","jp":"","en":"","kr":"","pinyin":"jiushijiu bianbian"}},"今泉 影狼":{"school":"东方Project","club":"东方辉针城","head":"CharID_10-18","name":{"zh_cn":"","zh_tw":"","jp":"","en":"","kr":"","pinyin":"jinquan yinglang"}},"堀川 雷鼓":{"school":"东方Project","club":"东方辉针城","head":"CharID_37-20","name":{"zh_cn":"","zh_tw":"","jp":"","en":"","kr":"","pinyin":"kuchuan leigu"}},"少名 针妙丸":{"school":"东方Project","club":"东方辉针城","head":"CharID_61-62","name":{"zh_cn":"","zh_tw":"","jp":"","en":"","kr":"","pinyin":"shaoming zhenmiaowan"}},"若鹭姬":{"school":"东方Project","club":"东方辉针城","head":"CharID_139-63","name":{"zh_cn":"","zh_tw":"","jp":"","en":"","kr":"","pinyin":"ruoluji"}},"赤蛮奇":{"school":"东方Project","club":"东方辉针城","head":"CharID_157-55","name":{"zh_cn":"","zh_tw":"","jp":"","en":"","kr":"","pinyin":"chimanqi"}},"鬼人 正邪":{"school":"东方Project","club":"东方辉针城","head":"CharID_181-63","name":{"zh_cn":"","zh_tw":"","jp":"","en":"","kr":"","pinyin":"guiren zhengxie"}},"奥野田 美宵":{"school":"东方Project","club":"东方铃奈庵(茨歌仙)(醉蝶华)","head":"CharID_45-64","name":{"zh_cn":"","zh_tw":"","jp":"","en":"","kr":"","pinyin":"aoyetian meixiao"}},"易者":{"school":"东方Project","club":"东方铃奈庵(茨歌仙)(醉蝶华)","head":"CharID_76-1","name":{"zh_cn":"","zh_tw":"","jp":"","en":"","kr":"","pinyin":"yizhe"}},"本居 小铃":{"school":"东方Project","club":"东方铃奈庵(茨歌仙)(醉蝶华)","head":"CharID_80-8","name":{"zh_cn":"","zh_tw":"","jp":"","en":"","kr":"","pinyin":"benju xiaoling"}},"稗田 阿求":{"school":"东方Project","club":"东方铃奈庵(茨歌仙)(醉蝶华)","head":"CharID_126-8","name":{"zh_cn":"","zh_tw":"","jp":"","en":"","kr":"","pinyin":"baitian aqiu"}},"茨木 华扇":{"school":"东方Project","club":"东方铃奈庵(茨歌仙)(醉蝶华)","head":"CharID_140-65,CharID_140-1,CharID_140-15","name":{"zh_cn":"","zh_tw":"","jp":"","en":"","kr":"","pinyin":"cimu huashan"}},"蟒蛇":{"school":"东方Project","club":"东方铃奈庵(茨歌仙)(醉蝶华)","head":"CharID_153-15","name":{"zh_cn":"","zh_tw":"","jp":"","en":"","kr":"","pinyin":"mangshe"}},"封兽魑魅":{"school":"东方Project","club":"东方锦上京","head":"CharID_186-0","name":{"zh_cn":"","zh_tw":"","jp":"","en":"","kr":"","pinyin":"fengshouchimei"}},"尘塚姥芽":{"school":"东方Project","club":"东方锦上京","head":"CharID_187-0,CharID_187-5","name":{"zh_cn":"","zh_tw":"","jp":"","en":"","kr":"","pinyin":"chenzhonglaoya"}},"道神驯子":{"school":"东方Project","club":"东方锦上京","head":"CharID_188-0","name":{"zh_cn":"","zh_tw":"","jp":"","en":"","kr":"","pinyin":"daoshenxunzi"}},"东风谷 早苗":{"school":"东方Project","club":"东方风神录(文花帖)","head":"CharID_3-1","name":{"zh_cn":"","zh_tw":"","jp":"","en":"","kr":"","pinyin":"dongfenggu zaomiao"}},"八坂 神奈子":{"school":"东方Project","club":"东方风神录(文花帖)","head":"CharID_19-3","name":{"zh_cn":"","zh_tw":"","jp":"","en":"","kr":"","pinyin":"baban shennaizi"}},"姬海棠 果":{"school":"东方Project","club":"东方风神录(文花帖)","head":"CharID_48-37","name":{"zh_cn":"","zh_tw":"","jp":"","en":"","kr":"","pinyin":"jihaitang guo"}},"河城 荷取":{"school":"东方Project","club":"东方风神录(文花帖)","head":"CharID_94-66","name":{"zh_cn":"","zh_tw":"","jp":"","en":"","kr":"","pinyin":"hecheng hequ"}},"洩矢 诹访子":{"school":"东方Project","club":"东方风神录(文花帖)","head":"CharID_97-67,CharID_97-3","name":{"zh_cn":"","zh_tw":"","jp":"","en":"","kr":"","pinyin":"洩shi zoufangzi"}},"犬走 椛":{"school":"东方Project","club":"东方风神录(文花帖)","head":"CharID_108-68,CharID_108-4","name":{"zh_cn":"","zh_tw":"","jp":"","en":"","kr":"","pinyin":"quanzou 椛"}},"秋 穰子":{"school":"东方Project","club":"东方风神录(文花帖)","head":"CharID_122-18","name":{"zh_cn":"","zh_tw":"","jp":"","en":"","kr":"","pinyin":"qiu rangzi"}},"秋 静叶":{"school":"东方Project","club":"东方风神录(文花帖)","head":"CharID_123-69","name":{"zh_cn":"","zh_tw":"","jp":"","en":"","kr":"","pinyin":"qiu jingye"}},"键山 雏":{"school":"东方Project","club":"东方风神录(文花帖)","head":"CharID_163-66","name":{"zh_cn":"","zh_tw":"","jp":"","en":"","kr":"","pinyin":"jianshan chu"}},"朱鹭子":{"school":"东方Project","club":"东方香霖堂","head":"CharID_81-70","name":{"zh_cn":"","zh_tw":"","jp":"","en":"","kr":"","pinyin":"zhuluzi"}},"森近 霖之助":{"school":"东方Project","club":"东方香霖堂","head":"CharID_89-29","name":{"zh_cn":"","zh_tw":"","jp":"","en":"","kr":"","pinyin":"senjin linzhizhu"}},"吉弔 八千慧":{"school":"东方Project","club":"东方鬼形兽","head":"CharID_29-26","name":{"zh_cn":"","zh_tw":"","jp":"","en":"","kr":"","pinyin":"ji弔 baqianhui"}},"埴安神 袿姬":{"school":"东方Project","club":"东方鬼形兽","head":"CharID_36-18","name":{"zh_cn":"","zh_tw":"","jp":"","en":"","kr":"","pinyin":"zhianshen 袿ji"}},"庭渡 久侘歌":{"school":"东方Project","club":"东方鬼形兽","head":"CharID_70-55","name":{"zh_cn":"","zh_tw":"","jp":"","en":"","kr":"","pinyin":"tingdu jiuchage"}},"戎 璎花":{"school":"东方Project","club":"东方鬼形兽","head":"CharID_71-49","name":{"zh_cn":"","zh_tw":"","jp":"","en":"","kr":"","pinyin":"rong yinghua"}},"杖刀偶 磨弓":{"school":"东方Project","club":"东方鬼形兽","head":"CharID_83-49","name":{"zh_cn":"","zh_tw":"","jp":"","en":"","kr":"","pinyin":"zhangdaoou mogong"}},"牛崎 润美":{"school":"东方Project","club":"东方鬼形兽","head":"CharID_106-20","name":{"zh_cn":"","zh_tw":"","jp":"","en":"","kr":"","pinyin":"niuqi runmei"}},"骊驹 早鬼":{"school":"东方Project","club":"东方鬼形兽","head":"CharID_178-71","name":{"zh_cn":"","zh_tw":"","jp":"","en":"","kr":"","pinyin":"liju zaogui"}},"冴月 麟":{"school":"东方Project","club":"二次创作角色","head":"CharID_22-7","name":{"zh_cn":"","zh_tw":"","jp":"","en":"","kr":"","pinyin":"冴yue lin"}},"河城 见取":{"school":"东方Project","club":"二次创作角色","head":"CharID_95-0","name":{"zh_cn":"","zh_tw":"","jp":"","en":"","kr":"","pinyin":"hecheng jianqu"}},"瀨笈 叶":{"school":"东方Project","club":"二次创作角色","head":"CharID_99-0","name":{"zh_cn":"","zh_tw":"","jp":"","en":"","kr":"","pinyin":"瀨ji ye"}},"罪♂袋":{"school":"东方Project","club":"二次创作角色","head":"CharID_133-72","name":{"zh_cn":"","zh_tw":"","jp":"","en":"","kr":"","pinyin":"zui♂dai"}},"兔妖怪":{"school":"东方Project","club":"路人妖怪","head":"CharID_16-7,CharID_16-73,CharID_16-74","name":{"zh_cn":"","zh_tw":"","jp":"","en":"","kr":"","pinyin":"tuyaoguai"}},"土蜘蛛":{"school":"东方Project","club":"路人妖怪","head":"CharID_33-4","name":{"zh_cn":"","zh_tw":"","jp":"","en":"","kr":"","pinyin":"tuzhizhu"}},"天狗":{"school":"东方Project","club":"路人妖怪","head":"CharID_43-75","name":{"zh_cn":"","zh_tw":"","jp":"","en":"","kr":"","pinyin":"tiangou"}},"妖精":{"school":"东方Project","club":"路人妖怪","head":"CharID_46-0,CharID_46-76,CharID_46-15","name":{"zh_cn":"","zh_tw":"","jp":"","en":"","kr":"","pinyin":"yaojing"}},"妖精女仆":{"school":"东方Project","club":"路人妖怪","head":"CharID_47-7,CharID_47-73,CharID_47-74","name":{"zh_cn":"","zh_tw":"","jp":"","en":"","kr":"","pinyin":"yaojingnvpu"}},"幽灵":{"school":"东方Project","club":"路人妖怪","head":"CharID_67-4","name":{"zh_cn":"","zh_tw":"","jp":"","en":"","kr":"","pinyin":"youling"}},"座敷童子":{"school":"东方Project","club":"路人妖怪","head":"CharID_69-0","name":{"zh_cn":"","zh_tw":"","jp":"","en":"","kr":"","pinyin":"zuofutongzi"}},"河童":{"school":"东方Project","club":"路人妖怪","head":"CharID_96-7,CharID_96-73,CharID_96-74","name":{"zh_cn":"","zh_tw":"","jp":"","en":"","kr":"","pinyin":"hetong"}},"狐女":{"school":"东方Project","club":"路人妖怪","head":"CharID_109-75","name":{"zh_cn":"","zh_tw":"","jp":"","en":"","kr":"","pinyin":"hunv"}},"狸猫":{"school":"东方Project","club":"路人妖怪","head":"CharID_110-7,CharID_110-73,CharID_110-77,CharID_110-78","name":{"zh_cn":"","zh_tw":"","jp":"","en":"","kr":"","pinyin":"limao"}},"猫又":{"school":"东方Project","club":"路人妖怪","head":"CharID_111-45","name":{"zh_cn":"","zh_tw":"","jp":"","en":"","kr":"","pinyin":"maoyou"}},"长颈女":{"school":"东方Project","club":"路人妖怪","head":"CharID_164-3","name":{"zh_cn":"","zh_tw":"","jp":"","en":"","kr":"","pinyin":"changjingnv"}},"雪女":{"school":"东方Project","club":"路人妖怪","head":"CharID_166-15","name":{"zh_cn":"","zh_tw":"","jp":"","en":"","kr":"","pinyin":"xuenv"}},"鬼":{"school":"东方Project","club":"路人妖怪","head":"CharID_180-79","name":{"zh_cn":"","zh_tw":"","jp":"","en":"","kr":"","pinyin":"gui"}}}