{"CHAT":[{"content":"好，佳代子课长","replyDepth":0,"type":"chat","sCharacter":{"no":0,"index":1}},{"content":"现在检查装备！","replyDepth":0,"type":"chat","sCharacter":{"no":0,"index":1}},{"content":"报告社长","replyDepth":0,"type":"chat","sCharacter":{"no":"鬼方佳代子","index":"Kayoko_BG"}},{"content":"帐篷，水杯，火种，相机，望远镜，地质锤，GPS………………………………","replyDepth":0,"type":"chat","sCharacter":{"no":"鬼方佳代子","index":"Kayoko_BG"},"isFirst":false,"name":"","isLeft":true,"isCenter":false,"isRight":false,"is_breaking":false,"file":"","time":"","style":false},{"content":"勘探设备已带齐","replyDepth":0,"type":"chat","sCharacter":{"no":"鬼方佳代子","index":"Kayoko_BG"}},{"content":"非常好","replyDepth":0,"type":"chat","sCharacter":{"no":0,"index":1}},{"content":"（这可是我连夜到deepenseek上找的，这么专业的装备，这下老师一定会对我们刮目相看的！）","replyDepth":0,"type":"chat","sCharacter":{"no":0,"index":1}},{"content":"早上好呀，便利屋的各位","replyDepth":0,"type":"chat","sCharacter":{"no":"老师","index":"Sensei"}},{"content":"早啊老师","replyDepth":0,"type":"chat","sCharacter":{"no":0,"index":1}},{"content":"我们已经准备好了，随时出发","replyDepth":0,"type":"chat","sCharacter":{"no":"浅黄睦月","index":"Mutsuki_BG"}},{"content":"哇…你们…","replyDepth":0,"type":"chat","sCharacter":{"no":"老师","index":"Sensei"}},{"content":"好多的装备啊…","replyDepth":0,"type":"chat","sCharacter":{"no":"老师","index":"Sensei"}},{"content":"这些都是勘探必须的","replyDepth":0,"type":"chat","sCharacter":{"no":"鬼方佳代子","index":"Kayoko_BG"}},{"file":"GameData/BLDA/CharFace/kayoko/6.webp","content":"CharFace","replyDepth":0,"type":"image","sCharacter":{"no":"鬼方佳代子","index":"Kayoko_BG"}},{"content":"会不会有点重啊","replyDepth":0,"type":"chat","sCharacter":{"no":"老师","index":"Sensei"}},{"content":"难道是我增加了老师负担…","replyDepth":0,"type":"chat","sCharacter":{"no":"伊草遥香","index":"Haruka_BG"}},{"content":"对不起对不起对不起我我我我我马上就去死！","replyDepth":0,"type":"chat","sCharacter":{"no":"伊草遥香","index":"Haruka_BG"}},{"file":"GameData/BLDA/CharFace/haruka/13.webp","content":"CharFace","replyDepth":0,"type":"image","sCharacter":{"no":"伊草遥香","index":"Haruka_BG"}},{"content":"好了春香，不怪你","replyDepth":0,"type":"chat","sCharacter":{"no":"老师","index":"Sensei"}},{"content":"老师摸了摸春香的头","replyDepth":0,"type":"info","sCharacter":{"no":0,"index":1}},{"content":"我看到春香露出勉强的笑","replyDepth":0,"type":"info","sCharacter":{"no":0,"index":1}},{"content":"小春香其实很善良，就是被那些不要脸的欺负了才会变成这样的","replyDepth":0,"type":"info","sCharacter":{"no":0,"index":1}},{"file":"GameData/BLDA/CharFace/aru/5.webp","content":"CharFace","replyDepth":0,"type":"image","sCharacter":{"no":"0","index":"1"},"isFirst":false,"name":"","isLeft":false,"isCenter":false,"isRight":true,"is_breaking":false,"time":"","style":false},{"content":"阿露大人您看上去好像不太高兴","replyDepth":0,"type":"chat","sCharacter":{"no":"伊草遥香","index":"Haruka_BG"}},{"content":"怎么了吗","replyDepth":0,"type":"chat","sCharacter":{"no":"老师","index":"Sensei"}},{"content":"啊啊啊…没有","replyDepth":0,"type":"chat","sCharacter":{"no":0,"index":1}},{"content":"既然都到了我们赶紧出发吧","replyDepth":0,"type":"chat","sCharacter":{"no":0,"index":1}},{"file":"GameData/BLDA/CharFace/aru/9.webp","content":"CharFace","replyDepth":0,"type":"image","sCharacter":{"no":"0","index":"1"},"isFirst":false,"name":"","isLeft":false,"isCenter":false,"isRight":true,"is_breaking":false,"time":"","style":false},{"content":"嗯…我们要先坐火车去海边","replyDepth":0,"type":"chat","sCharacter":{"no":"老师","index":"Sensei"}},{"content":"我在那边约了船","replyDepth":0,"type":"chat","sCharacter":{"no":"老师","index":"Sensei"}},{"content":"到时候我们坐船上岛","replyDepth":0,"type":"chat","sCharacter":{"no":"老师","index":"Sensei"}},{"content":"阿露酱其实也很期待吧","replyDepth":0,"type":"chat","sCharacter":{"no":"浅黄睦月","index":"Mutsuki_BG"}},{"file":"GameData/BLDA/CharFace/mutsuki/10.webp","content":"CharFace","replyDepth":0,"type":"image","sCharacter":{"no":"浅黄睦月","index":"Mutsuki_BG"}},{"content":"那是当然","replyDepth":0,"type":"chat","sCharacter":{"no":0,"index":1}},{"content":"这可是我们便利屋68展现实力的大好机会啊","replyDepth":0,"type":"chat","sCharacter":{"no":0,"index":1}},{"content":"佳代子酱呢","replyDepth":0,"type":"chat","sCharacter":{"no":"浅黄睦月","index":"Mutsuki_BG"}},{"content":"我只希望别出什么意外就好","replyDepth":0,"type":"chat","sCharacter":{"no":"鬼方佳代子","index":"Kayoko_BG"}},{"file":"GameData/BLDA/CharFace/kayoko/6.webp","content":"CharFace","replyDepth":0,"type":"image","sCharacter":{"no":"鬼方佳代子","index":"Kayoko_BG"},"isFirst":false,"name":"","isLeft":true,"isCenter":false,"isRight":false,"is_breaking":false,"time":"","style":false}],"MoeTalk":"6-2"}