{"CHAT":[{"content":"我很会画画哦，给你们免费画一副肖像画就当礼物怎么样呢，啊哈哈...","replyDepth":0,"type":"chat","sCharacter":{"no":"白尾绘里","index":"CH0304_BG"},"isFirst":false,"file":""},{"content":"... ","replyDepth":0,"type":"chat","sCharacter":{"no":"？？？","index":"Hidden_Arena"},"isFirst":true,"name":"恶魔1","file":""},{"content":"我要吃掉你们！！！","replyDepth":0,"type":"chat","sCharacter":{"no":"？？？","index":"Hidden_Arena"},"isFirst":false,"name":"恶魔1","file":"","time":"","is_breaking":false,"isLeft":false,"isCenter":false,"isRight":false,"style":[["font-size","2rem"],["color","red"]]},{"content":"哇啊啊啊！","replyDepth":0,"type":"chat","sCharacter":{"no":"白尾绘里","index":"CH0304_BG"},"isFirst":true,"file":""},{"file":"GameData/BLDA/CharFace/CH0304/24.webp","content":"CharFace","replyDepth":0,"type":"image","sCharacter":{"no":"白尾绘里","index":"CH0304_BG"},"isFirst":false},{"content":"快跑啊！","replyDepth":0,"type":"chat","sCharacter":{"no":"白尾绘里","index":"CH0304_BG"},"isFirst":false,"file":""},{"content":"啊啊啊啊啊啊！","replyDepth":0,"type":"chat","sCharacter":{"no":"衣斐莱娜","index":"CH0305_BG"},"isFirst":true,"file":""},{"file":"GameData/BLDA/CharFace/CH0305/29.webp","content":"CharFace","replyDepth":0,"type":"image","sCharacter":{"no":"衣斐莱娜","index":"CH0305_BG"},"isFirst":false},{"content":"老师，快跑啊！！！","replyDepth":0,"type":"chat","sCharacter":{"no":"衣斐莱娜","index":"CH0305_BG"},"file":"","name":"","time":"","is_breaking":false,"isFirst":false,"isLeft":false,"isCenter":false,"isRight":false,"style":false},{"content":"好可怕，好可怕！","replyDepth":0,"type":"chat","sCharacter":{"no":0,"index":"1"},"isFirst":true,"file":""},{"content":"怎么会，真的有恶魔的吗！？","replyDepth":0,"type":"chat","sCharacter":{"no":0,"index":"1"},"isFirst":false,"file":""},{"file":"GameData/BLDA/Emoji/3zh_tw46.webp","content":"Emoji","replyDepth":0,"type":"image","sCharacter":{"no":0,"index":"1"},"isFirst":false},{"content":"我不要被恶魔吃掉哇啊啊啊！","replyDepth":0,"type":"chat","sCharacter":{"no":0,"index":"1"},"isFirst":false,"file":""},{"content":"恶魔小姐们，开吃之前要听点餐前音乐助助兴吗？","replyDepth":0,"type":"chat","sCharacter":{"no":"椎名䌷","index":"CH0252_BG"},"file":"","name":"","time":"","is_breaking":false,"isFirst":true,"isLeft":false,"isCenter":false,"isRight":false,"style":false},{"file":"GameData/BLDA/CharFace/CH0252/9.webp","content":"CharFace","replyDepth":0,"type":"image","sCharacter":{"no":"椎名䌷","index":"CH0252_BG"},"isFirst":false},{"content":"你疯了不要命了啊！！！","replyDepth":0,"type":"chat","sCharacter":{"no":"衣斐莱娜","index":"CH0305_BG"},"isFirst":true,"file":""},{"file":"GameData/BLDA/CharFace/CH0305/19.webp","content":"CharFace","replyDepth":0,"type":"image","sCharacter":{"no":"衣斐莱娜","index":"CH0305_BG"},"isFirst":false},{"content":"啊呀","replyDepth":0,"type":"chat","sCharacter":{"no":"椎名䌷","index":"CH0252_BG"},"isFirst":true,"file":""},{"content":"莱娜拉着紬一起飞快地逃跑了！","replyDepth":0,"type":"info","sCharacter":{"no":"椎名䌷","index":"CH0252_BG"},"file":"","name":"","time":"","is_breaking":false,"isFirst":true,"isLeft":false,"isCenter":false,"isRight":false,"style":false},{"content":"小庚，我背你跑！","replyDepth":0,"type":"chat","sCharacter":{"no":0,"index":"1"},"isFirst":true,"file":""},{"content":"啊呀，谢谢老师","replyDepth":0,"type":"chat","sCharacter":{"no":"板垣庚","index":"CH0306_BG"},"isFirst":true,"file":""},{"content":"老师带着庚一起跑！","replyDepth":0,"type":"info","sCharacter":{"no":"？？？","index":"Hidden_Arena"},"isFirst":true,"file":""},{"content":"哈哈哈，跑吧，跑吧！","replyDepth":0,"type":"chat","sCharacter":{"no":"？？？","index":"Hidden_Arena"},"isFirst":true,"name":"恶魔1","file":""},{"content":"我就喜欢会挣扎的猎物！","replyDepth":0,"type":"chat","sCharacter":{"no":"？？？","index":"Hidden_Arena"},"isFirst":false,"name":"恶魔1","file":""},{"content":"身后的恶魔一下子变大身形，发出恐怖诡谲的闪光，朝着大家飞扑过来！","replyDepth":0,"type":"info","sCharacter":{"no":"椎名䌷","index":"CH0252_BG"},"isFirst":true,"file":"","name":"","time":"","is_breaking":false,"isLeft":false,"isCenter":false,"isRight":false,"style":false},{"content":"喂喂喂！！！","replyDepth":0,"type":"chat","sCharacter":{"no":"衣斐莱娜","index":"CH0305_BG"},"isFirst":true,"file":""},{"file":"GameData/BLDA/CharFace/CH0305/18.webp","content":"CharFace","replyDepth":0,"type":"image","sCharacter":{"no":"衣斐莱娜","index":"CH0305_BG"},"isFirst":false},{"content":"绘里前辈！！你不是魔法师吗，快想办法啊啊啊啊！","replyDepth":0,"type":"chat","sCharacter":{"no":"衣斐莱娜","index":"CH0305_BG"},"isFirst":false,"file":""},{"content":"啊，我，我再试试！","replyDepth":0,"type":"chat","sCharacter":{"no":"白尾绘里","index":"CH0304_BG"},"isFirst":true,"file":""},{"file":"GameData/BLDA/CharFace/CH0304/24.webp","content":"CharFace","replyDepth":0,"type":"image","sCharacter":{"no":"白尾绘里","index":"CH0304_BG"},"isFirst":false},{"content":"绘里一边跑一边慌慌忙忙地翻开魔法书","replyDepth":0,"type":"info","sCharacter":{"no":"白尾绘里","index":"CH0304_BG"},"isFirst":true,"file":""},{"content":"... ","replyDepth":0,"type":"chat","sCharacter":{"no":"白尾绘里","index":"CH0304_BG"},"isFirst":true,"file":""},{"file":"GameData/BLDA/CharFace/CH0304/4.webp","content":"CharFace","replyDepth":0,"type":"image","sCharacter":{"no":"白尾绘里","index":"CH0304_BG"},"isFirst":false},{"content":"Daemonis, redite ad tenebras!","replyDepth":0,"type":"chat","sCharacter":{"no":"白尾绘里","index":"CH0304_BG"},"file":"","name":"","time":"咒语","is_breaking":false,"isFirst":false,"isLeft":false,"isCenter":false,"isRight":false,"style":[["font-style","italic"]]},{"content":"哈哈哈，跑吧，跑吧！","replyDepth":0,"type":"chat","sCharacter":{"no":"？？？","index":"Hidden_Arena"},"name":"恶魔1","isFirst":true,"file":""},{"content":"... ","replyDepth":0,"type":"chat","sCharacter":{"no":"白尾绘里","index":"CH0304_BG"},"isFirst":true,"file":""},{"file":"GameData/BLDA/CharFace/CH0304/20.webp","content":"CharFace","replyDepth":0,"type":"image","sCharacter":{"no":"白尾绘里","index":"CH0304_BG"},"isFirst":false},{"content":"Exorcizo te per lumen divinum!!!","replyDepth":0,"type":"chat","sCharacter":{"no":"白尾绘里","index":"CH0304_BG"},"file":"","name":"","time":"咒语","is_breaking":false,"isFirst":false,"isLeft":false,"isCenter":false,"isRight":false,"style":[["font-style","italic"]]},{"content":"哈哈哈哈！！","replyDepth":0,"type":"chat","sCharacter":{"no":"？？？","index":"Hidden_Arena"},"name":"恶魔1","isFirst":true,"file":""},{"content":"恶魔看起来完全没有受到任何影响，还在张牙舞爪地追逐着大家","replyDepth":0,"type":"info","sCharacter":{"no":"椎名䌷","index":"CH0252_BG"},"isFirst":true,"file":""},{"content":"完全没有用啊啊！","replyDepth":0,"type":"chat","sCharacter":{"no":"白尾绘里","index":"CH0304_BG"},"isFirst":true,"file":""},{"file":"GameData/BLDA/CharFace/CH0304/24.webp","content":"CharFace","replyDepth":0,"type":"image","sCharacter":{"no":"白尾绘里","index":"CH0304_BG"},"isFirst":false},{"content":"试了好几个咒语都不行！！","replyDepth":0,"type":"chat","sCharacter":{"no":"白尾绘里","index":"CH0304_BG"},"isFirst":false,"file":""},{"content":"那就别用什么魔法了，用那个！用那个！！","replyDepth":0,"type":"chat","sCharacter":{"no":"衣斐莱娜","index":"CH0305_BG"},"file":"","name":"","time":"","is_breaking":false,"isFirst":true,"isLeft":false,"isCenter":false,"isRight":false,"style":false},{"content":"什么，用什么？","replyDepth":0,"type":"chat","sCharacter":{"no":"白尾绘里","index":"CH0304_BG"},"file":"","name":"","time":"","is_breaking":false,"isFirst":true,"isLeft":false,"isCenter":false,"isRight":false,"style":false},{"content":"枪啊，用枪啊！！","replyDepth":0,"type":"chat","sCharacter":{"no":"衣斐莱娜","index":"CH0305_BG"},"isFirst":true,"file":""},{"file":"GameData/BLDA/CharFace/CH0305/18.webp","content":"CharFace","replyDepth":0,"type":"image","sCharacter":{"no":"衣斐莱娜","index":"CH0305_BG"},"isFirst":false},{"content":"枪我放帐篷里忘拿了... ","replyDepth":0,"type":"chat","sCharacter":{"no":"白尾绘里","index":"CH0304_BG"},"file":"","name":"","time":"","is_breaking":false,"isFirst":true,"isLeft":false,"isCenter":false,"isRight":false,"style":false}],"MoeTalk":"3-19"}