{"CHAT":[{"content":"我来帮忙捡...","replyDepth":0,"type":"chat","sCharacter":{"no":0,"index":"1"}},{"content":"不....不用！刚刚...刚刚什么都没发生...是的...什么都没有...","replyDepth":0,"type":"chat","sCharacter":{"no":"古关忧","index":"CH0204_BG"}},{"content":"真的没有吗","replyDepth":0,"type":"chat","sCharacter":{"no":0,"index":"1"}},{"content":"没有！老师什么都没..","replyDepth":0,"type":"chat","sCharacter":{"no":"古关忧","index":"CH0204_BG"}},{"file":"GameData/BLDA/CharFace/CH0204/22.webp","content":"CharFace","replyDepth":0,"type":"image","sCharacter":{"no":"古关忧","index":"CH0204_BG"}},{"content":"唔啊！","replyDepth":0,"type":"chat","sCharacter":{"no":"古关忧","index":"CH0204_BG"}},{"content":"虽然我并没有动，但忧一直在不自觉向后退，突然被什么东西绊倒了","replyDepth":0,"type":"info","sCharacter":{"no":"古关忧","index":"CH0204_BG"}},{"content":"忧酱危险！","replyDepth":0,"type":"chat","sCharacter":{"no":0,"index":"1"}},{"content":"（扑过去想要扶住）","replyDepth":0,"type":"chat","sCharacter":{"no":0,"index":"1"}},{"content":"没....没事，因为旁边的石头靠住了","replyDepth":0,"type":"chat","sCharacter":{"no":"古关忧","index":"CH0204_BG"}},{"file":"GameData/BLDA/CharFace/CH0204/12.webp","content":"CharFace","replyDepth":0,"type":"image","sCharacter":{"no":"古关忧","index":"CH0204_BG"}},{"content":"这是..这是什么东西，感觉冰凉冰凉的...","replyDepth":0,"type":"chat","sCharacter":{"no":"古关忧","index":"CH0204_BG"}},{"content":"和忧一齐往脚下看去","replyDepth":0,"type":"info","sCharacter":{"no":"古关忧","index":"CH0204_BG"}},{"content":"这是....半个埋在土里的铁铲？而且还是金属的","replyDepth":0,"type":"chat","sCharacter":{"no":"古关忧","index":"CH0204_BG"}},{"file":"GameData/BLDA/CharFace/CH0204/4.webp","content":"CharFace","replyDepth":0,"type":"image","sCharacter":{"no":"古关忧","index":"CH0204_BG"}},{"content":"不....不对，岛上怎么会有这种工具？这里不是被封锁了吗","replyDepth":0,"type":"chat","sCharacter":{"no":"古关忧","index":"CH0204_BG"}},{"content":"可能是修女会封锁前勘测留下的","replyDepth":0,"type":"chat","sCharacter":{"no":0,"index":"1"}},{"content":"不不...铲子看上去比较新，应该就是最近一段时间放在这的....","replyDepth":0,"type":"chat","sCharacter":{"no":"古关忧","index":"CH0204_BG"}},{"content":"忧，石头后面还有推车","replyDepth":0,"type":"chat","sCharacter":{"no":0,"index":"1"}},{"content":"老师看到石头的一角露出什么东西，随后用力一拉，从树丛里拉出一辆小推车","replyDepth":0,"type":"info","sCharacter":{"no":0,"index":"1"}},{"content":"铲子....推车.......","replyDepth":0,"type":"chat","sCharacter":{"no":"古关忧","index":"CH0204_BG"}},{"file":"GameData/BLDA/CharFace/CH0204/24.webp","content":"CharFace","replyDepth":0,"type":"image","sCharacter":{"no":"古关忧","index":"CH0204_BG"}},{"content":"这是....什么情况？","replyDepth":0,"type":"chat","sCharacter":{"no":"古关忧","index":"CH0204_BG"}},{"content":"","type":"image","file":"Emoji-2-1","replyDepth":0,"sCharacter":{"no":"古关忧","index":"CH0204_BG"},"isFirst":false,"name":"","isLeft":false,"isCenter":true,"isRight":false,"is_breaking":false,"time":"","style":false},{"content":"继续走向露营咖啡基地","replyDepth":0,"type":"info","sCharacter":{"no":"古关忧","index":"CH0204_BG"}},{"content":"尽管一直劝说忧放宽心，但忧的表情明显已经不像刚刚来时候那样放松了","replyDepth":0,"type":"info","sCharacter":{"no":"古关忧","index":"CH0204_BG"}},{"content":"说起来，这一路上，还是有很多疑点.....","replyDepth":0,"type":"chat","sCharacter":{"no":"古关忧","index":"CH0204_BG"}},{"content":"刚进树林时被刻意分开的树木....疑似脚印的足迹....还有被掰开的叶子，我之前都只是告诉自己那些不过是....不过是野生动物而已","replyDepth":0,"type":"chat","sCharacter":{"no":"古关忧","index":"CH0204_BG"}},{"file":"GameData/BLDA/CharFace/CH0204/6.webp","content":"CharFace","replyDepth":0,"type":"image","sCharacter":{"no":"古关忧","index":"CH0204_BG"}},{"content":"但是....仔细想来，在这样一座小岛上，能有什么大一点的动物....","replyDepth":0,"type":"chat","sCharacter":{"no":"古关忧","index":"CH0204_BG"}},{"content":"所以忧的意思是...","replyDepth":0,"type":"chat","sCharacter":{"no":0,"index":"1"}},{"content":"可能有人背着修女会来到这座岛...虽然不知道是为了什么，难道是偷窃文物倒卖吗....","replyDepth":0,"type":"chat","sCharacter":{"no":"古关忧","index":"CH0204_BG"}},{"content":"露营咖啡基地！终于到了","replyDepth":0,"type":"chat","sCharacter":{"no":0,"index":"1"}},{"content":"拍了拍沉思的忧，看向前方树林中的一块空地。虽然东西已经在上次离开时收走，但忧之前搭建的林荫小棚依然在那，还有被精心挑选当做靠背的石柱、用来压野餐布的石头，以及几株被采来的野生白花","replyDepth":0,"type":"info","sCharacter":{"no":0,"index":"1"}},{"content":"一切都和之前一样呢","replyDepth":0,"type":"chat","sCharacter":{"no":0,"index":"1"}},{"content":"呼....看到熟悉的基地，总觉得安心了一点....","replyDepth":0,"type":"chat","sCharacter":{"no":"古关忧","index":"CH0204_BG"}},{"content":"一起来布置吧忧酱","replyDepth":0,"type":"chat","sCharacter":{"no":0,"index":"1"}},{"content":"靠着倒下的石柱，和忧品尝刚刚泡好的冰美式，两人搭在野餐布上的手心照不宣的微微碰触，身体又保持着微妙的距离","replyDepth":0,"type":"info","sCharacter":{"no":"古关忧","index":"CH0204_BG"}},{"content":"很久没有这样，和忧酱一起喝咖啡了呀","replyDepth":0,"type":"chat","sCharacter":{"no":0,"index":"1"}},{"content":"毕竟...毕竟老师除了来交换笔记的日子，最近都很少来古书馆嘛","replyDepth":0,"type":"chat","sCharacter":{"no":"古关忧","index":"CH0204_BG"}},{"content":"当然....我并没有埋怨老师什么....我也知道夏莱的工作很忙....听志美子说，老师甚至得在百鬼夜行自管区和大雪原间来回奔波....","replyDepth":0,"type":"chat","sCharacter":{"no":"古关忧","index":"CH0204_BG"}},{"file":"GameData/BLDA/CharFace/CH0204/2.webp","content":"CharFace","replyDepth":0,"type":"image","sCharacter":{"no":"古关忧","index":"CH0204_BG"}},{"content":"相信很多学生也请求过老师...让老师多陪陪自己吧...毕竟老师接触过那么多学生....我并不想也这样...为老师再增添一份麻烦","replyDepth":0,"type":"chat","sCharacter":{"no":"古关忧","index":"CH0204_BG"}},{"content":"真的不想吗","replyDepth":0,"type":"chat","sCharacter":{"no":0,"index":"1"}},{"content":".......","replyDepth":0,"type":"chat","sCharacter":{"no":"古关忧","index":"CH0204_BG"}},{"content":"......","replyDepth":0,"type":"chat","sCharacter":{"no":"古关忧","index":"CH0204_BG"}},{"file":"GameData/BLDA/CharFace/CH0204/7.webp","content":"CharFace","replyDepth":0,"type":"image","sCharacter":{"no":"古关忧","index":"CH0204_BG"}},{"content":"其实....也有点","replyDepth":0,"type":"chat","sCharacter":{"no":"古关忧","index":"CH0204_BG"}},{"content":"忧抬头看向天空，抿了一口咖啡","replyDepth":0,"type":"info","sCharacter":{"no":"古关忧","index":"CH0204_BG"}},{"file":"GameData/BLDA/CharFace/CH0204/3.webp","content":"CharFace","replyDepth":0,"type":"image","sCharacter":{"no":"古关忧","index":"CH0204_BG"}},{"content":"果然....我是个很麻烦的家伙呢.....","replyDepth":0,"type":"chat","sCharacter":{"no":"古关忧","index":"CH0204_BG"}},{"content":"忧酱是这么想自己的吗","replyDepth":0,"type":"chat","sCharacter":{"no":0,"index":"1"}},{"content":"....老师刚刚在路上，不是说了回消息的问题吗","replyDepth":0,"type":"chat","sCharacter":{"no":"古关忧","index":"CH0204_BG"}},{"content":"其实....我在作业途中也会时不时看下手机，那时候....也总是看到老师发来的消息，该怎么说....应该说赌气吗，我有时....有时会故意不去回复","replyDepth":0,"type":"chat","sCharacter":{"no":"古关忧","index":"CH0204_BG"}},{"file":"GameData/BLDA/CharFace/CFID_6/CharID_112-167/159.webp","content":"CharFace","replyDepth":0,"type":"image","sCharacter":{"no":"古关忧","index":"CH0204_BG"}},{"content":"心里想着...果然老师和外面的人才是一类，和我不一样....但想到这里....又总会掏出那孩子....回顾和老师以前写下的东西","replyDepth":0,"type":"chat","sCharacter":{"no":"古关忧","index":"CH0204_BG"}},{"content":"老师可一点也不介意忧酱这么想","replyDepth":0,"type":"chat","sCharacter":{"no":0,"index":"1"}},{"content":"而且，我也能打扰到忧酱最看重的日常作业","replyDepth":0,"type":"chat","sCharacter":{"no":0,"index":"1"}},{"content":"甚至有些意外的高兴呢","replyDepth":0,"type":"chat","sCharacter":{"no":0,"index":"1"}},{"content":"呋呋...如果书本修复工作出了问题...我可能得怪老师哦","replyDepth":0,"type":"chat","sCharacter":{"no":"古关忧","index":"CH0204_BG"}},{"file":"GameData/BLDA/CharFace/CFID_6/CharID_112-167/5.webp","content":"CharFace","replyDepth":0,"type":"image","sCharacter":{"no":"古关忧","index":"CH0204_BG"}},{"content":"收到，一不做二不休，下次我会用语音电话的！","replyDepth":0,"type":"chat","sCharacter":{"no":0,"index":"1"}},{"content":"这样忧酱就没法忽视了","replyDepth":0,"type":"chat","sCharacter":{"no":0,"index":"1"}},{"file":"GameData/BLDA/CharFace/CH0204/13.webp","content":"CharFace","replyDepth":0,"type":"image","sCharacter":{"no":"古关忧","index":"CH0204_BG"}},{"content":"唔....还请千万不用那样做","replyDepth":0,"type":"chat","sCharacter":{"no":"古关忧","index":"CH0204_BG"}},{"content":"哐隆隆.......","replyDepth":0,"type":"info","sCharacter":{"no":"古关忧","index":"CH0204_BG"}},{"content":"？那是...什么声音","replyDepth":0,"type":"chat","sCharacter":{"no":"古关忧","index":"CH0204_BG"}},{"content":"似乎是从远处传来的","replyDepth":0,"type":"chat","sCharacter":{"no":"古关忧","index":"CH0204_BG"}},{"content":"哐哐哐隆隆隆隆.........","replyDepth":0,"type":"info","sCharacter":{"no":0,"index":"1"}},{"file":"GameData/BLDA/CharFace/CH0204/10.webp","content":"CharFace","replyDepth":0,"type":"image","sCharacter":{"no":"古关忧","index":"CH0204_BG"}},{"content":"哇啊，怎么回事？","replyDepth":0,"type":"chat","sCharacter":{"no":"古关忧","index":"CH0204_BG"}},{"content":"是火山喷发吗","replyDepth":0,"type":"chat","sCharacter":{"no":0,"index":"1"}},{"content":"怎么可能，这又不是格黑娜.....地质怎么可能会有火山","replyDepth":0,"type":"chat","sCharacter":{"no":"古关忧","index":"CH0204_BG"}},{"content":"........","replyDepth":0,"type":"chat","sCharacter":{"no":"古关忧","index":"CH0204_BG"}},{"file":"GameData/BLDA/CharFace/CFID_6/CharID_112-167/151.webp","content":"CharFace","replyDepth":0,"type":"image","sCharacter":{"no":"古关忧","index":"CH0204_BG"}},{"content":"果然.....我还是放不下心，我想赶过去了看看","replyDepth":0,"type":"chat","sCharacter":{"no":"古关忧","index":"CH0204_BG"}},{"content":"没事，东西我来收拾","replyDepth":0,"type":"chat","sCharacter":{"no":0,"index":"1"}},{"content":"马上就向声音方向出发","replyDepth":0,"type":"chat","sCharacter":{"no":0,"index":"1"}},{"content":"和忧跑向声音发生的地方，来到了地下遗迹附近，蹲在树丛中向遗迹看去，大概十几个头盔团的成员零零散散在里面忙活","replyDepth":0,"type":"info","sCharacter":{"no":0,"index":"1"}},{"content":"那边的，快点快点！推车呢快推过来！","replyDepth":0,"type":"chat","sCharacter":{"no":"头盔团成员","index":"Helmetdan_Red1_BG"}},{"content":"还有谁让你闹那么大动静的！让你搬个石头壁画，你怎么把柱子都弄倒了！","replyDepth":0,"type":"chat","sCharacter":{"no":"头盔团成员","index":"Helmetdan_Red1_BG"}},{"content":"这些可是古文物！那些圣三一的大小姐要求我们运输过程中不要出现磕碰，否则会扣我们钱的！","replyDepth":0,"type":"chat","sCharacter":{"no":"头盔团成员","index":"Helmetdan_Red1_BG"}},{"content":"果...果然，果然是这种人....","replyDepth":0,"type":"chat","sCharacter":{"no":"古关忧","index":"CH0204_BG"}},{"file":"GameData/BLDA/CharFace/CH0204/16.webp","content":"CharFace","replyDepth":0,"type":"image","sCharacter":{"no":"古关忧","index":"CH0204_BG"}},{"content":"忧瞪大了眼睛，死死盯住前面的头盔团","replyDepth":0,"type":"info","sCharacter":{"no":"古关忧","index":"CH0204_BG"}},{"content":"那个忧，我理解你的心情","replyDepth":0,"type":"chat","sCharacter":{"no":0,"index":"1"}},{"content":"但是请克制，不要冲动.....","replyDepth":0,"type":"chat","sCharacter":{"no":0,"index":"1"}},{"content":"看到他们这样对待那些孩子，我，我我我...我怎么能忍....","replyDepth":0,"type":"chat","sCharacter":{"no":"古关忧","index":"CH0204_BG"}},{"content":"忧停住似乎要爆发的话语，深吸了一口气","replyDepth":0,"type":"info","sCharacter":{"no":"古关忧","index":"CH0204_BG"}},{"file":"GameData/BLDA/CharFace/CFID_6/CharID_112-167/54.webp","content":"CharFace","replyDepth":0,"type":"image","sCharacter":{"no":"古关忧","index":"CH0204_BG"}},{"content":"没事，老师....毕竟只有我们两个人....既然我再怎么想，我也....也不想把老师置于危险的境地","replyDepth":0,"type":"chat","sCharacter":{"no":"古关忧","index":"CH0204_BG"}},{"content":"想想办法.....有了","replyDepth":0,"type":"chat","sCharacter":{"no":"古关忧","index":"CH0204_BG"}},{"content":"那边那个，你往角落眯什么呢！","replyDepth":0,"type":"chat","sCharacter":{"no":"头盔团成员","index":"Helmetdan_Red1_BG"},"isFirst":false,"name":"","isLeft":true,"isCenter":false,"isRight":false,"is_breaking":false,"file":"","time":"","style":false},{"content":"那个，我好像听见了那边不断传来有奇怪的响声，感觉有什么东西","replyDepth":0,"type":"chat","sCharacter":{"no":"头盔团成员","index":"Helmetdan_Black1_BG"}},{"content":"什么，响声？行行行让我看看","replyDepth":0,"type":"chat","sCharacter":{"no":"头盔团成员","index":"Helmetdan_Red1_BG"}},{"content":"领头的头盔团成员走向一旁的角落","replyDepth":0,"type":"info","sCharacter":{"no":"头盔团成员","index":"Helmetdan_Red1_BG"}},{"content":"能有什么动静...哇，好漂亮的箱子！","replyDepth":0,"type":"chat","sCharacter":{"no":"头盔团成员","index":"Helmetdan_Red1_BG"}},{"content":"这种破角落居然能藏着那么漂亮的箱子，这要运回去.....报酬绝对蹭蹭涨！","replyDepth":0,"type":"chat","sCharacter":{"no":"头盔团成员","index":"Helmetdan_Red1_BG"}},{"content":"那边那个，来和我搬这东西","replyDepth":0,"type":"chat","sCharacter":{"no":"头盔团成员","index":"Helmetdan_Red1_BG"}},{"content":"（微微抬起）","replyDepth":0,"type":"chat","sCharacter":{"no":"头盔团成员","index":"Helmetdan_Black1_BG"}},{"content":"还挺沉.....","replyDepth":0,"type":"chat","sCharacter":{"no":"头盔团成员","index":"Helmetdan_Red1_BG"}},{"content":"（一阵诡异的声音）","replyDepth":0,"type":"info","sCharacter":{"no":"头盔团成员","index":"Helmetdan_Red1_BG"}},{"content":"....什么声音这是","replyDepth":0,"type":"chat","sCharacter":{"no":"头盔团成员","index":"Helmetdan_Red1_BG"}},{"content":"............","replyDepth":0,"type":"chat","sCharacter":{"no":"尤斯蒂娅圣徒会","index":"NP0137_BG"}},{"content":"（上膛声）","replyDepth":0,"type":"chat","sCharacter":{"no":"尤斯蒂娅圣徒会","index":"NP0137_BG"}},{"content":"哇啊啊啊啊啊啊！这是什么东西！快开枪，快开枪！","replyDepth":0,"type":"chat","sCharacter":{"no":"头盔团成员","index":"Helmetdan_Red1_BG"}},{"content":"子弹打在虚体的身上，并没有造成什么反应 相反越来越多的虚体出现，开始向头盔团回击","replyDepth":0,"type":"info","sCharacter":{"no":"头盔团成员","index":"Helmetdan_Red1_BG"}},{"content":"不行，这到底是什么，鬼魂吗....撤退，我们马上撤退回船上！","replyDepth":0,"type":"chat","sCharacter":{"no":"头盔团成员","index":"Helmetdan_Red1_BG"}},{"content":"头盔团一哄而散，向着海岸的方向跑去","replyDepth":0,"type":"info","sCharacter":{"no":"头盔团成员","index":"Helmetdan_Red1_BG"}},{"content":"等待了几分钟，看到没了动静，和忧从树丛里出来","replyDepth":0,"type":"info","sCharacter":{"no":"头盔团成员","index":"Helmetdan_Red1_BG"}},{"content":"果然....我记得没错，触碰这种物品会招来圣徒会的复制.....第一次来岛上时，应对这些难缠的复制就费了我们不少功夫....","replyDepth":0,"type":"chat","sCharacter":{"no":"古关忧","index":"CH0204_BG"}},{"content":"所以这些人....是要倒卖文物去黑市交易？","replyDepth":0,"type":"chat","sCharacter":{"no":0,"index":"1"}},{"content":"（摇了摇头）","replyDepth":0,"type":"chat","sCharacter":{"no":"古关忧","index":"CH0204_BG"}},{"file":"GameData/BLDA/CharFace/CH0204/99.webp","content":"CharFace","replyDepth":0,"type":"image","sCharacter":{"no":"古关忧","index":"CH0204_BG"}},{"content":"老师请想想....这座岛如此偏远....又被严格封锁了消息，以头盔团的实力....如何能自主发现这座岛....","replyDepth":0,"type":"chat","sCharacter":{"no":"古关忧","index":"CH0204_BG"}},{"content":"从之前铲子那的痕迹来看...这里至少已经被发现一段时间了....如果只是无意中发现了如此重要的文物遗址，想去黑市赚钱.....他们到今天怎么能只有这点规模进行运输....不怕被黑市的其他人发现并抢夺生意吗.....","replyDepth":0,"type":"chat","sCharacter":{"no":"古关忧","index":"CH0204_BG"}},{"content":"加上他们提到了“圣三一的大小姐”...","replyDepth":0,"type":"chat","sCharacter":{"no":"古关忧","index":"CH0204_BG"}},{"content":"所以，是圣三一内部人员？","replyDepth":0,"type":"chat","sCharacter":{"no":0,"index":"1"}},{"content":"（点了点头）","replyDepth":0,"type":"chat","sCharacter":{"no":"古关忧","index":"CH0204_BG"}},{"file":"GameData/BLDA/CharFace/CH0204/5.webp","content":"CharFace","replyDepth":0,"type":"image","sCharacter":{"no":"古关忧","index":"CH0204_BG"}},{"content":"恐怕...和与老师第一次相见时的.....那次的古修女会典籍事件一样，都是一场....精心策划的阴谋吧","replyDepth":0,"type":"chat","sCharacter":{"no":"古关忧","index":"CH0204_BG"}},{"content":"那些头盔团不过是听命别人....如果这里的文物大量不翼而飞，等修女会再次重启调查时...樱子难责其咎。同时持有这些秘密的古文物....也是一种很好的把柄","replyDepth":0,"type":"chat","sCharacter":{"no":"古关忧","index":"CH0204_BG"}},{"content":"那我们该怎么办","replyDepth":0,"type":"chat","sCharacter":{"no":0,"index":"1"}},{"content":"现在回去向樱子她们汇报吗","replyDepth":0,"type":"chat","sCharacter":{"no":0,"index":"1"}}],"MoeTalk":"2-1"}