{"CHAT":[{"file":"GameData/BLDA/CharFace/CFID_1/CharID_112/37.webp","content":"CharFace","replyDepth":0,"type":"image","sCharacter":{"no":"古关忧","index":"CH0169"}},{"content":"忧一边嚼着咖啡杯的吸管一边发出些许怪声，以往在古书馆总是很安静的忧，似乎已经被这酷暑热昏了脑袋","replyDepth":0,"type":"info","sCharacter":{"no":"古关忧","index":"CH0169"}},{"content":"忧把身体懒散靠在了墙壁上，似乎准备用这种方式得到些许降温，随着目光扫到一眼老师，又赶紧恢复了坐姿","replyDepth":0,"type":"info","sCharacter":{"no":"古关忧","index":"CH0169"}},{"content":"抱歉....老师...在这种情况下见面...本来今天应该是分享交换笔记的日子","replyDepth":0,"type":"chat","sCharacter":{"no":"古关忧","index":"CH0169"}},{"content":"笔记放在右边的长椅上了，我现在手上全是汗...不太适合拿起我们的....","replyDepth":0,"type":"chat","sCharacter":{"no":"古关忧","index":"CH0169"}},{"content":"通红的脸低下了头，不知道是因为热还是害羞","replyDepth":0,"type":"info","sCharacter":{"no":"古关忧","index":"CH0169"}},{"content":"没事，我可是一点不介意","replyDepth":0,"type":"chat","sCharacter":{"no":0,"index":"1"}},{"content":"尤其还有忧酱的手汗！","replyDepth":0,"type":"chat","sCharacter":{"no":0,"index":"1"}},{"content":"您您您在说什么啊.....","replyDepth":0,"type":"chat","sCharacter":{"no":"古关忧","index":"CH0169"}},{"file":"GameData/BLDA/CharFace/CFID_1/CharID_112/32.webp","content":"CharFace","replyDepth":0,"type":"image","sCharacter":{"no":"古关忧","index":"CH0169"}},{"content":"唔，看来老师也和我一样热的神志不清了....","replyDepth":0,"type":"chat","sCharacter":{"no":"古关忧","index":"CH0169"}},{"content":"忧酱有什么清凉的衣服吗","replyDepth":0,"type":"chat","sCharacter":{"no":0,"index":"1"}},{"content":"没有....因为从来没有在圣三一经历过这种热天....清凉的衣服应该一件也没....","replyDepth":0,"type":"chat","sCharacter":{"no":"古关忧","index":"CH0169"}},{"file":"GameData/BLDA/CharFace/CH0169/4.webp","content":"CharFace","replyDepth":0,"type":"image","sCharacter":{"no":"古关忧","index":"CH0169"}},{"content":"忧酱愣了一下，看来是想到了什么","replyDepth":0,"type":"info","sCharacter":{"no":"古关忧","index":"CH0169"}},{"content":"库库，没错，我说的就是这个！","replyDepth":0,"type":"chat","sCharacter":{"no":0,"index":"1"}},{"content":"一起去海岛消暑，怎么样！","replyDepth":0,"type":"chat","sCharacter":{"no":"0","index":"1"},"isFirst":false,"name":"","isLeft":true,"isCenter":false,"isRight":false,"is_breaking":false,"file":"","time":"","style":false}],"MoeTalk":"2-1"}