{"CHAT":[{"file":"GameData/BLDA/CharFace/CH0292/9.webp","content":"CharFace","replyDepth":0,"type":"image","sCharacter":{"no":"一花","index":"CH0292_BG"}},{"file":"GameData/BLDA/CharFace/NP0078/99.webp","content":"CharFace","replyDepth":0,"type":"image","sCharacter":{"no":"飞鸟马时","index":"NP0078_BG"}},{"content":"不必担心，这都是小问题","replyDepth":0,"type":"chat","sCharacter":{"no":"飞鸟马时","index":"NP0078_BG"}},{"content":"外围","replyDepth":0,"type":"info","sCharacter":{"no":"飞鸟马时","index":"NP0078_BG"}},{"content":"公主，这个碎片有些熟悉的感觉……","replyDepth":0,"type":"chat","sCharacter":{"no":"锭前纱织","index":"CH0266_BG"}},{"content":"应该是一个重要的线索吧？","replyDepth":0,"type":"chat","sCharacter":{"no":"锭前纱织","index":"CH0266_BG"},"isFirst":false,"name":"","isLeft":true,"isCenter":false,"isRight":false,"is_breaking":false,"file":"","time":"","style":false},{"content":"多谢你了，纱织","replyDepth":0,"type":"chat","sCharacter":{"no":"秤亚津子","index":"CH0267_BG"}},{"content":"总是为了大家而着想…","replyDepth":0,"type":"chat","sCharacter":{"no":"秤亚津子","index":"CH0267_BG"},"isFirst":false,"name":"","isLeft":true,"isCenter":false,"isRight":false,"is_breaking":false,"file":"","time":"","style":false},{"file":"GameData/BLDA/CharFace/CH0267/10.webp","content":"CharFace","replyDepth":0,"type":"image","sCharacter":{"no":"秤亚津子","index":"CH0267_BG"}},{"file":"GameData/BLDA/CharFace/CH0266/3.webp","content":"CharFace","replyDepth":0,"type":"image","sCharacter":{"no":"锭前纱织","index":"CH0266_BG"}},{"content":"话说回来，到底是在哪里接触过呢…","replyDepth":0,"type":"chat","sCharacter":{"no":"锭前纱织","index":"CH0266_BG"}},{"content":"这种材质…","replyDepth":0,"type":"chat","sCharacter":{"no":"锭前纱织","index":"CH0266_BG"}},{"content":"……","replyDepth":0,"type":"chat","sCharacter":{"no":"秤亚津子","index":"CH0267_BG"}},{"content":"哦……原来如此","replyDepth":0,"type":"chat","sCharacter":{"no":"秤亚津子","index":"CH0267_BG"}},{"file":"GameData/BLDA/CharFace/CH0267/5.webp","content":"CharFace","replyDepth":0,"type":"image","sCharacter":{"no":"秤亚津子","index":"CH0267_BG"}},{"content":"公主？你知道了？","replyDepth":0,"type":"chat","sCharacter":{"no":"锭前纱织","index":"CH0266_BG"}},{"content":"当然，但是现在有个问题是……","replyDepth":0,"type":"chat","sCharacter":{"no":"秤亚津子","index":"CH0267_BG"}},{"content":"洞内","replyDepth":0,"type":"info","sCharacter":{"no":"秤亚津子","index":"CH0267_BG"}},{"content":"（踩到了某个东西）","replyDepth":0,"type":"chat","sCharacter":{"no":"飞鸟马时","index":"NP0078_BG"}},{"content":"嗯…是一根电线…？大概就是亚子行政官说的电线吧？","replyDepth":0,"type":"chat","sCharacter":{"no":"飞鸟马时","index":"NP0078_BG"}},{"content":"所以说，这种地方，怎么可能会有电线啊？","replyDepth":0,"type":"chat","sCharacter":{"no":"一花","index":"CH0292_BG"}},{"file":"GameData/BLDA/CharFace/CH0292/12.webp","content":"CharFace","replyDepth":0,"type":"image","sCharacter":{"no":"一花","index":"CH0292_BG"}},{"content":"怎么看都不可能吧？","replyDepth":0,"type":"chat","sCharacter":{"no":"一花","index":"CH0292_BG"}},{"content":"看来，应该只有前面的这扇门，能给予我们答案了…","replyDepth":0,"type":"chat","sCharacter":{"no":"天雨亚子","index":"Ako_BG"}},{"content":"只见眼前那一扇巨大的铁门","replyDepth":0,"type":"info","sCharacter":{"no":"天雨亚子","index":"Ako_BG"}},{"file":"GameData/BLDA/CharFace/CH0292/4.webp","content":"CharFace","replyDepth":0,"type":"image","sCharacter":{"no":"一花","index":"CH0292_BG"}},{"content":"没有把手的门诶…","replyDepth":0,"type":"chat","sCharacter":{"no":"一花","index":"CH0292_BG"}},{"content":"是不是有隐藏的开关之类的？","replyDepth":0,"type":"chat","sCharacter":{"no":"天雨亚子","index":"Ako_BG"}},{"file":"GameData/BLDA/CharFace/ako/99.webp","content":"CharFace","replyDepth":0,"type":"image","sCharacter":{"no":"天雨亚子","index":"Ako_BG"}},{"content":"（轻轻一推）","replyDepth":0,"type":"chat","sCharacter":{"no":"空崎日奈","index":"CH0063_BG"}},{"file":"GameData/BLDA/CharFace/CH0063/99.webp","content":"CharFace","replyDepth":0,"type":"image","sCharacter":{"no":"空崎日奈","index":"CH0063_BG"}},{"file":"GameData/BLDA/CharFace/ako/4.webp","content":"CharFace","replyDepth":0,"type":"image","sCharacter":{"no":"天雨亚子","index":"Ako_BG"}},{"content":"总之还是进去了","replyDepth":0,"type":"info","sCharacter":{"no":"天雨亚子","index":"Ako_BG"}},{"content":"这里真宽敞呢……","replyDepth":0,"type":"chat","sCharacter":{"no":"天雨亚子","index":"Ako_BG"}},{"content":"这里居然处处都陈列着机器人啊……","replyDepth":0,"type":"chat","sCharacter":{"no":"空崎日奈","index":"CH0063_BG"}},{"content":"地上这个，是护甲板吗？","replyDepth":0,"type":"chat","sCharacter":{"no":"一花","index":"CH0292_BG"}},{"content":"（随手捡起）","replyDepth":0,"type":"chat","sCharacter":{"no":"一花","index":"CH0292_BG"}},{"content":"（开枪打碎）","replyDepth":0,"type":"chat","sCharacter":{"no":"？？？","index":"Hidden_Arena"}},{"content":"诶……？","replyDepth":0,"type":"chat","sCharacter":{"no":"一花","index":"CH0292_BG"}},{"file":"GameData/BLDA/CharFace/CH0292/6.webp","content":"CharFace","replyDepth":0,"type":"image","sCharacter":{"no":"一花","index":"CH0292_BG"}},{"content":"……你们是谁！胆敢擅闯这里？！","replyDepth":0,"type":"chat","sCharacter":{"no":"凯撒特种部队","index":"NP0116_BG"}},{"content":"刚刚那个…算是情报对吧？","replyDepth":0,"type":"chat","sCharacter":{"no":"一花","index":"CH0292_BG"}},{"content":"应该，是的……","replyDepth":0,"type":"chat","sCharacter":{"no":"天雨亚子","index":"Ako_BG"}},{"file":"GameData/BLDA/CharFace/ako/4.webp","content":"CharFace","replyDepth":0,"type":"image","sCharacter":{"no":"天雨亚子","index":"Ako_BG"}},{"content":"（奇怪，好危险的气息…）","replyDepth":0,"type":"chat","sCharacter":{"no":"飞鸟马时","index":"NP0078_BG"}},{"file":"GameData/BLDA/CharFace/CH0292/6.webp","content":"CharFace","replyDepth":0,"type":"image","sCharacter":{"no":"一花","index":"CH0292_BG"}},{"content":"既然是这样啊……","replyDepth":0,"type":"chat","sCharacter":{"no":"一花","index":"CH0292_BG"}},{"content":"一花同学……？","replyDepth":0,"type":"chat","sCharacter":{"no":"鹫见芹娜","index":"NP0075_BG"}},{"file":"GameData/BLDA/CharFace/NP0075/4.webp","content":"CharFace","replyDepth":0,"type":"image","sCharacter":{"no":"鹫见芹娜","index":"NP0075_BG"}},{"content":"啊哈哈，又碎掉了呢…","replyDepth":0,"type":"chat","sCharacter":{"no":"一花","index":"CH0292_BG"}},{"content":"那个机器人的标志……是凯撒！","replyDepth":0,"type":"chat","sCharacter":{"no":"天雨亚子","index":"Ako_BG"}},{"file":"GameData/BLDA/CharFace/ako/5.webp","content":"CharFace","replyDepth":0,"type":"image","sCharacter":{"no":"天雨亚子","index":"Ako_BG"}},{"content":"凯撒…","replyDepth":0,"type":"chat","sCharacter":{"no":"空崎日奈","index":"CH0063_BG"}},{"file":"GameData/BLDA/CharFace/CH0063/6.webp","content":"CharFace","replyDepth":0,"type":"image","sCharacter":{"no":"空崎日奈","index":"CH0063_BG"}},{"content":"又一次搞砸了呢……","replyDepth":0,"type":"chat","sCharacter":{"no":"一花","index":"CH0292_BG"}},{"file":"GameData/BLDA/CharFace/CH0292/21.webp","content":"CharFace","replyDepth":0,"type":"image","sCharacter":{"no":"一花","index":"CH0292_BG"}},{"content":"喂！快点回事，你们到底是……","replyDepth":0,"type":"chat","sCharacter":{"no":"凯撒特种部队","index":"NP0116_BG"}},{"content":"……下地狱去吧。","replyDepth":0,"type":"chat","sCharacter":{"no":"一花","index":"CH0292_BG"}},{"file":"GameData/BLDA/CharFace/CH0292/26.webp","content":"CharFace","replyDepth":0,"type":"image","sCharacter":{"no":"一花","index":"CH0292_BG"}},{"content":"于是，在经过的一花和其他人的攻击后，凯撒PMC的机器人都被尽数打趴下","replyDepth":0,"type":"info","sCharacter":{"no":"一花","index":"CH0292_BG"}},{"content":"啊哈……","replyDepth":0,"type":"chat","sCharacter":{"no":"一花","index":"CH0292_BG"}},{"content":"哈哈……","replyDepth":0,"type":"chat","sCharacter":{"no":"一花","index":"CH0292_BG"}},{"content":"又一次呢，累的要死…","replyDepth":0,"type":"chat","sCharacter":{"no":"一花","index":"CH0292_BG"}},{"file":"GameData/BLDA/CharFace/CH0292/4.webp","content":"CharFace","replyDepth":0,"type":"image","sCharacter":{"no":"一花","index":"CH0292_BG"}},{"content":"一花同学，请先不要动，我要为你检查伤口","replyDepth":0,"type":"chat","sCharacter":{"no":"鹫见芹娜","index":"NP0075_BG"}},{"file":"GameData/BLDA/CharFace/NP0075/5.webp","content":"CharFace","replyDepth":0,"type":"image","sCharacter":{"no":"鹫见芹娜","index":"NP0075_BG"}},{"content":"亚子…刚刚那…","replyDepth":0,"type":"chat","sCharacter":{"no":"空崎日奈","index":"CH0063_BG"}},{"file":"GameData/BLDA/CharFace/ako/4.webp","content":"CharFace","replyDepth":0,"type":"image","sCharacter":{"no":"天雨亚子","index":"Ako_BG"}},{"file":"GameData/BLDA/CharFace/NP0078/99.webp","content":"CharFace","replyDepth":0,"type":"image","sCharacter":{"no":"飞鸟马时","index":"NP0078_BG"}},{"content":"哼…也罢你们发现了这里…","replyDepth":0,"type":"chat","sCharacter":{"no":"凯撒PMC将军","index":"NP0104_BG"}},{"content":"士兵们！","replyDepth":0,"type":"chat","sCharacter":{"no":"凯撒PMC将军","index":"NP0104_BG"}},{"file":"GameData/BLDA/CharFace/NP0116/Idle_01.webp","content":"CharFace","replyDepth":0,"type":"image","sCharacter":{"no":"凯撒特种部队","index":"NP0116_BG"}},{"content":"欧拉额！我忍了一路的火气看你要给我承担啊！！！","replyDepth":0,"type":"chat","sCharacter":{"no":"美甘尼禄","index":"CH0280_BG"}},{"file":"GameData/BLDA/CharFace/NP0078/3.webp","content":"CharFace","replyDepth":0,"type":"image","sCharacter":{"no":"飞鸟马时","index":"NP0078_BG"}},{"content":"招惹了最不该招惹的人呢…","replyDepth":0,"type":"chat","sCharacter":{"no":"飞鸟马时","index":"NP0078_BG"}},{"content":"……","replyDepth":0,"type":"info","sCharacter":{"no":"飞鸟马时","index":"NP0078_BG"}},{"content":"（晕去）","replyDepth":0,"type":"chat","sCharacter":{"no":"凯撒PMC将军","index":"NP0104_BG"}},{"content":"总之，对于这座岛屿的探索就到这里吧","replyDepth":0,"type":"chat","sCharacter":{"no":"天雨亚子","index":"Ako_BG"}},{"content":"毕竟也已经知道了，这里单纯就是一个凯撒的基地","replyDepth":0,"type":"chat","sCharacter":{"no":"天雨亚子","index":"Ako_BG"}},{"content":"洞外","replyDepth":0,"type":"info","sCharacter":{"no":"天雨亚子","index":"Ako_BG"}},{"content":"问题是什么，公主？","replyDepth":0,"type":"chat","sCharacter":{"no":"锭前纱织","index":"CH0266_BG"}},{"content":"你打算怎么领到奖赏？","replyDepth":0,"type":"chat","sCharacter":{"no":"秤亚津子","index":"CH0267_BG"}},{"content":"我们现在可是处于被通缉的状态下","replyDepth":0,"type":"chat","sCharacter":{"no":"秤亚津子","index":"CH0267_BG"}},{"file":"GameData/BLDA/CharFace/CH0267/7.webp","content":"CharFace","replyDepth":0,"type":"image","sCharacter":{"no":"秤亚津子","index":"CH0267_BG"}},{"content":"而且是联邦学生会发布的这一系列委托哦？","replyDepth":0,"type":"chat","sCharacter":{"no":"秤亚津子","index":"CH0267_BG"}},{"content":"这……","replyDepth":0,"type":"chat","sCharacter":{"no":"锭前纱织","index":"CH0266_BG"}},{"file":"GameData/BLDA/CharFace/CH0266/12.webp","content":"CharFace","replyDepth":0,"type":"image","sCharacter":{"no":"锭前纱织","index":"CH0266_BG"}},{"content":"去找老师吧…","replyDepth":0,"type":"chat","sCharacter":{"no":"秤亚津子","index":"CH0267_BG"}},{"content":"可是，公主…我不能再……","replyDepth":0,"type":"chat","sCharacter":{"no":"锭前纱织","index":"CH0266_BG"}},{"content":"先不说这个是不是前功尽弃，但纱酱真的觉得老师会怨恨你吗？","replyDepth":0,"type":"chat","sCharacter":{"no":"秤亚津子","index":"CH0267_BG"}},{"file":"GameData/BLDA/CharFace/CH0267/7.webp","content":"CharFace","replyDepth":0,"type":"image","sCharacter":{"no":"秤亚津子","index":"CH0267_BG"}},{"content":"纱酱到现在还不清楚呢","replyDepth":0,"type":"chat","sCharacter":{"no":"秤亚津子","index":"CH0267_BG"}}],"MoeTalk":"1-2"}