{"CHAT":[{"content":"嗯，这个就一会再和老师解释吧","replyDepth":0,"type":"chat","sCharacter":{"no":"普拉娜","index":"NP0035_BG"},"file":"","name":"","time":"","is_breaking":false,"isFirst":true,"isLeft":false,"isCenter":false,"isRight":false,"style":false},{"content":"恶魔，恶魔变成了小女孩... ？","replyDepth":0,"type":"chat","sCharacter":{"no":"白尾绘里","index":"CH0304_BG"},"isFirst":true,"file":""},{"file":"GameData/BLDA/CharFace/CH0304/S2_20.webp","content":"CharFace","replyDepth":0,"type":"image","sCharacter":{"no":"白尾绘里","index":"CH0304_BG"},"isFirst":false},{"content":"怎么回事？","replyDepth":0,"type":"chat","sCharacter":{"no":"白尾绘里","index":"CH0304_BG"},"file":"","name":"","time":"","is_breaking":false,"isFirst":false,"isLeft":false,"isCenter":false,"isRight":false,"style":false},{"content":"老师，你认识她们？","replyDepth":0,"type":"chat","sCharacter":{"no":"板垣庚","index":"CH0306_BG"},"isFirst":true,"file":""},{"file":"GameData/BLDA/CharFace/CH0306/2.webp","content":"CharFace","replyDepth":0,"type":"image","sCharacter":{"no":"板垣庚","index":"CH0306_BG"},"isFirst":false},{"content":"这到底是... ？","replyDepth":0,"type":"chat","sCharacter":{"no":"板垣庚","index":"CH0306_BG"},"isFirst":false,"file":""},{"content":"嘎嘎？","replyDepth":0,"type":"chat","sCharacter":{"no":"custom-250826-160601","index":"custom-250826-160601"},"isFirst":true,"file":""},{"content":"喵喵喵？","replyDepth":0,"type":"chat","sCharacter":{"no":"custom-250826-160535","index":"custom-250826-160535"},"isFirst":true,"file":""},{"content":"诶诶诶，现在到底是什么情况？！","replyDepth":0,"type":"chat","sCharacter":{"no":"衣斐莱娜","index":"CH0305_BG"},"isFirst":true,"file":""},{"content":"呃，那个，怎么说呢... ","replyDepth":0,"type":"chat","sCharacter":{"no":0,"index":"1"},"isFirst":true,"file":""},{"file":"GameData/BLDA/Emoji/45.webp","content":"Emoji","replyDepth":0,"type":"image","sCharacter":{"no":0,"index":"1"},"isFirst":false},{"content":"她们不是恶魔... ","replyDepth":0,"type":"chat","sCharacter":{"no":0,"index":"1"},"isFirst":false,"file":""},{"content":"是我认识的学生... ","replyDepth":0,"type":"chat","sCharacter":{"no":0,"index":"1"},"isFirst":false,"file":""},{"content":"她们可能是偷偷上岛来找我的吧... ","replyDepth":0,"type":"chat","sCharacter":{"no":0,"index":"1"},"isFirst":false,"file":""}],"MoeTalk":"3-60"}