[{"ain":"无","Airi":"栗村爱莉","Akane":"室笠茜","Akari":"鳄渊明里","Akira":"清澄晶","Ako":"天雨亚子","Alice":"天童爱丽丝","amas":"AMAS","Android":"市民","Aoi":"扇喜葵","Arata":"新","arius_student":"阿里乌斯学生","Arona":"阿罗娜","Aru":"陆八魔阿露","Asuna":"一之濑明日奈","Atsuko":"秤亚津子","automata":"自动机器人","Ayane":"奥空绫音","Ayumu":"岩柜步梦","Azusa":"白洲梓","Barubara":"尤斯蒂娅圣徒会","basement_dweller":"地下生活者","beatrice":"贝阿朵莉切","Binah":"薇娜","Black_Suit":"黑服","BlackMarket_Member":"头盔团成员","bunny_girl":"兔女郎守卫","Cherino":"连河切里诺","Chesed":"赫赛德","Chiaki":"元宫千秋","Chihiro":"各务千寻","Chinatsu":"火宫千夏","Chise":"和乐千世","Citizen":"市民","Dekaruto":"笛卡尔","Disciplinary_Committee_Member":"风纪委员会成员","don_arancino":"黑帮机器人","drum_container":"油桶","Décalcomanie":"印花釉法","Eimi":"和泉元艾米","emergency_medicine_student":"救急医学部成员","Erika":"旗见艾丽卡","Fubuki":"合欢垣吹雪","Furanshisu":"弗朗西斯","Fuuka":"爱清枫香","gehenna_student":"格黑娜学生","genbustore_member":"玄武商会成员","genryou_hyakumonogatari":"幻魉百物语","genryuumon_student":"玄龙门成员","Golconde":"戈尔孔达","Haine":"灰音","Hanae":"朝颜花绘","Hanako":"浦和花子","Hare":"小钩晴","Haruka":"伊草遥香","Haruna":"黑馆晴奈","Hasumi":"羽川莲见","hatsune_miku":"初音未来","Helmet_Dan":"头盔团成员","Hibiki":"猫塚响","Hieronymus":"耶罗尼姆斯","Hifumi":"阿慈谷日富美","Hikari":"橘光","Himari":"明星日鞠","Hina":"空崎日奈","Hinata":"若叶日向","Hiyori":"槌永日和","Hod":"霍德","Hoshino":"小鸟游星野","Hyakkiyako_Club_Member":"百鬼夜行学生","Ibuki":"伊吹","Ichika":"一花","Iori":"银镜伊织","Iroha":"枣伊吕波","Izumi":"狮子堂泉","Izuna":"久田泉奈","Jeneraru":"凯撒PMC将军","Junko":"赤司纯子","Juri":"牛牧茱莉","Justice_Task_Force_Member":"正以实现委员会成员","Kaede":"勇美枫","Kaho":"桑上果穗","Kai":"申谷启","Kaiser_PMC_Director":"凯撒PMC理事","KAITEN_FX_Mk_0":"KAITENFXMK0","Kaitenger":"回转寿司战队","Kanna":"尾刃叶渚","Karin":"角楯花凛","Kasumi":"霞","Kaya":"不知火花耶","Kayoko":"鬼方佳代子","Kazusa":"杏山和纱","Kikyou":"桐生桔梗","Kirara":"绮良良","Kirino":"中务桐乃","Kisaki":"龙华妃咲","Koharu":"下江小春","Kokona":"春原心奈","Kokuriko":"雏芥子","Kotama":"音濑小玉","Kotori":"丰见小鸟","Koyuki":"黑崎小雪","Kuro":"黑","Kurumi":"胡桃","Kuzunoha":"葛叶","Maestro":"巨匠","mafia":"黑帮学生","Mai":"舞","Maki":"小涂真纪","Makoto":"羽沼真琴","Mari":"伊落玛丽","Marina":"池仓玛利娜","Mashiro":"静山真白","Megu":"下仓惠","Meru":"姬木梅露","Michiru":"千鸟满","Midori":"才羽绿","Mika":"圣园未花","millennium_student":"千年学生","Mimori":"水羽三森","Mina":"近卫南","Mine":"苍森美弥","Minori":"安守实梨","MisakaMikoto":"御坂美琴","Misaki":"戒野美咲","Miyako":"月雪宫子","Miyu":"霞泽美游","Moe":"风仓萌绘","Momiji":"秋泉红叶","Momoi":"才羽桃井","Momoka":"由良木桃香","mubou_katashiro":"无面之形代","Mutsuki":"浅黄睦月","Nagisa":"桐藤渚","Nagusa":"御稜名草","nameless_guardian":"无名机器人","Natsu":"柚鸟夏","Neru":"美甘尼禄","Niko":"妮可","Niya":"天地尼娅","Noa":"生盐诺亚","Nodoka":"天见和香","Nonomi":"十六夜野宫","Nozomi":"橘望","npc_child":"市民","npc_fisherman":"市民","npc_kaiser":"凯撒特种部队","npc_priest":"无名祭祀","npc_yustina":"尤斯蒂娅圣徒会","Nyantenmaru":"市民","onsendev_student":"温泉开发部成员","Otogi":"音葵","ouru":"光","pandemonium_student":"万魔殿成员","Peroro_Sama":"佩洛洛","Perorozilla":"佩洛洛斯拉","phrenapates":"普雷纳帕特斯","Pina":"朝比奈菲娜","Purana":"普拉娜","Purejidento":"凯撒总裁","Rabu":"河驹风兰舞","Rei":"野正玲","Reijo":"鹿山丽情","Reisa":"宇泽玲纱","Renge":"不破莲华","rickshaw_student":"百鬼夜行学生","Rin":"七神凛","Rio":"调月莉音","royalguard_student":"亲卫队员","Rumi":"朱城瑠美","Saki":"空井咲","Sakurako":"歌住樱子","Saori":"锭前纱织","SatenRuiko":"佐天泪子","Satsuki":"皐月","Saya":"药子纱绫","Seia":"百合园圣娅","Sena":"冰室濑名","Serika":"黑见芹香","Serina":"鹫见芹娜","Shibaseki_Master":"柴大将","Shigure":"间宵时雨","Shimiko":"圆堂志美子","Shinon":"川流诗乃","Shiro":"白","Shiroko":"砂狼白子","Shizuko":"河和静子","ShokuhouMisaki":"食蜂操祈","Shun":"春原瞬","Shuro":"箭吹棕榈","Sisterhood":"修女会成员","sofu":"限","Sora":"空","special_error":"？？？","student_council_president":"联邦学生会长","student_council_student":"联邦学生会成员","Sudama_ichiza":"魑魅一座成员","Sukeban":"混混","Sumire":"乙花堇","Sumomo":"李","Suou":"朝霧苏枋","suzume_lady":"市民","Suzumi":"守月铃美","Takane":"三善贵音","Tea_party":"茶会成员","Toki":"飞鸟马时","Tomoe":"佐城智惠","train_attendant":"乘务员","train_maintainer":"乘务员","trinity_student":"圣三一学生","Tsubaki":"春日椿","Tsukuyo":"大野月咏","Tsumugi":"椎名䌷","Tsurugi":"剑先鹤城","Ui":"古关忧","Umika":"海夏","Utaha":"白石歌原","valkyrie_student":"瓦尔基里学生","Wakamo":"狐坂若藻","Yakumo":"荒槙八云","yoheki_student":"打工学生","Yoshimi":"伊原木好美","Yukari":"勘解由小路紫蓠","Yukino":"七度雪乃","Yume":"梦","Yuuka":"早濑优香","Yuzu":"花冈柚子","1":"砂狼白子","2":"小鸟游星野","3":"黑见芹香","4":"十六夜野宫","5":"奥空绫音","6":"风纪委员会成员","7":"空崎日奈","8":"银镜伊织","9":"天雨亚子","10":"火宫千夏","11":"浅黄睦月","12":"伊草遥香","13":"鬼方佳代子","14":"陆八魔阿露","15":"狮子堂泉","16":"赤司纯子","17":"鳄渊明里","18":"黑馆晴奈","19":"羽沼真琴","20":"枣伊吕波","21":"伊吹","22":"皐月","23":"万魔殿成员","24":"爱清枫香","25":"牛牧茱莉","26":"霞","27":"下仓惠","28":"温泉开发部成员","29":"冰室濑名","30":"救急医学部成员","31":"旗见艾丽卡","32":"绮良良","33":"格黑娜学生","34":"室笠茜","35":"美甘尼禄","36":"一之濑明日奈","37":"角楯花凛","175":"飞鸟马时","38":"天童爱丽丝","188":"Kei","39":"才羽桃井","40":"才羽绿","41":"花冈柚子","42":"明星日鞠","43":"小钩晴","44":"音濑小玉","45":"各务千寻","46":"小涂真纪","47":"猫塚响","48":"白石歌原","49":"丰见小鸟","50":"雷酱","176":"调月莉音","51":"早濑优香","52":"黑崎小雪","172":"生盐诺亚","53":"和泉元艾米","54":"乙花堇","173":"千年学生","55":"柚鸟夏","56":"伊原木好美","57":"栗村爱莉","58":"杏山和纱","59":"茶会成员","60":"圣园未花","61":"百合园圣娅","62":"桐藤渚","63":"白洲梓","64":"下江小春","65":"阿慈谷日富美","66":"浦和花子","67":"正以实现委员会成员","68":"静山真白","69":"剑先鹤城","70":"羽川莲见","71":"一花","72":"修女会成员","73":"若叶日向","74":"伊落玛丽","75":"歌住樱子","76":"鹫见芹娜","77":"朝颜花绘","78":"苍森美弥","79":"圆堂志美子","80":"古关忧","81":"守月铃美","171":"宇泽玲纱","82":"圣三一学生","83":"朝比奈菲娜","84":"河和静子","85":"海夏","86":"水羽三森","87":"春日椿","88":"勇美枫","89":"和乐千世","90":"天地尼娅","91":"桑上果穗","92":"久田泉奈","93":"千鸟满","94":"大野月咏","95":"狐坂若藻","97":"葛叶","192":"御稜名草","183":"龙华妃咲","184":"近卫南","185":"玄龙门成员","98":"药子纱绫","99":"朱城瑠美","100":"鹿山丽情","101":"玄武商会成员","102":"春原瞬","103":"春原心奈","96":"废案学生","198":"申谷启","104":"连河切里诺","105":"佐城智惠","106":"池仓玛利娜","107":"亲卫队员","108":"间宵时雨","109":"天见和香","110":"姬木梅露","111":"秋泉红叶","112":"安守实梨","113":"工务部成员","114":"中务桐乃","115":"合欢垣吹雪","116":"尾刃叶渚","117":"瓦尔基里学生","118":"空井咲","119":"月雪宫子","120":"霞泽美游","121":"风仓萌绘","122":"七度雪乃","123":"妮可","186":"音葵","187":"胡桃","124":"锭前纱织","125":"秤亚津子","126":"槌永日和","127":"戒野美咲","128":"阿里乌斯学生","134":"舞","135":"川流诗乃","136":"兔女郎守卫","138":"黑服","139":"戈尔孔达","140":"印花釉法","194":"弗朗西斯","141":"巨匠","142":"贝阿朵莉切","143":"佩洛洛斯拉","144":"自动机器人","145":"市民","146":"混混","147":"霍德","148":"赫赛德","149":"薇娜","150":"佩洛洛","151":"市民","152":"白","153":"黑","174":"高兹","154":"市民","155":"市民","156":"柴大将","158":"空","159":"魑魅一座成员","160":"凯撒PMC理事","180":"凯撒PMC将军","181":"凯撒总裁","182":"凯撒特种部队","161":"KaitenFxMk0","162":"回转寿司战队","163":"头盔团成员","164":"河驹风兰舞","165":"耶罗尼姆斯","137":"初音未来","166":"废案学生","167":"废案学生","168":"废案学生","169":"废案学生","170":"废案学生","190":"砂狼白子？","195":"？？？","196":"无名祭祀","197":"清澄晶","189":"普雷纳帕特斯","177":"？？？","129":"联邦学生会长","130":"七神凛","131":"由良木桃香","132":"岩柜步梦","133":"不知火花耶","178":"扇喜葵","179":"联邦学生会成员","200":"灰音","201":"李","157":"阿罗娜","191":"普拉娜","193":"老师"},{"NP0189":"CH0251","Akane_BunnyGirl":"CH0099","Alice":"Aris","Citizen_Borot_1":"Citizen_Borot1","Citizen_Borot_2":"Citizen_Borot2","Asuna_BunnyGirl":"CH0098","Atsuko_Masked":"Atsuko","Ayane_Robber_Swimsuit":"NP0066","Ayumu":"NP0013","Black_Suit":"Blacksuit","Cherino_Hotspring":"CH0164","Chihiro":"CH0160","Chinatsu_Hotspring":"CH0163","Chise_Swimsuit":"CH0178","Citizen_Animal_1":"Citizen_Animal1","Citizen_Animal_6":"Citizen_Animal6","Market_Animal_2":"Citizen_Animal2","Fuuki_Normal_1":"Fuuki_Normal1","Décalcomanie":"NP0011_1","Fubuki":"CH0141","Golconde":"NP0011_2","Haruka_Newyear":"CH0087","Helmet_Dan_Black":"Helmetdan_Black1","Helmet_Dan_Red":"Helmetdan_Red1","Hifumi":"Hihumi","Hifumi_Robber":"Hihumi_Robber","Hifumi_Swimsuit":"CH0058","Hina_Nightware":"NP0205","Hina_Swimsuit":"CH0063","Hoshino_Robber_Swimsuit":"NP0063","Hoshino_Swimsuit":"Hoshino_swimsuit","Iori_Swimsuit":"CH0064","Iroha":"CH0156","Izumi_Swimsuit":"Izumi_swimsuit","Izuna_Swimsuit":"CH0179","Junko":"Zunko","Justice_Normal_1":"Justice_normal1","Kaho":"CH0107","Kaiser_PMC_Director":"Pmcdirector","Kaitenger_Black":"Kaitenranger_Black","Kaitenger_Green":"Kaitenranger_Green","Kaitenger_Pink":"Kaitenranger_Pink","Kaitenger_Red":"Kaitenranger_Red","Kaitenger_Yellow":"Kaitenranger_Yellow","Kanna":"CH0170","Karin_BunnyGirl":"CH0100","Kayoko_Newyear":"CH0086","NP0188":"CH0250","Kokona":"CH0137","Kotori_Cheer":"CH0185","Megu":"CH0088","Michiru":"CH0113","Mika":"CH0069","Mimori_Swimsuit":"CH0183","Miyu":"CH0145","NP0190":"CH0221","Natsu":"CH0155","Neru_BunnyGirl":"CH0101","Niya":"CH0109","Noa":"CH0095","Nodoka_Hotspring":"CH0165","Nonomi_Robber_Swimsuit":"NP0067","Nonomi_Swimsuit":"CH0092","Nyantenmaru":"Citizen_Animal5","Peroro_Sama":"Peroro","Rabu":"CH0166","Reisa":"CH0167","Saki":"CH0144","Saya_Casual":"Saya_casual","Seia":"CH0070","Serika_Robber_Swimsuit":"NP0065","Serika_Swimsuit":"CH0189","Shibaseki_Master":"Shibasekimaster","Shigure_Hotspring":"CH0123","Shiroko_Ridingsuit":"Shiroko_ridingsuit","Shiroko_Robber_Swimsuit":"NP0064","Shiroko_Swimsuit":"CH0188","Shizuko_Swimsuit":"CH0180","Shun_Little_Girl":"CH0066","Sisterhood_Executive":"NP0025","Nobody":"Null","StreetGhoste_RL_Yukata":"StreetGhostes_RL","Yukata_StreetGhostes":"StreetGhostes_MG","Sukeban_HMG":"Sukeban_HMG1","Sukeban_MG_Swimsuit":"Sukebanswim_MG1","Sukeban_SMG":"Sukeban_SMG1","Sukeban_SMG_Swimsuit":"Sukebanswim_SMG1","Sukeban_SR":"Sukeban_SR1","Teaparty_Administrator":"NP0022","Teaparty_Escort":"NP0028","Tsukuyo":"CH0114","Tsurugi_Swimsuit":"CH0060","Ui":"CH0169","Utaha_Cheer":"CH0182","Wakamo_Swimsuit":"CH0175","NP0187":"CH0220"}]