{"CHAT":[{"content":"莱娜拉着紬一起飞快地逃跑了！","replyDepth":0,"type":"info","sCharacter":{"no":"椎名䌷","index":"CH0252_BG"},"file":"","name":"","time":"","is_breaking":false,"isFirst":true,"isLeft":false,"isCenter":false,"isRight":false,"style":false},{"content":"小庚，我背你跑！","replyDepth":0,"type":"chat","sCharacter":{"no":0,"index":"1"},"isFirst":true,"file":""},{"content":"啊呀，谢谢老师","replyDepth":0,"type":"chat","sCharacter":{"no":"板垣庚","index":"CH0306_BG"},"isFirst":true,"file":""},{"content":"老师带着庚一起跑！","replyDepth":0,"type":"info","sCharacter":{"no":"？？？","index":"Hidden_Arena"},"isFirst":true,"file":""},{"content":"哈哈哈，跑吧，跑吧！","replyDepth":0,"type":"chat","sCharacter":{"no":"？？？","index":"Hidden_Arena"},"isFirst":true,"name":"恶魔1","file":""},{"content":"我就喜欢会挣扎的猎物！","replyDepth":0,"type":"chat","sCharacter":{"no":"？？？","index":"Hidden_Arena"},"isFirst":false,"name":"恶魔1","file":""},{"content":"身后的恶魔一下子变大身形，发出恐怖诡谲的闪光，朝着大家飞扑过来！","replyDepth":0,"type":"info","sCharacter":{"no":"椎名䌷","index":"CH0252_BG"},"isFirst":true,"file":"","name":"","time":"","is_breaking":false,"isLeft":false,"isCenter":false,"isRight":false,"style":false},{"content":"喂喂喂！！！","replyDepth":0,"type":"chat","sCharacter":{"no":"衣斐莱娜","index":"CH0305_BG"},"isFirst":true,"file":""},{"file":"GameData/BLDA/CharFace/CH0305/18.webp","content":"CharFace","replyDepth":0,"type":"image","sCharacter":{"no":"衣斐莱娜","index":"CH0305_BG"},"isFirst":false},{"content":"绘里前辈！！你不是魔法师吗，快想办法啊啊啊啊！","replyDepth":0,"type":"chat","sCharacter":{"no":"衣斐莱娜","index":"CH0305_BG"},"isFirst":false,"file":""},{"content":"啊，我，我再试试！","replyDepth":0,"type":"chat","sCharacter":{"no":"白尾绘里","index":"CH0304_BG"},"isFirst":true,"file":""},{"file":"GameData/BLDA/CharFace/CH0304/24.webp","content":"CharFace","replyDepth":0,"type":"image","sCharacter":{"no":"白尾绘里","index":"CH0304_BG"},"isFirst":false},{"content":"绘里一边跑一边慌慌忙忙地翻开魔法书","replyDepth":0,"type":"info","sCharacter":{"no":"白尾绘里","index":"CH0304_BG"},"isFirst":true,"file":""}],"MoeTalk":"3-52"}