{"CHAT":[{"content":"那边的，快点快点！推车呢快推过来！","replyDepth":0,"type":"chat","sCharacter":{"no":"头盔团成员","index":"Helmetdan_Red1_BG"}},{"content":"还有谁让你闹那么大动静的！让你搬个石头壁画，你怎么把柱子都弄倒了！","replyDepth":0,"type":"chat","sCharacter":{"no":"头盔团成员","index":"Helmetdan_Red1_BG"}},{"content":"这些可是古文物！那些圣三一的大小姐要求我们运输过程中不要出现磕碰，否则会扣我们钱的！","replyDepth":0,"type":"chat","sCharacter":{"no":"头盔团成员","index":"Helmetdan_Red1_BG"}},{"content":"果...果然，果然是这种人....","replyDepth":0,"type":"chat","sCharacter":{"no":"古关忧","index":"CH0204_BG"}},{"file":"GameData/BLDA/CharFace/CH0204/16.webp","content":"CharFace","replyDepth":0,"type":"image","sCharacter":{"no":"古关忧","index":"CH0204_BG"}},{"content":"忧瞪大了眼睛，死死盯住前面的头盔团","replyDepth":0,"type":"info","sCharacter":{"no":"古关忧","index":"CH0204_BG"}},{"content":"那个忧，我理解你的心情","replyDepth":0,"type":"chat","sCharacter":{"no":0,"index":"1"}},{"content":"但是请克制，不要冲动.....","replyDepth":0,"type":"chat","sCharacter":{"no":0,"index":"1"}},{"content":"看到他们这样对待那些孩子，我，我我我...我怎么能忍....","replyDepth":0,"type":"chat","sCharacter":{"no":"古关忧","index":"CH0204_BG"}},{"content":"忧停住似乎要爆发的话语，深吸了一口气","replyDepth":0,"type":"info","sCharacter":{"no":"古关忧","index":"CH0204_BG"}},{"file":"GameData/BLDA/CharFace/CFID_6/CharID_112-167/54.webp","content":"CharFace","replyDepth":0,"type":"image","sCharacter":{"no":"古关忧","index":"CH0204_BG"}},{"content":"没事，老师....毕竟只有我们两个人....既然我再怎么想，我也....也不想把老师置于危险的境地","replyDepth":0,"type":"chat","sCharacter":{"no":"古关忧","index":"CH0204_BG"}},{"content":"想想办法.....有了","replyDepth":0,"type":"chat","sCharacter":{"no":"古关忧","index":"CH0204_BG"},"isFirst":false,"name":"","isLeft":true,"isCenter":false,"isRight":false,"is_breaking":false,"file":"","time":"","style":false}],"MoeTalk":"2-8"}