{"CHAT":[{"content":"嘿嘿…像老师的味道…","replyDepth":0,"type":"chat","sCharacter":{"no":0,"index":1}},{"file":"GameData/BLDA/CharFace/haruka/3.webp","content":"CharFace","replyDepth":0,"type":"image","sCharacter":{"no":"0","index":"1"},"isFirst":false,"name":"","isLeft":false,"isCenter":false,"isRight":true,"is_breaking":false,"time":"","style":false},{"content":"好幸福啊…","replyDepth":0,"type":"chat","sCharacter":{"no":0,"index":1}},{"content":"我翻了个身，把头和身体都往那片柔软中蹭","replyDepth":0,"type":"info","sCharacter":{"no":0,"index":1}},{"content":"早上好…春香","replyDepth":0,"type":"chat","sCharacter":{"no":"老师","index":"Sensei"}},{"content":"早啊…老师…","replyDepth":0,"type":"chat","sCharacter":{"no":0,"index":1}},{"content":"多好啊…这一定是梦吧…","replyDepth":0,"type":"info","sCharacter":{"no":0,"index":1}},{"content":"梦里我就可以睡在老师怀里了…","replyDepth":0,"type":"info","sCharacter":{"no":0,"index":1}},{"content":"（撩开春香的刘海，轻抚她合上的眼睛）","replyDepth":0,"type":"chat","sCharacter":{"no":"老师","index":"Sensei"}},{"content":"好真实的触感…","replyDepth":0,"type":"info","sCharacter":{"no":"老师","index":"Sensei"}},{"content":"好幸福啊…","replyDepth":0,"type":"chat","sCharacter":{"no":0,"index":1}},{"file":"GameData/BLDA/CharFace/haruka/3.webp","content":"CharFace","replyDepth":0,"type":"image","sCharacter":{"no":"0","index":"1"},"isFirst":false,"name":"","isLeft":false,"isCenter":false,"isRight":true,"is_breaking":false,"time":"","style":false},{"content":"是我哦…春香","replyDepth":0,"type":"chat","sCharacter":{"no":"老师","index":"Sensei"}},{"content":"不是梦","replyDepth":0,"type":"chat","sCharacter":{"no":"老师","index":"Sensei"}},{"content":"……诶？","replyDepth":0,"type":"chat","sCharacter":{"no":0,"index":1}},{"file":"GameData/BLDA/CharFace/haruka/4.webp","content":"CharFace","replyDepth":0,"type":"image","sCharacter":{"no":"0","index":"1"},"isFirst":false,"name":"","isLeft":false,"isCenter":false,"isRight":true,"is_breaking":false,"time":"","style":false},{"content":"老老老老老老老师——！","replyDepth":0,"type":"chat","sCharacter":{"no":0,"index":1}},{"content":"那个……","replyDepth":0,"type":"chat","sCharacter":{"no":0,"index":1}},{"content":"对对对对对不起","replyDepth":0,"type":"chat","sCharacter":{"no":"0","index":"1"},"isFirst":false,"name":"","isLeft":true,"isCenter":false,"isRight":false,"is_breaking":false,"file":"","time":"","style":false},{"content":"我怎么能睡在老师的怀里…","replyDepth":0,"type":"chat","sCharacter":{"no":0,"index":1}},{"content":"对不起，老师…","replyDepth":0,"type":"chat","sCharacter":{"no":0,"index":1}},{"content":"我现在就去死……！","replyDepth":0,"type":"chat","sCharacter":{"no":0,"index":1}},{"file":"GameData/BLDA/CharFace/haruka/12.webp","content":"CharFace","replyDepth":0,"type":"image","sCharacter":{"no":"0","index":"1"},"isFirst":false,"name":"","isLeft":false,"isCenter":false,"isRight":true,"is_breaking":false,"time":"","style":false},{"content":"（抱紧）","replyDepth":0,"type":"chat","sCharacter":{"no":"老师","index":"Sensei"}},{"content":"不用担心哦","replyDepth":0,"type":"chat","sCharacter":{"no":"老师","index":"Sensei"}},{"content":"我试图逃走，但老师的力气更大","replyDepth":0,"type":"info","sCharacter":{"no":"老师","index":"Sensei"}},{"content":"我这种人…","replyDepth":0,"type":"chat","sCharacter":{"no":0,"index":1}},{"content":"为什么您要…","replyDepth":0,"type":"chat","sCharacter":{"no":0,"index":1}},{"content":"因为春香是我重要的学生","replyDepth":0,"type":"chat","sCharacter":{"no":"老师","index":"Sensei"}},{"content":"而且…","replyDepth":0,"type":"chat","sCharacter":{"no":"老师","index":"Sensei"}},{"content":"春香昨晚做噩梦了吧","replyDepth":0,"type":"chat","sCharacter":{"no":"老师","index":"Sensei"}},{"content":"老师您怎么知道…","replyDepth":0,"type":"chat","sCharacter":{"no":0,"index":1}},{"content":"你睡着的时候一直在发抖","replyDepth":0,"type":"chat","sCharacter":{"no":"老师","index":"Sensei"}},{"content":"昨晚果然还是被吓到了吧…","replyDepth":0,"type":"chat","sCharacter":{"no":"老师","index":"Sensei"}},{"content":"老师的手贴上我的后背，隔着汗湿的睡衣轻拍着","replyDepth":0,"type":"info","sCharacter":{"no":"老师","index":"Sensei"}},{"content":"对不起…让老师担心了…","replyDepth":0,"type":"chat","sCharacter":{"no":0,"index":1}},{"content":"不是春香的错…","replyDepth":0,"type":"chat","sCharacter":{"no":"老师","index":"Sensei"}},{"content":"来，换身衣服，先吃早饭吧","replyDepth":0,"type":"chat","sCharacter":{"no":"老师","index":"Sensei"}},{"content":"我…没有别的衣服了…","replyDepth":0,"type":"chat","sCharacter":{"no":0,"index":1}},{"content":"那先穿我的","replyDepth":0,"type":"chat","sCharacter":{"no":"老师","index":"Sensei"}},{"content":"老师拿来了他的衬衫","replyDepth":0,"type":"info","sCharacter":{"no":"老师","index":"Sensei"}},{"content":"有些大，但有老师的味道","replyDepth":0,"type":"info","sCharacter":{"no":"老师","index":"Sensei"}},{"file":"GameData/BLDA/CharFace/haruka/8.webp","content":"CharFace","replyDepth":0,"type":"image","sCharacter":{"no":"0","index":"1"},"isFirst":false,"name":"","isLeft":false,"isCenter":false,"isRight":true,"is_breaking":false,"time":"","style":false},{"content":"谢谢老师","replyDepth":0,"type":"chat","sCharacter":{"no":"0","index":"1"},"isFirst":false,"name":"","isLeft":true,"isCenter":false,"isRight":false,"is_breaking":false,"file":"","time":"","style":false},{"content":"我们走出帐篷","replyDepth":0,"type":"info","sCharacter":{"no":0,"index":1}},{"content":"呀~小春香","replyDepth":0,"type":"chat","sCharacter":{"no":"浅黄睦月","index":"Mutsuki_BG"}},{"content":"早呀","replyDepth":0,"type":"chat","sCharacter":{"no":"浅黄睦月","index":"Mutsuki_BG"}},{"file":"GameData/BLDA/CharFace/mutsuki/13.webp","content":"CharFace","replyDepth":0,"type":"image","sCharacter":{"no":"浅黄睦月","index":"Mutsuki_BG"}},{"content":"早…","replyDepth":0,"type":"chat","sCharacter":{"no":"鬼方佳代子","index":"Kayoko_BG"}},{"content":"阿露大人在旁边烧烤","replyDepth":0,"type":"info","sCharacter":{"no":0,"index":1}},{"content":"来，都饿了吧","replyDepth":0,"type":"chat","sCharacter":{"no":"陆八魔阿露","index":"Aru_BG"}},{"content":"我记得昨晚都没吃东西","replyDepth":0,"type":"chat","sCharacter":{"no":"陆八魔阿露","index":"Aru_BG"}},{"content":"今天多吃点吧","replyDepth":0,"type":"chat","sCharacter":{"no":"陆八魔阿露","index":"Aru_BG"}},{"file":"GameData/BLDA/CharFace/aru/9.webp","content":"CharFace","replyDepth":0,"type":"image","sCharacter":{"no":"陆八魔阿露","index":"Aru_BG"}},{"content":"阿露大人…","replyDepth":0,"type":"chat","sCharacter":{"no":0,"index":1}},{"content":"不等我说什么，阿露就把烤肉串塞进了我嘴里","replyDepth":0,"type":"info","sCharacter":{"no":0,"index":1}},{"content":"还流着油水的肉块，混着烧烤酱的甜香","replyDepth":0,"type":"info","sCharacter":{"no":0,"index":1}},{"content":"好棒的味道…","replyDepth":0,"type":"info","sCharacter":{"no":0,"index":1}},{"content":"麻烦你了，阿露","replyDepth":0,"type":"chat","sCharacter":{"no":"老师","index":"Sensei"}},{"content":"对不起…阿露大人","replyDepth":0,"type":"chat","sCharacter":{"no":0,"index":1}},{"content":"本来说是要来玩的…","replyDepth":0,"type":"chat","sCharacter":{"no":0,"index":1}},{"content":"却被我给搞砸了…","replyDepth":0,"type":"chat","sCharacter":{"no":0,"index":1}},{"content":"好了…","replyDepth":0,"type":"chat","sCharacter":{"no":"浅黄睦月","index":"Mutsuki_BG"}},{"content":"小春香，不要再想了","replyDepth":0,"type":"chat","sCharacter":{"no":"浅黄睦月","index":"Mutsuki_BG"}},{"content":"关于你昨天看见的红光…","replyDepth":0,"type":"chat","sCharacter":{"no":"浅黄睦月","index":"Mutsuki_BG"}},{"content":"我们已经确定了，就是萤火虫而已","replyDepth":0,"type":"chat","sCharacter":{"no":"鬼方佳代子","index":"Kayoko_BG"}},{"content":"我看向老师","replyDepth":0,"type":"info","sCharacter":{"no":0,"index":1}},{"content":"倒不是说不相信睦月和佳代子，我只是想要老师的回答","replyDepth":0,"type":"info","sCharacter":{"no":"老师","index":"Sensei"}},{"content":"…","replyDepth":0,"type":"chat","sCharacter":{"no":"老师","index":"Sensei"}},{"content":"是真的，在岛中间有一个小水潭","replyDepth":0,"type":"chat","sCharacter":{"no":"老师","index":"Sensei"},"isFirst":false,"name":"","isLeft":true,"isCenter":false,"isRight":false,"is_breaking":false,"file":"","time":"","style":false},{"content":"那些萤火虫在水上结伴飞行的时候还挺好看的呢","replyDepth":0,"type":"chat","sCharacter":{"no":"老师","index":"Sensei"}},{"content":"原来是这样啊…","replyDepth":0,"type":"chat","sCharacter":{"no":0,"index":1}},{"file":"GameData/BLDA/CharFace/haruka/8.webp","content":"CharFace","replyDepth":0,"type":"image","sCharacter":{"no":"0","index":"1"},"isFirst":false,"name":"","isLeft":false,"isCenter":false,"isRight":true,"is_breaking":false,"time":"","style":false},{"content":"没有鬼怪什么的真是太好了…","replyDepth":0,"type":"chat","sCharacter":{"no":0,"index":1}},{"content":"我就说不要自己吓自己嘛","replyDepth":0,"type":"chat","sCharacter":{"no":"浅黄睦月","index":"Mutsuki_BG"}},{"content":"好了…","replyDepth":0,"type":"chat","sCharacter":{"no":"浅黄睦月","index":"Mutsuki_BG"}},{"content":"为了接下来放心的玩","replyDepth":0,"type":"chat","sCharacter":{"no":"浅黄睦月","index":"Mutsuki_BG"}},{"content":"我建议我们还是对这座岛做一个基本的勘探吧","replyDepth":0,"type":"chat","sCharacter":{"no":"浅黄睦月","index":"Mutsuki_BG"}},{"content":"我我我！","replyDepth":0,"type":"chat","sCharacter":{"no":"陆八魔阿露","index":"Aru_BG"}},{"content":"我作为社长，早就准备好了","replyDepth":0,"type":"chat","sCharacter":{"no":"陆八魔阿露","index":"Aru_BG"}},{"file":"GameData/BLDA/CharFace/aru/9.webp","content":"CharFace","replyDepth":0,"type":"image","sCharacter":{"no":"陆八魔阿露","index":"Aru_BG"}},{"content":"（其实是这个入不拿点成果回去的话可能拿不到联邦学生会的赏金）","replyDepth":0,"type":"info","sCharacter":{"no":"陆八魔阿露","index":"Aru_BG"}},{"content":"（）","replyDepth":0,"type":"chat","sCharacter":{"no":"老师","index":"Sensei"}},{"file":"GameData/BLDA/CharFace/kayoko/6.webp","content":"CharFace","replyDepth":0,"type":"image","sCharacter":{"no":"鬼方佳代子","index":"Kayoko_BG"}},{"content":"就当探险玩了","replyDepth":0,"type":"chat","sCharacter":{"no":"浅黄睦月","index":"Mutsuki_BG"}},{"content":"大家分开干吧","replyDepth":0,"type":"chat","sCharacter":{"no":"浅黄睦月","index":"Mutsuki_BG"}},{"content":"我和阿露，佳代子酱一组","replyDepth":0,"type":"chat","sCharacter":{"no":"浅黄睦月","index":"Mutsuki_BG"}},{"content":"那我和春香一组","replyDepth":0,"type":"chat","sCharacter":{"no":"老师","index":"Sensei"}},{"content":"和老师一组吗…","replyDepth":0,"type":"chat","sCharacter":{"no":0,"index":1}},{"file":"GameData/BLDA/CharFace/haruka/5.webp","content":"CharFace","replyDepth":0,"type":"image","sCharacter":{"no":"0","index":"1"},"isFirst":false,"name":"","isLeft":false,"isCenter":false,"isRight":true,"is_breaking":false,"time":"","style":false},{"content":"我…我会加油的！","replyDepth":0,"type":"chat","sCharacter":{"no":"0","index":"1"},"isFirst":false,"name":"","isLeft":true,"isCenter":false,"isRight":false,"is_breaking":false,"file":"","time":"","style":false},{"content":"其实勘探的过程很简单——对于我和老师来说","replyDepth":0,"type":"info","sCharacter":{"no":"伊草遥香","index":"Haruka_BG"}},{"content":"我们分配到的任务是调查岛上的生物","replyDepth":0,"type":"info","sCharacter":{"no":"伊草遥香","index":"Haruka_BG"}},{"content":"但说实话，这座岛根本就没有什么生物","replyDepth":0,"type":"info","sCharacter":{"no":"伊草遥香","index":"Haruka_BG"}},{"content":"地上大部分都是地衣苔藓什么的呢…","replyDepth":0,"type":"chat","sCharacter":{"no":0,"index":1}},{"content":"海边还有珊瑚的碎片呢","replyDepth":0,"type":"chat","sCharacter":{"no":"老师","index":"Sensei"}},{"content":"我用笔记本简单记下这些植物的形态","replyDepth":0,"type":"info","sCharacter":{"no":"老师","index":"Sensei"}},{"content":"啊…这里也有很多杂草…","replyDepth":0,"type":"chat","sCharacter":{"no":0,"index":1}},{"file":"GameData/BLDA/CharFace/haruka/3.webp","content":"CharFace","replyDepth":0,"type":"image","sCharacter":{"no":"0","index":"1"},"isFirst":false,"name":"","isLeft":false,"isCenter":false,"isRight":true,"is_breaking":false,"time":"","style":false},{"content":"这些都是生命力很强的孩子呢","replyDepth":0,"type":"chat","sCharacter":{"no":"老师","index":"Sensei"}},{"content":"是啊…生命力很强的孩子","replyDepth":0,"type":"chat","sCharacter":{"no":0,"index":1}},{"content":"不像我…","replyDepth":0,"type":"info","sCharacter":{"no":0,"index":1}},{"content":"像春香一样","replyDepth":0,"type":"chat","sCharacter":{"no":"老师","index":"Sensei"}},{"content":"诶…？","replyDepth":0,"type":"info","sCharacter":{"no":"老师","index":"Sensei"}},{"content":"我…没有这些杂草那么顽强…","replyDepth":0,"type":"chat","sCharacter":{"no":0,"index":1}},{"content":"……","replyDepth":0,"type":"info","sCharacter":{"no":0,"index":1}},{"content":"但我像这些杂草一样…需要阳光","replyDepth":0,"type":"info","sCharacter":{"no":0,"index":1}},{"content":"春香觉得…这些杂草是怎么生存下来的呢","replyDepth":0,"type":"chat","sCharacter":{"no":"老师","index":"Sensei"}},{"content":"嗯…","replyDepth":0,"type":"chat","sCharacter":{"no":0,"index":1}},{"content":"需要阳光……水…泥土…","replyDepth":0,"type":"chat","sCharacter":{"no":0,"index":1}},{"content":"之类的吧…","replyDepth":0,"type":"chat","sCharacter":{"no":0,"index":1}},{"content":"你说得都对","replyDepth":0,"type":"chat","sCharacter":{"no":"老师","index":"Sensei"}},{"content":"那阳光，水，从哪里来？","replyDepth":0,"type":"chat","sCharacter":{"no":"老师","index":"Sensei"}},{"content":"是自然赐给他们的…","replyDepth":0,"type":"chat","sCharacter":{"no":0,"index":1}},{"file":"GameData/BLDA/CharFace/haruka/99.webp","content":"CharFace","replyDepth":0,"type":"image","sCharacter":{"no":"0","index":"1"},"isFirst":false,"name":"","isLeft":true,"isCenter":false,"isRight":false,"is_breaking":false,"time":"","style":false},{"content":"是也不是","replyDepth":0,"type":"chat","sCharacter":{"no":"老师","index":"Sensei"}},{"content":"为什么…？","replyDepth":0,"type":"chat","sCharacter":{"no":0,"index":1}},{"content":"它们或许不能通过自己努力得到这些","replyDepth":0,"type":"chat","sCharacter":{"no":"老师","index":"Sensei"}},{"content":"但","replyDepth":0,"type":"chat","sCharacter":{"no":"老师","index":"Sensei"}},{"content":"这些东西是它们应得的","replyDepth":0,"type":"chat","sCharacter":{"no":"老师","index":"Sensei"}},{"content":"它们先于那些高大的植物来到了岛上","replyDepth":0,"type":"chat","sCharacter":{"no":"老师","index":"Sensei"}},{"content":"那么，自然也就有先获得阳光的权利","replyDepth":0,"type":"chat","sCharacter":{"no":"老师","index":"Sensei"}},{"file":"GameData/BLDA/CharFace/haruka/2.webp","content":"CharFace","replyDepth":0,"type":"image","sCharacter":{"no":"0","index":"1"},"isFirst":false,"name":"","isLeft":true,"isCenter":false,"isRight":false,"is_breaking":false,"time":"","style":false},{"content":"如果你愿意相信太阳有意识的话","replyDepth":0,"type":"chat","sCharacter":{"no":"老师","index":"Sensei"}},{"content":"我想…","replyDepth":0,"type":"chat","sCharacter":{"no":"老师","index":"Sensei"}},{"content":"阳光大概也向往着这些勇敢但渺小的植物","replyDepth":0,"type":"chat","sCharacter":{"no":"老师","index":"Sensei"}},{"content":"所以他们不必为此感到自卑","replyDepth":0,"type":"chat","sCharacter":{"no":"老师","index":"Sensei"}},{"file":"GameData/BLDA/CharFace/haruka/Idle_01.webp","content":"CharFace","replyDepth":0,"type":"image","sCharacter":{"no":"0","index":"1"},"isFirst":false,"name":"","isLeft":true,"isCenter":false,"isRight":false,"is_breaking":false,"time":"","style":false},{"content":"我明白了…老师","replyDepth":0,"type":"chat","sCharacter":{"no":0,"index":1}},{"content":"春香","replyDepth":0,"type":"chat","sCharacter":{"no":"老师","index":"Sensei"}},{"content":"老师很郑重地喊了我的名字","replyDepth":0,"type":"info","sCharacter":{"no":"老师","index":"Sensei"}},{"content":"你常常把自己比作杂草…","replyDepth":0,"type":"chat","sCharacter":{"no":"老师","index":"Sensei"},"isFirst":false,"name":"","isLeft":true,"isCenter":false,"isRight":false,"is_breaking":false,"file":"","time":"","style":false},{"content":"既然这样…","replyDepth":0,"type":"chat","sCharacter":{"no":"老师","index":"Sensei"}},{"content":"我想做你的阳光","replyDepth":0,"type":"chat","sCharacter":{"no":"老师","index":"Sensei"}}],"MoeTalk":"6-10"}