{"CHAT":[{"content":"呼啊，呼啊... ","replyDepth":0,"type":"chat","sCharacter":{"no":"衣斐莱娜","index":"CH0305_BG"},"isFirst":true,"file":""},{"file":"GameData/BLDA/CharFace/CH0305/27.webp","content":"CharFace","replyDepth":0,"type":"image","sCharacter":{"no":"衣斐莱娜","index":"CH0305_BG"},"isFirst":false},{"content":"累死我了啊","replyDepth":0,"type":"chat","sCharacter":{"no":"衣斐莱娜","index":"CH0305_BG"},"isFirst":false,"file":""},{"content":"还有多久到啊... ","replyDepth":0,"type":"chat","sCharacter":{"no":"衣斐莱娜","index":"CH0305_BG"},"isFirst":false,"file":""},{"content":"快到了哦~","replyDepth":0,"type":"chat","sCharacter":{"no":"白尾绘里","index":"CH0304_BG"},"file":"","isFirst":true},{"file":"GameData/BLDA/CharFace/CH0304/3.webp","content":"CharFace","replyDepth":0,"type":"image","sCharacter":{"no":"白尾绘里","index":"CH0304_BG"},"isFirst":false},{"content":"呼，那可太好了... ","replyDepth":0,"type":"chat","sCharacter":{"no":"衣斐莱娜","index":"CH0305_BG"},"file":"","isFirst":true},{"content":"只剩下一半的路程了呢！","replyDepth":0,"type":"chat","sCharacter":{"no":"白尾绘里","index":"CH0304_BG"},"file":"","name":"","time":"","is_breaking":false,"isFirst":true,"isLeft":false,"isCenter":false,"isRight":false,"style":false},{"content":"啊啊啊啊啊！？","replyDepth":0,"type":"chat","sCharacter":{"no":"衣斐莱娜","index":"CH0305_BG"},"file":"","isFirst":true},{"file":"GameData/BLDA/CharFace/CH0305/29.webp","content":"CharFace","replyDepth":0,"type":"image","sCharacter":{"no":"衣斐莱娜","index":"CH0305_BG"},"isFirst":false},{"content":"不是吧，才爬了一半路程？","replyDepth":0,"type":"chat","sCharacter":{"no":"衣斐莱娜","index":"CH0305_BG"},"file":"","name":"","time":"","is_breaking":false,"isFirst":false,"isLeft":false,"isCenter":false,"isRight":false,"style":false},{"content":"不会要爬到山顶去吧！？","replyDepth":0,"type":"chat","sCharacter":{"no":"衣斐莱娜","index":"CH0305_BG"},"isFirst":false,"file":""},{"content":"当然~","replyDepth":0,"type":"chat","sCharacter":{"no":"白尾绘里","index":"CH0304_BG"},"isFirst":true,"file":""},{"content":"越高的地方，魔力越容易被感知！","replyDepth":0,"type":"chat","sCharacter":{"no":"白尾绘里","index":"CH0304_BG"},"file":"","isFirst":false,"name":"","time":"","is_breaking":false,"isLeft":false,"isCenter":false,"isRight":false,"style":false},{"content":"所以恶魔很有可能就在山顶上面！","replyDepth":0,"type":"chat","sCharacter":{"no":"白尾绘里","index":"CH0304_BG"},"file":"","name":"","time":"","is_breaking":false,"isFirst":false,"isLeft":false,"isCenter":false,"isRight":false,"style":false},{"content":"绘里酱真有活力呢","replyDepth":0,"type":"chat","sCharacter":{"no":"椎名䌷","index":"CH0252_BG"},"file":"","isFirst":true},{"content":"啊啊，饶了我吧...","replyDepth":0,"type":"chat","sCharacter":{"no":"衣斐莱娜","index":"CH0305_BG"},"file":"","isFirst":true},{"file":"GameData/BLDA/CharFace/CH0305/14.webp","content":"CharFace","replyDepth":0,"type":"image","sCharacter":{"no":"衣斐莱娜","index":"CH0305_BG"},"isFirst":false},{"content":"户外运动我真的不擅长啊... ","replyDepth":0,"type":"chat","sCharacter":{"no":"衣斐莱娜","index":"CH0305_BG"},"file":"","isFirst":false},{"content":"尤其是爬山这种特别耗体力的...","replyDepth":0,"type":"chat","sCharacter":{"no":"衣斐莱娜","index":"CH0305_BG"},"isFirst":false,"file":"","name":"","time":"","is_breaking":false,"isLeft":false,"isCenter":false,"isRight":false,"style":false}],"MoeTalk":"3-26"}