{"CHAT":[{"content":"那个，老师... ","replyDepth":0,"type":"chat","sCharacter":{"no":"阿罗娜","index":"Arona_BG"},"isFirst":true,"file":""},{"content":"平板屏幕突然亮起","replyDepth":0,"type":"info","sCharacter":{"no":"阿罗娜","index":"Arona_BG"},"isFirst":true,"file":""},{"content":"嗯，怎么了阿罗娜？","replyDepth":0,"type":"chat","sCharacter":{"no":0,"index":"1"},"isFirst":true,"file":""},{"content":"呃，呃... ","replyDepth":0,"type":"chat","sCharacter":{"no":"阿罗娜","index":"Arona_BG"},"isFirst":true,"file":""},{"content":"是还和大家有点不舍吗？","replyDepth":0,"type":"chat","sCharacter":{"no":0,"index":"1"},"isFirst":true,"file":""},{"file":"GameData/BLDA/Emoji/410.webp","content":"Emoji","replyDepth":0,"type":"image","sCharacter":{"no":0,"index":"1"},"isFirst":false},{"content":"啊，这个确实是有啦","replyDepth":0,"type":"chat","sCharacter":{"no":"阿罗娜","index":"Arona_BG"},"isFirst":true,"file":""},{"file":"GameData/BLDA/Emoji/416.webp","content":"Emoji","replyDepth":0,"type":"image","sCharacter":{"no":"阿罗娜","index":"Arona_BG"},"isFirst":false},{"content":"不过，好像发生了不太好的事情... ","replyDepth":0,"type":"chat","sCharacter":{"no":"阿罗娜","index":"Arona_BG"},"isFirst":false,"file":""},{"content":"嗯？怎么了？","replyDepth":0,"type":"chat","sCharacter":{"no":0,"index":"1"},"isFirst":true,"file":""},{"content":"老师，告诉你你不要生气哦... ","replyDepth":0,"type":"chat","sCharacter":{"no":"阿罗娜","index":"Arona_BG"},"file":"","name":"","time":"","is_breaking":false,"isFirst":true,"isLeft":false,"isCenter":false,"isRight":false,"style":false},{"content":"啊，什么啊？","replyDepth":0,"type":"chat","sCharacter":{"no":0,"index":"1"},"isFirst":true,"file":""},{"file":"GameData/BLDA/Emoji/1zh_tw9.webp","content":"Emoji","replyDepth":0,"type":"image","sCharacter":{"no":0,"index":"1"},"isFirst":false},{"content":"就是，嗯，那个","replyDepth":0,"type":"chat","sCharacter":{"no":"阿罗娜","index":"Arona_BG"},"isFirst":true,"file":""},{"content":"因为我和普拉娜酱离开平板本体太久了... ","replyDepth":0,"type":"chat","sCharacter":{"no":"阿罗娜","index":"Arona_BG"},"isFirst":false,"file":""},{"file":"GameData/BLDA/CharFace/arona/28.webp","content":"CharFace","replyDepth":0,"type":"image","sCharacter":{"no":"阿罗娜","index":"Arona_BG"},"isFirst":false},{"content":"所以一整天都没有做平板电脑的数据维护工作...","replyDepth":0,"type":"chat","sCharacter":{"no":"阿罗娜","index":"Arona_BG"},"isFirst":false,"file":"","name":"","time":"","is_breaking":false,"isLeft":false,"isCenter":false,"isRight":false,"style":false},{"content":"啊... ？","replyDepth":0,"type":"chat","sCharacter":{"no":0,"index":"1"},"isFirst":true,"file":""},{"content":"老师您之前存到什庭之匣的“秘密文件夹”里的东西，数据都损坏了... ","replyDepth":0,"type":"chat","sCharacter":{"no":"阿罗娜","index":"Arona_BG"},"isFirst":true,"file":"","name":"","time":"","is_breaking":false,"isLeft":false,"isCenter":false,"isRight":false,"style":false},{"content":"... ","replyDepth":0,"type":"chat","sCharacter":{"no":0,"index":"1"},"isFirst":true,"file":""},{"file":"GameData/BLDA/Emoji/411.webp","content":"Emoji","replyDepth":0,"type":"image","sCharacter":{"no":0,"index":"1"},"isFirst":false},{"content":"阿罗娜，你在开玩笑对吧... ","replyDepth":0,"type":"chat","sCharacter":{"no":0,"index":"1"},"isFirst":false,"file":""},{"content":"对不起，老师... ","replyDepth":0,"type":"chat","sCharacter":{"no":"普拉娜","index":"NP0035_BG"},"isFirst":true,"file":""},{"file":"GameData/BLDA/CharFace/NP0035/7.webp","content":"CharFace","replyDepth":0,"type":"image","sCharacter":{"no":"普拉娜","index":"NP0035_BG"},"isFirst":false},{"content":"... ！！？？","replyDepth":0,"type":"chat","sCharacter":{"no":0,"index":"1"},"isFirst":true,"file":""},{"content":"啊啊啊啊啊啊啊，不要啊！","replyDepth":0,"type":"chat","sCharacter":{"no":0,"index":"1"},"isFirst":false,"file":""},{"file":"GameData/BLDA/Emoji/1zh_tw5.webp","content":"Emoji","replyDepth":0,"type":"image","sCharacter":{"no":0,"index":"1"},"isFirst":false},{"content":"我精心存了好久的本子和片片啊啊啊啊啊！","replyDepth":0,"type":"chat","sCharacter":{"no":0,"index":"1"},"isFirst":false,"file":""},{"content":"老师爆发出撕心裂肺的嚎叫","replyDepth":0,"type":"info","sCharacter":{"no":"衣斐莱娜","index":"CH0305_BG"},"isFirst":true,"file":""},{"content":"老师突然怎么了？","replyDepth":0,"type":"chat","sCharacter":{"no":"衣斐莱娜","index":"CH0305_BG"},"isFirst":true,"file":""},{"file":"GameData/BLDA/CharFace/CH0305/8.webp","content":"CharFace","replyDepth":0,"type":"image","sCharacter":{"no":"衣斐莱娜","index":"CH0305_BG"},"isFirst":false},{"content":"呜呜呜呜呜呜呜呜呜... ","replyDepth":0,"type":"chat","sCharacter":{"no":0,"index":"1"},"isFirst":true,"file":""},{"file":"GameData/BLDA/Emoji/426.webp","content":"Emoji","replyDepth":0,"type":"image","sCharacter":{"no":0,"index":"1"},"isFirst":false},{"content":"没，没事，啊哈哈不用管我... ","replyDepth":0,"type":"chat","sCharacter":{"no":0,"index":"1"},"isFirst":false,"file":""},{"content":"非常对不起，老师... ","replyDepth":0,"type":"chat","sCharacter":{"no":"阿罗娜","index":"Arona_BG"},"isFirst":true,"file":""},{"content":"呜呜呜，老师... ","replyDepth":0,"type":"chat","sCharacter":{"no":"普拉娜","index":"NP0035_BG"},"isFirst":true,"file":""},{"content":"没事，阿罗娜，普拉娜，你们出来，玩得开心就好... ","replyDepth":0,"type":"chat","sCharacter":{"no":0,"index":"1"},"isFirst":true,"file":""},{"file":"GameData/BLDA/Emoji/3zh_tw43.webp","content":"Emoji","replyDepth":0,"type":"image","sCharacter":{"no":"0","index":"1"},"name":"","time":"","is_breaking":false,"isFirst":false,"isLeft":false,"isCenter":false,"isRight":false,"style":false},{"content":"只有老师受伤的世界达成了... ","replyDepth":0,"type":"info","sCharacter":{"no":"0","index":"1"},"file":"","name":"","time":"","is_breaking":false,"isFirst":true,"isLeft":false,"isCenter":false,"isRight":false,"style":false},{"content":"（END）","replyDepth":0,"type":"info","sCharacter":{"no":0,"index":"1"},"isFirst":true,"file":""}],"MoeTalk":"3-26"}