{"CHAT":[{"content":"老师帮了我那么多…为什么会…","replyDepth":0,"type":"chat","sCharacter":{"no":"锭前纱织","index":"CH0266_BG"}},{"content":"对吧…所以","replyDepth":0,"type":"chat","sCharacter":{"no":"秤亚津子","index":"CH0267_BG"}},{"content":"（不小心踩到了某个地砖）","replyDepth":0,"type":"chat","sCharacter":{"no":"秤亚津子","index":"CH0267_BG"}},{"content":"……","replyDepth":0,"type":"info","sCharacter":{"no":"秤亚津子","index":"CH0267_BG"}},{"content":"额，那个，各位","replyDepth":0,"type":"chat","sCharacter":{"no":"一花","index":"CH0292_BG"}},{"content":"你们有没有听到，从刚刚开始就一直有某种滴滴声从山洞里传来？","replyDepth":0,"type":"chat","sCharacter":{"no":"一花","index":"CH0292_BG"}},{"file":"GameData/BLDA/CharFace/CH0292/6.webp","content":"CharFace","replyDepth":0,"type":"image","sCharacter":{"no":"一花","index":"CH0292_BG"}},{"content":"这么一说，好像…确实？","replyDepth":0,"type":"chat","sCharacter":{"no":"天雨亚子","index":"Ako_BG"}},{"content":"亚子，不会是……","replyDepth":0,"type":"chat","sCharacter":{"no":"空崎日奈","index":"CH0063_BG"}},{"file":"GameData/BLDA/CharFace/CH0063/6.webp","content":"CharFace","replyDepth":0,"type":"image","sCharacter":{"no":"空崎日奈","index":"CH0063_BG"}},{"content":"快跑！","replyDepth":0,"type":"chat","sCharacter":{"no":"鹫见芹娜","index":"NP0075_BG"}},{"file":"GameData/BLDA/CharFace/NP0075/7.webp","content":"CharFace","replyDepth":0,"type":"image","sCharacter":{"no":"鹫见芹娜","index":"NP0075_BG"}},{"content":"所有人接连跑出山洞，跳入海中","replyDepth":0,"type":"info","sCharacter":{"no":"鹫见芹娜","index":"NP0075_BG"}},{"content":"刚跳入海中几秒钟，只听轰隆一声整座山被夷为平地","replyDepth":0,"type":"info","sCharacter":{"no":"鹫见芹娜","index":"NP0075_BG"}},{"content":"芹娜同学！","replyDepth":0,"type":"chat","sCharacter":{"no":"一花","index":"CH0292_BG"}},{"content":"（在水中摸索）","replyDepth":0,"type":"chat","sCharacter":{"no":"一花","index":"CH0292_BG"}},{"content":"（从水面探出头来）","replyDepth":0,"type":"chat","sCharacter":{"no":"鹫见芹娜","index":"NP0075_BG"}},{"content":"我没事…","replyDepth":0,"type":"chat","sCharacter":{"no":"鹫见芹娜","index":"NP0075_BG"}},{"file":"GameData/BLDA/CharFace/NP0075/4.webp","content":"CharFace","replyDepth":0,"type":"image","sCharacter":{"no":"鹫见芹娜","index":"NP0075_BG"}},{"content":"还好没有带智能设备……","replyDepth":0,"type":"chat","sCharacter":{"no":"飞鸟马时","index":"NP0078_BG"},"isFirst":false,"name":"","isLeft":true,"isCenter":false,"isRight":false,"is_breaking":false,"file":"","time":"","style":false},{"content":"亚子！","replyDepth":0,"type":"chat","sCharacter":{"no":"空崎日奈","index":"CH0063_BG"}},{"file":"GameData/BLDA/CharFace/NP0019/3.webp","content":"CharFace","replyDepth":0,"type":"image","sCharacter":{"no":"天雨亚子","index":"Ako_BG"}},{"content":"委员长，我没什么问题","replyDepth":0,"type":"chat","sCharacter":{"no":"天雨亚子","index":"Ako_BG"}},{"content":"这怎么能叫没问题……","replyDepth":0,"type":"chat","sCharacter":{"no":"空崎日奈","index":"CH0063_BG"}},{"content":"请让我来看一下！","replyDepth":0,"type":"chat","sCharacter":{"no":"鹫见芹娜","index":"NP0075_BG"}},{"content":"看着芹娜帮亚子处理伤口","replyDepth":0,"type":"info","sCharacter":{"no":"鹫见芹娜","index":"NP0075_BG"},"isFirst":false,"name":"","isLeft":false,"isCenter":true,"isRight":false,"is_breaking":false,"file":"","time":"","style":false},{"content":"这……应该算是完成了渚大人交给我的任务了吧……？","replyDepth":0,"type":"chat","sCharacter":{"no":"一花","index":"CH0292_BG"}},{"file":"GameData/BLDA/CharFace/CH0292/1.webp","content":"CharFace","replyDepth":0,"type":"image","sCharacter":{"no":"一花","index":"CH0292_BG"}},{"content":"多谢…","replyDepth":0,"type":"chat","sCharacter":{"no":"天雨亚子","index":"NP0019_BG"}},{"content":"对了，尼禄前辈去哪里了？","replyDepth":0,"type":"chat","sCharacter":{"no":"飞鸟马时","index":"NP0078_BG"}},{"content":"喂，新人，我在这里！","replyDepth":0,"type":"chat","sCharacter":{"no":"美甘尼禄","index":"CH0280_BG"},"isFirst":false,"name":"","isLeft":true,"isCenter":false,"isRight":false,"is_breaking":false,"file":"","time":"","style":false},{"file":"GameData/BLDA/CharFace/CH0280/1.webp","content":"CharFace","replyDepth":0,"type":"image","sCharacter":{"no":"美甘尼禄","index":"CH0280_BG"}},{"content":"真是一点都不护着前辈啊！","replyDepth":0,"type":"chat","sCharacter":{"no":"美甘尼禄","index":"CH0280_BG"}},{"file":"GameData/BLDA/CharFace/NP0078/3.webp","content":"CharFace","replyDepth":0,"type":"image","sCharacter":{"no":"飞鸟马时","index":"NP0078_BG"}},{"content":"没事就好","replyDepth":0,"type":"chat","sCharacter":{"no":"飞鸟马时","index":"NP0078_BG"}},{"content":"……","replyDepth":0,"type":"info","sCharacter":{"no":"飞鸟马时","index":"NP0078_BG"}},{"content":"公主！没受伤吧！","replyDepth":0,"type":"chat","sCharacter":{"no":"锭前纱织","index":"CH0266_BG"},"isFirst":false,"name":"","isLeft":true,"isCenter":false,"isRight":false,"is_breaking":false,"file":"","time":"","style":false},{"content":"纱酱，我没事～","replyDepth":0,"type":"chat","sCharacter":{"no":"秤亚津子","index":"CH0267_BG"},"isFirst":false,"name":"","isLeft":true,"isCenter":false,"isRight":false,"is_breaking":false,"file":"","time":"","style":false},{"file":"GameData/BLDA/CharFace/CH0267/8.webp","content":"CharFace","replyDepth":0,"type":"image","sCharacter":{"no":"秤亚津子","index":"CH0267_BG"}},{"content":"接下来，我们该想办法回去了","replyDepth":0,"type":"chat","sCharacter":{"no":"秤亚津子","index":"CH0267_BG"}},{"content":"天色渐晚","replyDepth":0,"type":"info","sCharacter":{"no":"秤亚津子","index":"CH0267_BG"}},{"content":"克洛诺斯的人，也开着船回来了","replyDepth":0,"type":"info","sCharacter":{"no":"秤亚津子","index":"CH0267_BG"}},{"content":"所有人也踏上了回家的归途","replyDepth":0,"type":"info","sCharacter":{"no":"秤亚津子","index":"CH0267_BG"}},{"content":"也就是说，这里其实隐藏着凯撒的基地？！","replyDepth":0,"type":"chat","sCharacter":{"no":0,"index":"1"}},{"content":"是的老师！根据学生们传回来的情报是这么说的","replyDepth":0,"type":"chat","sCharacter":{"no":"阿罗娜","index":"Arona_BG"}},{"file":"GameData/BLDA/CharFace/arona/3.webp","content":"CharFace","replyDepth":0,"type":"image","sCharacter":{"no":"阿罗娜","index":"Arona_BG"}},{"content":"不过请放心，已经被捣毁了","replyDepth":0,"type":"chat","sCharacter":{"no":"阿罗娜","index":"Arona_BG"}},{"content":"另外，三大学院的画室人都不决定公开这是凯撒的基地","replyDepth":0,"type":"chat","sCharacter":{"no":"阿罗娜","index":"Arona_BG"}},{"content":"（敲门）","replyDepth":0,"type":"chat","sCharacter":{"no":"？？？","index":"Hidden_Arena"}},{"content":"请进","replyDepth":0,"type":"chat","sCharacter":{"no":0,"index":"1"}},{"content":"老师…","replyDepth":0,"type":"chat","sCharacter":{"no":"秤亚津子","index":"CH0267_BG"}},{"content":"……","replyDepth":0,"type":"chat","sCharacter":{"no":"锭前纱织","index":"CH0266_BG"}},{"content":"啊，是亚津子和纱织啊，先坐","replyDepth":0,"type":"chat","sCharacter":{"no":0,"index":"1"}},{"content":"老师，我们也是听说了这次的悬赏","replyDepth":0,"type":"chat","sCharacter":{"no":"秤亚津子","index":"CH0267_BG"}},{"content":"不过，很可惜的告诉二位，悬赏已经被…","replyDepth":0,"type":"chat","sCharacter":{"no":0,"index":"1"}},{"content":"不，老师……","replyDepth":0,"type":"chat","sCharacter":{"no":"锭前纱织","index":"CH0266_BG"}},{"file":"GameData/BLDA/Emoji/412.webp","content":"Emoji","replyDepth":0,"type":"image","sCharacter":{"no":0,"index":"1"}},{"content":"我们……","replyDepth":0,"type":"chat","sCharacter":{"no":"锭前纱织","index":"CH0266_BG"}},{"content":"我们在那里，发现了阿里乌斯的踪迹……","replyDepth":0,"type":"chat","sCharacter":{"no":"秤亚津子","index":"CH0267_BG"}},{"file":"GameData/BLDA/CharFace/CH0267/4.webp","content":"CharFace","replyDepth":0,"type":"image","sCharacter":{"no":"秤亚津子","index":"CH0267_BG"}},{"content":"看来，以后又有的忙活了…","replyDepth":0,"type":"chat","sCharacter":{"no":0,"index":"1"}},{"file":"GameData/BLDA/CharFace/CH0266/6.webp","content":"CharFace","replyDepth":0,"type":"image","sCharacter":{"no":"锭前纱织","index":"CH0266_BG"}},{"content":"奖赏我会给你们单独发一份的，我现在就去给你们拿","replyDepth":0,"type":"chat","sCharacter":{"no":0,"index":"1"}},{"content":"有了这些…大家就可以…","replyDepth":0,"type":"chat","sCharacter":{"no":"锭前纱织","index":"CH0266_BG"}},{"content":"难得纱酱与我相会，不如和大家一起呆几天吧？","replyDepth":0,"type":"chat","sCharacter":{"no":"秤亚津子","index":"CH0267_BG"}},{"content":"……","replyDepth":0,"type":"info","sCharacter":{"no":"槌永日和","index":"Hiyori_BG"}},{"content":"队长…","replyDepth":0,"type":"chat","sCharacter":{"no":"槌永日和","index":"Hiyori_BG"}},{"file":"GameData/BLDA/CharFace/hiyori/8.webp","content":"CharFace","replyDepth":0,"type":"image","sCharacter":{"no":"槌永日和","index":"Hiyori_BG"}},{"content":"队长…","replyDepth":0,"type":"chat","sCharacter":{"no":"戒野美咲","index":"Misaki_BG"}},{"file":"GameData/BLDA/CharFace/misaki/3.webp","content":"CharFace","replyDepth":0,"type":"image","sCharacter":{"no":"戒野美咲","index":"Misaki_BG"}},{"content":"是啊，该陪陪大家了","replyDepth":0,"type":"info","sCharacter":{"no":"戒野美咲","index":"Misaki_BG"}},{"content":"看来，终于放下了一些呢…","replyDepth":0,"type":"chat","sCharacter":{"no":0,"index":"1"}},{"content":"第二天","replyDepth":0,"type":"info","sCharacter":{"no":0,"index":"1"}},{"content":"嗨，各位基沃托斯的观众，早上好","replyDepth":0,"type":"chat","sCharacter":{"no":"川流诗乃","index":"Shinon_BG"}},{"content":"我是主持人川流诗乃","replyDepth":0,"type":"chat","sCharacter":{"no":"川流诗乃","index":"Shinon_BG"}},{"content":"经过三大学院联合勘探岛屿之后，发现这个岛格外平坦，适合发展旅游行业","replyDepth":0,"type":"chat","sCharacter":{"no":"川流诗乃","index":"Shinon_BG"}},{"file":"GameData/BLDA/CharFace/shinon/0.webp","content":"CharFace","replyDepth":0,"type":"image","sCharacter":{"no":"川流诗乃","index":"Shinon_BG"}},{"content":"所以现在三大学院都在这座岛上施工，相信不久之后，各位基沃托斯的市民都可以来此旅游了！","replyDepth":0,"type":"chat","sCharacter":{"no":"川流诗乃","index":"Shinon_BG"}},{"content":"","replyDepth":0,"type":"info","sCharacter":{"no":"川流诗乃","index":"Shinon_BG"}},{"content":"红冬","replyDepth":0,"type":"info","sCharacter":{"no":"川流诗乃","index":"Shinon_BG"}},{"content":"话说回来，阿巴","replyDepth":0,"type":"chat","sCharacter":{"no":"连河切里诺","index":"Cherino_BG"}},{"content":"为什么那群人不邀请本人也来修建旅游设施？","replyDepth":0,"type":"chat","sCharacter":{"no":"连河切里诺","index":"Cherino_BG"}},{"content":"这一定是对本人的蔑视！","replyDepth":0,"type":"chat","sCharacter":{"no":"连河切里诺","index":"Cherino_BG"}},{"content":"要将她们全部铲除！","replyDepth":0,"type":"chat","sCharacter":{"no":"连河切里诺","index":"Cherino_BG"}},{"file":"GameData/BLDA/CharFace/cherino/5.webp","content":"CharFace","replyDepth":0,"type":"image","sCharacter":{"no":"连河切里诺","index":"Cherino_BG"}},{"content":"尊敬的切里诺会长，当时您正在扫厕所，会长是玛丽娜","replyDepth":0,"type":"chat","sCharacter":{"no":"佐城智惠","index":"Tomoe_BG"}},{"file":"GameData/BLDA/CharFace/tomoe/99.webp","content":"CharFace","replyDepth":0,"type":"image","sCharacter":{"no":"佐城智惠","index":"Tomoe_BG"}},{"content":"！！！","replyDepth":0,"type":"chat","sCharacter":{"no":"连河切里诺","index":"Cherino_BG"}},{"content":"害本人失去了宣传红冬文化的机会！！","replyDepth":0,"type":"chat","sCharacter":{"no":"连河切里诺","index":"Cherino_BG"}},{"content":"给我把玛丽娜的布丁克扣一个月！","replyDepth":0,"type":"chat","sCharacter":{"no":"连河切里诺","index":"Cherino_BG"}},{"content":"在某个阴暗的角落里……","replyDepth":0,"type":"info","sCharacter":{"no":"连河切里诺","index":"Cherino_BG"}},{"content":"这群可恶的学生……","replyDepth":0,"type":"chat","sCharacter":{"no":"凯撒PMC将军","index":"NP0104_BG"}},{"content":"让找到机会跑了……那你们也别想好过！","replyDepth":0,"type":"chat","sCharacter":{"no":"凯撒PMC将军","index":"NP0104_BG"}},{"content":"给我等着瞧！我还会回来的！","replyDepth":0,"type":"chat","sCharacter":{"no":"凯撒PMC将军","index":"NP0104_BG"}}],"MoeTalk":"1-3"}