{"CHAT":[{"file":"GameData/BLDA/CharFace/CH0304/2.webp","content":"CharFace","replyDepth":0,"type":"image","sCharacter":{"no":"白尾绘里","index":"CH0304_BG"},"isFirst":false},{"content":"看起来好奇怪","replyDepth":0,"type":"chat","sCharacter":{"no":"白尾绘里","index":"CH0304_BG"},"isFirst":false,"file":""},{"content":"绘里盯着庚手里的奇怪石头看了又看","replyDepth":0,"type":"info","sCharacter":{"no":0,"index":"1"},"isFirst":true,"file":""},{"content":"确实，我也觉得很罕见，所以特地捡了起来","replyDepth":0,"type":"chat","sCharacter":{"no":"板垣庚","index":"CH0306_BG"},"isFirst":true,"file":""},{"content":"什么石头呀？","replyDepth":0,"type":"chat","sCharacter":{"no":0,"index":"1"},"isFirst":true,"file":""},{"file":"GameData/BLDA/Emoji/412.webp","content":"Emoji","replyDepth":0,"type":"image","sCharacter":{"no":0,"index":"1"},"isFirst":false},{"content":"嗯，看起来是黑色的，但是似乎又五彩斑斓... ！","replyDepth":0,"type":"chat","sCharacter":{"no":"白尾绘里","index":"CH0304_BG"},"isFirst":true,"file":""},{"file":"GameData/BLDA/CharFace/CH0304/8.webp","content":"CharFace","replyDepth":0,"type":"image","sCharacter":{"no":"白尾绘里","index":"CH0304_BG"},"isFirst":false},{"content":"拿来用作颜色画画一定很惊艳！","replyDepth":0,"type":"chat","sCharacter":{"no":"白尾绘里","index":"CH0304_BG"},"isFirst":false,"file":""},{"content":"是在哪里捡到的？","replyDepth":0,"type":"chat","sCharacter":{"no":"白尾绘里","index":"CH0304_BG"},"isFirst":false,"file":""},{"content":"是在那边的山坡边捡到的","replyDepth":0,"type":"chat","sCharacter":{"no":"板垣庚","index":"CH0306_BG"},"isFirst":true,"file":""},{"content":"有意思，我要去看看还有没有更多这种石头！","replyDepth":0,"type":"chat","sCharacter":{"no":"白尾绘里","index":"CH0304_BG"},"file":"","name":"","time":"","is_breaking":false,"isFirst":true,"isLeft":false,"isCenter":false,"isRight":false,"style":false},{"content":"说不定能发现新型颜料的素材呢！","replyDepth":0,"type":"chat","sCharacter":{"no":"白尾绘里","index":"CH0304_BG"},"file":"","name":"","time":"","is_breaking":false,"isFirst":false,"isLeft":false,"isCenter":false,"isRight":false,"style":false},{"content":"绘里兴奋得猛地起身，朝着庚指的方向跑过去了，一头扎进一块树丛里","replyDepth":0,"type":"info","sCharacter":{"no":"衣斐莱娜","index":"CH0305_BG"},"file":"","name":"","time":"","is_breaking":false,"isFirst":true,"isLeft":false,"isCenter":false,"isRight":false,"style":false}],"MoeTalk":"3-38"}