{"CHAT":[{"content":"嗯，走吧...佳代子同学...","replyDepth":0,"type":"chat","sCharacter":{"no":"古关忧","index":"CH0169_BG"},"file":"","isFirst":false,"name":"","isLeft":true,"isCenter":false,"isRight":false,"is_breaking":false,"time":"","style":false},{"content":"（听到了门外的倒塌声）","replyDepth":0,"type":"chat","sCharacter":{"no":"？？？","index":"Hidden_Arena"},"file":""},{"content":"哦，终于是有人来了...","replyDepth":0,"type":"chat","sCharacter":{"no":"？？？","index":"Hidden_Arena"},"file":"","isFirst":false,"name":"","isLeft":true,"isCenter":false,"isRight":false,"is_breaking":false,"time":"","style":false},{"content":"必须得在这里牵制住他们！","replyDepth":0,"type":"chat","sCharacter":{"no":"？？？","index":"Hidden_Arena"},"file":""},{"content":"哼哼...来尝尝我的厉害吧！","replyDepth":0,"type":"chat","sCharacter":{"no":"？？？","index":"Hidden_Arena"},"isFirst":false,"name":"","isLeft":true,"isCenter":false,"isRight":false,"is_breaking":false,"file":"","time":"","style":false},{"content":"（启动了某个机器）","replyDepth":0,"type":"chat","sCharacter":{"no":"？？？","index":"Hidden_Arena"},"file":""},{"content":"二人注意到有机器发出的轰鸣声在周围响起...","replyDepth":0,"type":"info","sCharacter":{"no":"？？？","index":"Hidden_Arena"},"file":""},{"content":"这是...唔...好热...","replyDepth":0,"type":"chat","sCharacter":{"no":"鬼方佳代子","index":"CH0086_BG"},"file":""},{"content":"好大的...热浪...","replyDepth":0,"type":"chat","sCharacter":{"no":"鬼方佳代子","index":"CH0086_BG"},"file":""},{"file":"GameData/BLDA/CharFace/CH0086/7.webp","content":"CharFace","replyDepth":0,"type":"image","sCharacter":{"no":"鬼方佳代子","index":"CH0086_BG"}},{"content":"啊啊...好热啊...会受不了的...","replyDepth":0,"type":"chat","sCharacter":{"no":"古关忧","index":"CH0169_BG"},"file":""},{"file":"GameData/BLDA/CharFace/CH0169/10.webp","content":"CharFace","replyDepth":0,"type":"image","sCharacter":{"no":"古关忧","index":"CH0169_BG"},"isFirst":false,"name":"","isLeft":true,"isCenter":false,"isRight":false,"is_breaking":false,"time":"","style":false},{"content":"你们，胆敢闯入这片禁地...","replyDepth":0,"type":"chat","sCharacter":{"no":"？？？","index":"Hidden_Arena"},"file":"","isFirst":false,"name":"","isLeft":true,"isCenter":false,"isRight":false,"is_breaking":false,"time":"","style":false},{"content":"你们必须，永远地留在这里！","replyDepth":0,"type":"chat","sCharacter":{"no":"？？？","index":"Hidden_Arena"},"isFirst":false,"name":"","isLeft":true,"isCenter":false,"isRight":false,"is_breaking":false,"file":"","time":"","style":false},{"content":"（加大功率）","replyDepth":0,"type":"chat","sCharacter":{"no":"？？？","index":"Hidden_Arena"},"file":""},{"content":"呃...不行，更热了...","replyDepth":0,"type":"chat","sCharacter":{"no":"鬼方佳代子","index":"CH0086_BG"},"file":""},{"content":"根本走不动，身体完全受不了...","replyDepth":0,"type":"chat","sCharacter":{"no":"鬼方佳代子","index":"CH0086_BG"},"file":""},{"file":"GameData/BLDA/CharFace/CH0086/7.webp","content":"CharFace","replyDepth":0,"type":"image","sCharacter":{"no":"鬼方佳代子","index":"CH0086_BG"}},{"content":"忧...你怎么样了...忧！","replyDepth":0,"type":"chat","sCharacter":{"no":"鬼方佳代子","index":"CH0086_BG"},"file":""},{"file":"GameData/BLDA/CharFace/CH0169/21.webp","content":"CharFace","replyDepth":0,"type":"image","sCharacter":{"no":"古关忧","index":"CH0169_BG"},"isFirst":false,"name":"","isLeft":true,"isCenter":false,"isRight":false,"is_breaking":false,"time":"","style":false},{"content":"呃啊啊啊——","replyDepth":0,"type":"chat","sCharacter":{"no":"古关忧","index":"CH0169_BG"},"file":""},{"content":"好热好热好热...","replyDepth":0,"type":"chat","sCharacter":{"no":"古关忧","index":"CH0169_BG"},"file":""},{"content":"啊哈哈哈哈哈，不过如此嘛...","replyDepth":0,"type":"chat","sCharacter":{"no":"？？？","index":"Hidden_Arena"},"file":""},{"content":"（继续加大功率）","replyDepth":0,"type":"chat","sCharacter":{"no":"？？？","index":"Hidden_Arena"},"file":""},{"file":"GameData/BLDA/CharFace/CH0086/6.webp","content":"CharFace","replyDepth":0,"type":"image","sCharacter":{"no":"鬼方佳代子","index":"CH0086_BG"}},{"content":"不行...再这样下去...我们真的走不出这里了...","replyDepth":0,"type":"chat","sCharacter":{"no":"鬼方佳代子","index":"CH0086_BG"},"file":""},{"content":"我得...坚持住...找到热浪的来源...","replyDepth":0,"type":"chat","sCharacter":{"no":"鬼方佳代子","index":"CH0086_BG"},"isFirst":false,"name":"","isLeft":true,"isCenter":false,"isRight":false,"is_breaking":false,"file":"","time":"","style":false},{"content":"佳代子忍受着高温，艰难地向前挪步，试图寻找热浪的来源\n对方见状不妙，继续加大发生器的功率","replyDepth":0,"type":"info","sCharacter":{"no":"鬼方佳代子","index":"CH0086_BG"},"file":""},{"content":"如果是...人为制造的...热浪...应该会有...发生装置...","replyDepth":0,"type":"chat","sCharacter":{"no":"鬼方佳代子","index":"CH0086_BG"},"file":""},{"file":"GameData/BLDA/CharFace/CH0086/6.webp","content":"CharFace","replyDepth":0,"type":"image","sCharacter":{"no":"鬼方佳代子","index":"CH0086_BG"}},{"content":"（缓缓地举起手枪继续移动着）","replyDepth":0,"type":"chat","sCharacter":{"no":"鬼方佳代子","index":"CH0086_BG"},"file":""},{"content":"不好，已经是最大功率了...","replyDepth":0,"type":"chat","sCharacter":{"no":"？？？","index":"Hidden_Arena"},"file":""},{"content":"她，她怎么还在动啊！？","replyDepth":0,"type":"chat","sCharacter":{"no":"？？？","index":"Hidden_Arena"},"isFirst":false,"name":"","isLeft":true,"isCenter":false,"isRight":false,"is_breaking":false,"file":"","time":"","style":false},{"content":"嘟嘟——嘟嘟——\n警告，已达到最大功率，即将启动过热保护...","replyDepth":0,"type":"info","sCharacter":{"no":"？？？","index":"Hidden_Arena"},"isFirst":false,"name":"","isLeft":false,"isCenter":true,"isRight":false,"is_breaking":false,"file":"","time":"","style":false},{"content":"喂，你这破东西，别在这时候掉链子，给点劲啊！","replyDepth":0,"type":"chat","sCharacter":{"no":"？？？","index":"Hidden_Arena"},"file":""},{"content":"（用枪托猛击机械）","replyDepth":0,"type":"chat","sCharacter":{"no":"？？？","index":"Hidden_Arena"},"file":""},{"content":"嘟嘟嘟——嘟嘟嘟——\n检测到机械受损...检测到机械受损...","replyDepth":0,"type":"info","sCharacter":{"no":"？？？","index":"Hidden_Arena"},"file":""},{"content":"啊...在那里...","replyDepth":0,"type":"chat","sCharacter":{"no":"鬼方佳代子","index":"CH0086_BG"},"file":""},{"file":"GameData/BLDA/CharFace/CH0086/5.webp","content":"CharFace","replyDepth":0,"type":"image","sCharacter":{"no":"鬼方佳代子","index":"CH0086_BG"}},{"content":"佳代子隐约看到一处被覆盖伪装过的地方\n似乎有一个人影，和一个正在晃动的机械...\n佳代子缓缓举起枪，扣动了扳机","replyDepth":0,"type":"info","sCharacter":{"no":"鬼方佳代子","index":"CH0086_BG"},"file":""},{"content":"啊...发生器被打中了！","replyDepth":0,"type":"chat","sCharacter":{"no":"？？？","index":"Hidden_Arena"},"file":"","isFirst":false,"name":"","isLeft":true,"isCenter":false,"isRight":false,"is_breaking":false,"time":"","style":false},{"content":"不不不，别啊——","replyDepth":0,"type":"chat","sCharacter":{"no":"？？？","index":"Hidden_Arena"},"file":""},{"content":"检测到机械严重受损，正在启动自爆保护程序\n预计引爆时间...5...4...3...2...","replyDepth":0,"type":"info","sCharacter":{"no":"？？？","index":"Hidden_Arena"},"file":""},{"content":"不是，说明书没告诉我有这玩意啊！","replyDepth":0,"type":"chat","sCharacter":{"no":"？？？","index":"Hidden_Arena"},"file":""},{"content":"该死的，现在先保住小命要紧！","replyDepth":0,"type":"chat","sCharacter":{"no":"？？？","index":"Hidden_Arena"},"file":"","isFirst":false,"name":"","isLeft":true,"isCenter":false,"isRight":false,"is_breaking":false,"time":"","style":false},{"content":"呃啊...怎么就...","replyDepth":0,"type":"chat","sCharacter":{"no":"鬼方佳代子","index":"CH0086_BG"},"file":""},{"file":"GameData/BLDA/CharFace/CH0086/6.webp","content":"CharFace","replyDepth":0,"type":"image","sCharacter":{"no":"鬼方佳代子","index":"CH0086_BG"}},{"content":"佳代子摇摇晃晃地，就要站不住了\n就在佳代子一以为自己要倒下的时候，有一个身躯撑住了她","replyDepth":0,"type":"info","sCharacter":{"no":"鬼方佳代子","index":"CH0086_BG"},"file":"","isFirst":false,"name":"","isLeft":false,"isCenter":true,"isRight":false,"is_breaking":false,"time":"","style":false},{"content":"额...忧...你...没事吧...","replyDepth":0,"type":"chat","sCharacter":{"no":"鬼方佳代子","index":"CH0086_BG"},"file":""},{"file":"GameData/BLDA/CharFace/CH0086/6.webp","content":"CharFace","replyDepth":0,"type":"image","sCharacter":{"no":"鬼方佳代子","index":"CH0086_BG"}},{"content":"快...快走...离开这里...","replyDepth":0,"type":"chat","sCharacter":{"no":"鬼方佳代子","index":"CH0086_BG"},"file":""},{"content":"我们得...一起离开这里...","replyDepth":0,"type":"chat","sCharacter":{"no":"古关忧","index":"CH0169_BG"},"isFirst":false,"name":"","isLeft":true,"isCenter":false,"isRight":false,"is_breaking":false,"file":"","time":"","style":false},{"content":"幕后主使...还没有出现，不能倒下...","replyDepth":0,"type":"chat","sCharacter":{"no":"古关忧","index":"CH0169_BG"},"isFirst":false,"name":"","isLeft":true,"isCenter":false,"isRight":false,"is_breaking":false,"file":"","time":"","style":false},{"file":"GameData/BLDA/CharFace/CH0169/19.webp","content":"CharFace","replyDepth":0,"type":"image","sCharacter":{"no":"古关忧","index":"CH0169_BG"}},{"content":"快...我们就快...出去了...","replyDepth":0,"type":"chat","sCharacter":{"no":"古关忧","index":"CH0169_BG"},"file":""},{"content":"忧搀扶着佳代子走出了寺庙...\n...1...滴——\n二人刚出来，寺庙便彻底坍塌，没有留下曾经作为古代遗址的任何痕迹...","replyDepth":0,"type":"info","sCharacter":{"no":"古关忧","index":"CH0169_BG"},"isFirst":false,"name":"","isLeft":false,"isCenter":true,"isRight":false,"is_breaking":false,"file":"","time":"","style":false},{"content":"呼啊...可算...出来了...","replyDepth":0,"type":"chat","sCharacter":{"no":"古关忧","index":"CH0169_BG"},"file":""},{"content":"佳代子，你没事吧...","replyDepth":0,"type":"chat","sCharacter":{"no":"古关忧","index":"CH0169_BG"},"file":""},{"file":"GameData/BLDA/CharFace/CH0169/19.webp","content":"CharFace","replyDepth":0,"type":"image","sCharacter":{"no":"古关忧","index":"CH0169_BG"}},{"content":"唔...没事...比之前好些了...","replyDepth":0,"type":"chat","sCharacter":{"no":"鬼方佳代子","index":"CH0086_BG"},"file":""},{"file":"GameData/BLDA/CharFace/CH0086/7.webp","content":"CharFace","replyDepth":0,"type":"image","sCharacter":{"no":"鬼方佳代子","index":"CH0086_BG"}},{"content":"可恶，果然有人盯上我们了...","replyDepth":0,"type":"chat","sCharacter":{"no":"鬼方佳代子","index":"CH0086_BG"},"file":""},{"content":"我们必须立刻回去，找到其他人...","replyDepth":0,"type":"chat","sCharacter":{"no":"鬼方佳代子","index":"CH0086_BG"},"file":""},{"content":"（正在扒拉草丛，发出了巨大的声响）","replyDepth":0,"type":"chat","sCharacter":{"no":"？？？","index":"Hidden_Arena"},"file":""},{"content":"啊，有人在那！","replyDepth":0,"type":"chat","sCharacter":{"no":"鬼方佳代子","index":"CH0086_BG"},"file":""},{"content":"（右手举起手枪对准草丛）","replyDepth":0,"type":"chat","sCharacter":{"no":"鬼方佳代子","index":"CH0086_BG"},"file":""},{"content":"给我站住，不许动！","replyDepth":0,"type":"chat","sCharacter":{"no":"鬼方佳代子","index":"CH0086_BG"},"isFirst":true,"name":"","isLeft":true,"isCenter":false,"isRight":false,"is_breaking":false,"file":"","time":"","style":false},{"file":"GameData/BLDA/CharFace/CH0086/5.webp","content":"CharFace","replyDepth":0,"type":"image","sCharacter":{"no":"鬼方佳代子","index":"CH0086_BG"}},{"content":"（扣动了扳机）","replyDepth":0,"type":"chat","sCharacter":{"no":"古关忧","index":"CH0169_BG"},"file":""},{"file":"GameData/BLDA/CharFace/CH0169/15.webp","content":"CharFace","replyDepth":0,"type":"image","sCharacter":{"no":"古关忧","index":"CH0169_BG"}},{"content":"啊哈...好痛啊，我中弹了，我中弹了！","replyDepth":0,"type":"chat","sCharacter":{"no":"custom-250916-011829","index":"custom-250916-011829"},"file":"","isFirst":false,"name":"","isLeft":true,"isCenter":false,"isRight":false,"is_breaking":false,"time":"","style":false},{"content":"（拉动枪栓，准备进行第二次射击）","replyDepth":0,"type":"chat","sCharacter":{"no":"古关忧","index":"CH0169_BG"},"file":""},{"file":"GameData/BLDA/CharFace/CH0169/15.webp","content":"CharFace","replyDepth":0,"type":"image","sCharacter":{"no":"古关忧","index":"CH0169_BG"}},{"content":"可恶...没有视野，让他给逃了...","replyDepth":0,"type":"chat","sCharacter":{"no":"古关忧","index":"CH0169_BG"},"file":""},{"content":"那个人...好像覆着迷彩...","replyDepth":0,"type":"chat","sCharacter":{"no":"古关忧","index":"CH0169_BG"},"file":""},{"content":"那家伙是...凯撒PMC的人，我们得立刻告诉其他人！","replyDepth":0,"type":"chat","sCharacter":{"no":"鬼方佳代子","index":"CH0086_BG"},"isFirst":false,"name":"","isLeft":true,"isCenter":false,"isRight":false,"is_breaking":false,"file":"","time":"","style":false},{"content":"佳代子呼叫总部，呼叫总部...呼叫不上...","replyDepth":0,"type":"chat","sCharacter":{"no":"鬼方佳代子","index":"CH0086_BG"},"isFirst":false,"name":"","isLeft":true,"isCenter":false,"isRight":false,"is_breaking":false,"file":"","time":"","style":false},{"content":"可恶，信号怎么...难道是EMP功率加强了吗？","replyDepth":0,"type":"chat","sCharacter":{"no":"鬼方佳代子","index":"CH0086_BG"},"file":""},{"file":"GameData/BLDA/CharFace/CH0086/7.webp","content":"CharFace","replyDepth":0,"type":"image","sCharacter":{"no":"鬼方佳代子","index":"CH0086_BG"}},{"content":"（递出一罐冰美式）","replyDepth":0,"type":"chat","sCharacter":{"no":"古关忧","index":"CH0169_BG"},"file":""},{"content":"来，这是给你的...拿好...","replyDepth":0,"type":"chat","sCharacter":{"no":"古关忧","index":"CH0169_BG"},"isFirst":false,"name":"","isLeft":true,"isCenter":false,"isRight":false,"is_breaking":false,"file":"","time":"","style":false},{"file":"GameData/BLDA/CharFace/CH0169/5.webp","content":"CharFace","replyDepth":0,"type":"image","sCharacter":{"no":"古关忧","index":"CH0169_BG"}},{"content":"喝完之后，我们...必须赶紧找到其他人！","replyDepth":0,"type":"chat","sCharacter":{"no":"古关忧","index":"CH0169_BG"},"file":""},{"content":"而在此时此刻，餐饮区...","replyDepth":0,"type":"info","sCharacter":{"no":"古关忧","index":"CH0169_BG"},"file":""},{"content":"爱丽丝，检测到远处有异常的声音出现！","replyDepth":0,"type":"chat","sCharacter":{"no":"天童爱丽丝","index":"CH0200_BG"},"file":""},{"file":"GameData/BLDA/CharFace/CH0200/2.webp","content":"CharFace","replyDepth":0,"type":"image","sCharacter":{"no":"天童爱丽丝","index":"CH0200_BG"}},{"content":"难道是，新的事件被触发了吗？","replyDepth":0,"type":"chat","sCharacter":{"no":"天童爱丽丝","index":"CH0200_BG"},"file":""},{"content":"那个是，爆炸声吗？","replyDepth":0,"type":"chat","sCharacter":{"no":"早濑优香","index":"CH0184_BG"},"file":""},{"file":"GameData/BLDA/CharFace/CH0184/5.webp","content":"CharFace","replyDepth":0,"type":"image","sCharacter":{"no":"早濑优香","index":"CH0184_BG"}},{"content":"（还在不知道添加了什么东西）","replyDepth":0,"type":"chat","sCharacter":{"no":"custom-250918-172349","index":"custom-250918-172349"},"file":""},{"content":"（听到爆炸声后）天呐，不会是那家伙坏事了吧...","replyDepth":0,"type":"chat","sCharacter":{"no":"custom-250918-172349","index":"custom-250918-172349"},"isFirst":false,"name":"","isLeft":false,"isCenter":true,"isRight":false,"is_breaking":false,"file":"","time":"","style":false},{"content":"不管那家伙了，我得先把我这一关给混过去才是！","replyDepth":0,"type":"chat","sCharacter":{"no":"custom-250918-172349","index":"custom-250918-172349"},"file":"","isFirst":false,"name":"","isLeft":true,"isCenter":false,"isRight":false,"is_breaking":false,"time":"","style":false},{"content":"“主理人”端好菜便来到优香和爱丽丝所在的桌子前","replyDepth":0,"type":"info","sCharacter":{"no":"custom-250918-172349","index":"custom-250918-172349"},"file":""},{"content":"咳咳...朋友们，这次我要讲述的，是一个来自山海经的故事","replyDepth":0,"type":"chat","sCharacter":{"no":"custom-250918-172349","index":"custom-250918-172349"},"file":"","isFirst":false,"name":"","isLeft":true,"isCenter":false,"isRight":false,"is_breaking":false,"time":"","style":false},{"content":"从前，在山海经有一条大鱼...这条大鱼，非常的巨大...","replyDepth":0,"type":"chat","sCharacter":{"no":"custom-250918-172349","index":"custom-250918-172349"},"file":""},{"content":"后来啊，它不满足于自己是一条鱼，又变成了一只大鸟啊...","replyDepth":0,"type":"chat","sCharacter":{"no":"custom-250918-172349","index":"custom-250918-172349"},"file":""},{"content":"为了展现这个...额，梦一般的变化，便有了我们这道菜...","replyDepth":0,"type":"chat","sCharacter":{"no":"custom-250918-172349","index":"custom-250918-172349"},"file":""},{"content":"我们的“主理人”把这道菜端了上来\n可以看得出，制作者已经尽量让它卖相很好看了...\n其实，就是半边鱼加上一条鸡腿...\n这鱼明显是放了很久的腌制的加工品，而鸡腿上的肉，甚至还残留有血丝","replyDepth":0,"type":"info","sCharacter":{"no":"custom-250918-172349","index":"custom-250918-172349"},"isFirst":false,"name":"","isLeft":false,"isCenter":true,"isRight":false,"is_breaking":false,"file":"","time":"","style":false},{"content":"爱丽丝，正在检索...","replyDepth":0,"type":"chat","sCharacter":{"no":"天童爱丽丝","index":"CH0200_BG"},"file":""},{"file":"GameData/BLDA/CharFace/CH0200/99.webp","content":"CharFace","replyDepth":0,"type":"image","sCharacter":{"no":"天童爱丽丝","index":"CH0200_BG"}},{"content":"这个，是“鹰酱牌”的豆豉罐头鱼，是很强力的回复道具！","replyDepth":0,"type":"chat","sCharacter":{"no":"天童爱丽丝","index":"CH0200_BG"},"isFirst":false,"name":"","isLeft":true,"isCenter":false,"isRight":false,"is_breaking":false,"file":"","time":"","style":false},{"content":"额...朋友，这样就是您不懂这上面的艺术与内涵了...","replyDepth":0,"type":"chat","sCharacter":{"no":"custom-250918-172349","index":"custom-250918-172349"},"file":""},{"content":"这个故事，好像老师昨天还和我聊到过...","replyDepth":0,"type":"chat","sCharacter":{"no":"早濑优香","index":"CH0184_BG"},"file":""},{"content":"好像是...山海经的...鲲鹏...","replyDepth":0,"type":"chat","sCharacter":{"no":"早濑优香","index":"CH0184_BG"},"isFirst":false,"name":"","isLeft":true,"isCenter":false,"isRight":false,"is_breaking":false,"file":"","time":"","style":false},{"file":"GameData/BLDA/CharFace/CH0184/99.webp","content":"CharFace","replyDepth":0,"type":"image","sCharacter":{"no":"早濑优香","index":"CH0184_BG"}},{"content":"（小声）不过这说故事的能力，比起老师可逊色多了...","replyDepth":0,"type":"chat","sCharacter":{"no":"早濑优香","index":"CH0184_BG"},"file":""},{"content":"啊对的对的，就是鲲鹏，就是那个...额，鲲鹏！","replyDepth":0,"type":"chat","sCharacter":{"no":"custom-250918-172349","index":"custom-250918-172349"},"file":"","isFirst":false,"name":"","isLeft":true,"isCenter":false,"isRight":false,"is_breaking":false,"time":"","style":false},{"file":"GameData/BLDA/CharFace/citizen_borot2/0.webp","content":"CharFace","replyDepth":0,"type":"image","sCharacter":{"no":"custom-250918-172349","index":"custom-250918-172349"}},{"content":"这份艺术...额，一共价值75000元！","replyDepth":0,"type":"chat","sCharacter":{"no":"custom-250918-172349","index":"custom-250918-172349"},"isFirst":false,"name":"","isLeft":true,"isCenter":false,"isRight":false,"is_breaking":false,"file":"","time":"","style":false},{"content":"不是，半个罐头鱼加上一个还带着血丝的鸡腿...","replyDepth":0,"type":"chat","sCharacter":{"no":"早濑优香","index":"CH0184_BG"},"file":""},{"content":"就要收这么贵的钱吗！？","replyDepth":0,"type":"chat","sCharacter":{"no":"早濑优香","index":"CH0184_BG"},"isFirst":false,"name":"","isLeft":true,"isCenter":false,"isRight":false,"is_breaking":false,"file":"","time":"","style":false}],"MoeTalk":"4-9"}