{"CHAT":[{"file":"GameData/BLDA/CharFace/CH0204/19.webp","content":"CharFace","replyDepth":0,"type":"image","sCharacter":{"no":"古关忧","index":"CH0204_BG"}},{"content":"而且....我也不想去掺和圣三一那些事情....光是想想就头疼","replyDepth":0,"type":"chat","sCharacter":{"no":"古关忧","index":"CH0204_BG"}},{"content":"难道我们....只能这样看着那些人之后继续做这种事吗","replyDepth":0,"type":"chat","sCharacter":{"no":0,"index":"1"}},{"content":"和忧陷入了沉默","replyDepth":0,"type":"info","sCharacter":{"no":0,"index":"1"}},{"content":"......","replyDepth":0,"type":"chat","sCharacter":{"no":"古关忧","index":"CH0204_BG"},"isFirst":false,"name":"","isLeft":true,"isCenter":false,"isRight":false,"is_breaking":false,"file":"","time":"","style":false},{"file":"GameData/BLDA/CharFace/CH0204/1.webp","content":"CharFace","replyDepth":0,"type":"image","sCharacter":{"no":"古关忧","index":"CH0204_BG"}},{"content":"有了....我有个办法.....","replyDepth":0,"type":"chat","sCharacter":{"no":"古关忧","index":"CH0204_BG"}},{"content":"但这需要老师的帮助","replyDepth":0,"type":"chat","sCharacter":{"no":"古关忧","index":"CH0204_BG"}},{"content":"欢迎各位收看今日的克洛诺斯新闻频道！现在插播一则重磅新闻！","replyDepth":0,"type":"chat","sCharacter":{"no":"川流诗乃","index":"Shinon_BG"}},{"content":"","type":"image","file":"Emoji-2-2","replyDepth":0,"sCharacter":{"no":"川流诗乃","index":"Shinon_BG"}},{"content":"就在几个小时前，在距离基沃托斯海岸100公里处发现了一座此前从未曾有过记录的神秘岛屿，也就是目前我们镜头所正对的地方！","replyDepth":0,"type":"chat","sCharacter":{"no":"川流诗乃","index":"Shinon_BG"}},{"content":"该海岛被夜户浦村的远洋捕虾队成员无意中发现并首次发布至网上，根据已经公布的信息，这座岛似乎是圣三一综合学院的修女会古代基地","replyDepth":0,"type":"chat","sCharacter":{"no":"川流诗乃","index":"Shinon_BG"}},{"content":"修女会方面已经确认了该消息，并宣布对该海岛拥有所有权，让我们连线修女会的会长歌住樱子","replyDepth":0,"type":"chat","sCharacter":{"no":"川流诗乃","index":"Shinon_BG"}},{"content":"嗯...咳咳，大家好，我是修女会的会长樱子","replyDepth":0,"type":"chat","sCharacter":{"no":"歌住樱子","index":"NP0090_BG"}},{"file":"GameData/BLDA/CharFace/NP0090/7.webp","content":"CharFace","replyDepth":0,"type":"image","sCharacter":{"no":"歌住樱子","index":"NP0090_BG"}},{"content":"首先很感谢这位渔民....让修女会被尘封的历史公之于众。根据初步调查，这座岛上藏有大量的修女会历史文物","replyDepth":0,"type":"chat","sCharacter":{"no":"歌住樱子","index":"NP0090_BG"}},{"content":"修女会方面已经派遣人手前往该岛进行调查和保护，同时，我们也请前往岛屿的记者以及感兴趣的人士在登岛前提前前往修女会进行登记，未经允许发现上岛，我们将委托瓦尔基里进行处置","replyDepth":0,"type":"chat","sCharacter":{"no":"歌住樱子","index":"NP0090_BG"}},{"content":"好的，我们希望在之后也能看到更多岛上文物的保护与研究信息。感谢歌住樱子的回答！","replyDepth":0,"type":"chat","sCharacter":{"no":"川流诗乃","index":"Shinon_BG"}},{"content":"诶，话说，歌住樱子....","replyDepth":0,"type":"chat","sCharacter":{"no":"川流诗乃","index":"Shinon_BG"}},{"file":"GameData/BLDA/CharFace/shinon/99.webp","content":"CharFace","replyDepth":0,"type":"image","sCharacter":{"no":"川流诗乃","index":"Shinon_BG"}},{"content":"你是不是当时圣三一学园祭那个登台的偶像啊！当时我就在现场报道，我的天你唱的太好听了吧简直就是天...","replyDepth":0,"type":"chat","sCharacter":{"no":"川流诗乃","index":"Shinon_BG"}},{"content":"嗯....嗯，那个，我.......","replyDepth":0,"type":"chat","sCharacter":{"no":"歌住樱子","index":"NP0090_BG"}},{"file":"GameData/BLDA/CharFace/NP0090/12.webp","content":"CharFace","replyDepth":0,"type":"image","sCharacter":{"no":"歌住樱子","index":"NP0090_BG"}},{"content":"（哔——信号中断）","replyDepth":0,"type":"info","sCharacter":{"no":"歌住樱子","index":"NP0090_BG"}},{"content":"","type":"image","file":"Emoji-2-3","replyDepth":0,"sCharacter":{"no":"0","index":"1"},"isFirst":false,"name":"","isLeft":false,"isCenter":true,"isRight":false,"is_breaking":false,"time":"","style":false},{"content":"几天之后，黄昏，海岛的沙滩上","replyDepth":0,"type":"info","sCharacter":{"no":"歌住樱子","index":"NP0090_BG"}},{"content":"远远就望见忧，正靠在一个沙滩椅上看书\n走过去坐在了忧的身边","replyDepth":0,"type":"info","sCharacter":{"no":"古关忧","index":"CH0204_BG"}},{"content":"哈喽忧酱","replyDepth":0,"type":"chat","sCharacter":{"no":0,"index":"1"}},{"content":"怎么样，在看书吗","replyDepth":0,"type":"chat","sCharacter":{"no":0,"index":"1"}},{"content":"啊....是老师","replyDepth":0,"type":"chat","sCharacter":{"no":"古关忧","index":"CH0204_BG"}},{"file":"GameData/BLDA/CharFace/CH0204/3.webp","content":"CharFace","replyDepth":0,"type":"image","sCharacter":{"no":"古关忧","index":"CH0204_BG"}},{"content":"忧合上了书，关上了一旁的小台灯","replyDepth":0,"type":"info","sCharacter":{"no":"古关忧","index":"CH0204_BG"}},{"content":"这孩子....是关于一些修女会历史的记录....","replyDepth":0,"type":"chat","sCharacter":{"no":"古关忧","index":"CH0204_BG"}},{"content":"没想到我居然被修女会委派来协助海岛的修复工作....还主动分享这些秘密的典籍....明明之前还拿我私下复制典籍的事情要挟我....","replyDepth":0,"type":"chat","sCharacter":{"no":"古关忧","index":"CH0204_BG"}},{"content":"嘛...就是樱子她们应该最近要有的忙了....","replyDepth":0,"type":"chat","sCharacter":{"no":"古关忧","index":"CH0204_BG"}},{"content":"我听说忧现在就呆在海岛的驻地上","replyDepth":0,"type":"chat","sCharacter":{"no":0,"index":"1"}},{"content":"这几天在岛上待的怎么样嘛","replyDepth":0,"type":"chat","sCharacter":{"no":0,"index":"1"}},{"content":"唔....感觉从来没离开古书馆那么久过...","replyDepth":0,"type":"chat","sCharacter":{"no":"古关忧","index":"CH0204_BG"}},{"file":"GameData/BLDA/CharFace/CH0204/6.webp","content":"CharFace","replyDepth":0,"type":"image","sCharacter":{"no":"古关忧","index":"CH0204_BG"}},{"content":"毕竟空调还没修好...加上这里....确实蛮舒服的....","replyDepth":0,"type":"chat","sCharacter":{"no":"古关忧","index":"CH0204_BG"}},{"content":"忧靠在了我的背上，辫子的长发散落在我的肩膀上，轻微挠动着手臂","replyDepth":0,"type":"info","sCharacter":{"no":"古关忧","index":"CH0204_BG"}},{"file":"GameData/BLDA/CharFace/CFID_6/CharID_112-167/180.webp","content":"CharFace","replyDepth":0,"type":"image","sCharacter":{"no":"古关忧","index":"CH0204_BG"}},{"content":"本来只是想消暑而已...","replyDepth":0,"type":"chat","sCharacter":{"no":"古关忧","index":"CH0204_BG"}},{"content":"没想到现在还要去亲自监督文物修复工作....","replyDepth":0,"type":"chat","sCharacter":{"no":"古关忧","index":"CH0204_BG"}},{"content":"放心，我们上岛的事情，修女会并不知道...目前只是我和老师的秘密...","replyDepth":0,"type":"chat","sCharacter":{"no":"古关忧","index":"CH0204_BG"}},{"file":"GameData/BLDA/CharFace/CFID_6/CharID_112-167/5.webp","content":"CharFace","replyDepth":0,"type":"image","sCharacter":{"no":"古关忧","index":"CH0204_BG"}},{"content":"不过....果然，只要和老师待在一起，就会有源源不断的外面的事情呢...","replyDepth":0,"type":"chat","sCharacter":{"no":"古关忧","index":"CH0204_BG"}},{"content":"毕竟，我也是个麻烦的老师呢","replyDepth":0,"type":"chat","sCharacter":{"no":0,"index":"1"}},{"content":"两人搭在椅子上的手逐渐重合","replyDepth":0,"type":"info","sCharacter":{"no":0,"index":"1"}},{"content":"老师....还记得之前....我没发出去的消息吗","replyDepth":0,"type":"chat","sCharacter":{"no":"古关忧","index":"CH0204_BG"}},{"content":"现在，岛上已经有信号了哦...","replyDepth":0,"type":"chat","sCharacter":{"no":"古关忧","index":"CH0204_BG"}},{"content":"翻开手机，确实有一条未读","replyDepth":0,"type":"info","sCharacter":{"no":"古关忧","index":"CH0204_BG"}},{"file":"GameData/BLDA/CharFace/CFID_6/CharID_112-167/22.webp","content":"CharFace","replyDepth":0,"type":"image","sCharacter":{"no":"古关忧","index":"CH0204_BG"}},{"content":"有些昏黄的海岸边，手机的微光照亮了老师的脸庞，也给少女暗藏心底的感情，轻轻打进一缕光束","replyDepth":0,"type":"info","sCharacter":{"no":"古关忧","index":"CH0204_BG"}},{"content":"忧酱是要回答吗","replyDepth":0,"type":"chat","sCharacter":{"no":0,"index":"1"}},{"content":"嗯，没错，我也...一样","replyDepth":0,"type":"chat","sCharacter":{"no":0,"index":"1"}},{"content":"所以，我们....","replyDepth":0,"type":"chat","sCharacter":{"no":0,"index":"1"}},{"content":"没事，听到这个...就足够了","replyDepth":0,"type":"chat","sCharacter":{"no":"古关忧","index":"CH0204_BG"}},{"file":"GameData/BLDA/CharFace/CFID_6/CharID_112-167/78.webp","content":"CharFace","replyDepth":0,"type":"image","sCharacter":{"no":"古关忧","index":"CH0204_BG"}},{"content":"之后的事....等我也变成了老师一样的大人...","replyDepth":0,"type":"chat","sCharacter":{"no":"古关忧","index":"CH0204_BG"}},{"content":"等那时候....","replyDepth":0,"type":"chat","sCharacter":{"no":"古关忧","index":"CH0204_BG"}},{"content":"忧酱不担心老师反悔吗","replyDepth":0,"type":"chat","sCharacter":{"no":0,"index":"1"}},{"content":"呋呋...怎么会呢....毕竟","replyDepth":0,"type":"chat","sCharacter":{"no":"古关忧","index":"CH0204_BG"}},{"file":"GameData/BLDA/CharFace/CFID_6/CharID_112-167/7.webp","content":"CharFace","replyDepth":0,"type":"image","sCharacter":{"no":"古关忧","index":"CH0204_BG"}},{"content":"忧扭过头来，贴近了我的耳边","replyDepth":0,"type":"info","sCharacter":{"no":"古关忧","index":"CH0204_BG"}},{"content":"我们现在...可是共犯哦.....","replyDepth":0,"type":"chat","sCharacter":{"no":"古关忧","index":"CH0204_BG"}},{"content":"（fin）","replyDepth":0,"type":"info","sCharacter":{"no":"古关忧","index":"CH0204_BG"}}],"MoeTalk":"2-2"}