{"CHAT":[{"content":"停好了小艇，扶着忧走向沙滩","replyDepth":0,"type":"info","sCharacter":{"no":0,"index":"1"}},{"content":"不知道为什么，沙滩上有深深的拖拽痕迹","replyDepth":0,"type":"info","sCharacter":{"no":"0","index":"1"},"isFirst":false,"name":"","isLeft":false,"isCenter":true,"isRight":false,"is_breaking":false,"file":"","time":"","style":false},{"content":"唔...热加晕船实在是....","replyDepth":0,"type":"chat","sCharacter":{"no":"古关忧","index":"CH0204_BG"}},{"content":"老师现在可是很清醒","replyDepth":0,"type":"chat","sCharacter":{"no":0,"index":"1"}},{"content":"尤其还能看到忧酱的泳装，真的是太好...嘶","replyDepth":0,"type":"chat","sCharacter":{"no":0,"index":"1"}},{"file":"GameData/BLDA/CharFace/CH0204/16.webp","content":"CharFace","replyDepth":0,"type":"image","sCharacter":{"no":"古关忧","index":"CH0204_BG"}},{"content":"腰部被掐了一下","replyDepth":0,"type":"info","sCharacter":{"no":"古关忧","index":"CH0204_BG"}},{"content":"稀里糊涂就答应......感觉被老师忽悠了","replyDepth":0,"type":"chat","sCharacter":{"no":"古关忧","index":"CH0204_BG"}},{"content":"不过...现在....","replyDepth":0,"type":"chat","sCharacter":{"no":"古关忧","index":"CH0204_BG"}},{"content":"忧试着直起了身体，猛地呼吸了一口","replyDepth":0,"type":"info","sCharacter":{"no":"古关忧","index":"CH0204_BG"}},{"file":"GameData/BLDA/CharFace/CFID_6/CharID_112-167/66.webp","content":"CharFace","replyDepth":0,"type":"image","sCharacter":{"no":"古关忧","index":"CH0204_BG"}},{"content":"这里....确实很凉快的，尤其加上穿上了泳装...","replyDepth":0,"type":"chat","sCharacter":{"no":"古关忧","index":"CH0204_BG"}},{"content":"这个小岛是....","replyDepth":0,"type":"chat","sCharacter":{"no":"古关忧","index":"CH0204_BG"}},{"content":"就是上次忧酱和花子他们一起来的小岛哦","replyDepth":0,"type":"chat","sCharacter":{"no":0,"index":"1"}},{"content":"诶....诶？","replyDepth":0,"type":"chat","sCharacter":{"no":"古关忧","index":"CH0204_BG"}},{"file":"GameData/BLDA/CharFace/CH0204/24.webp","content":"CharFace","replyDepth":0,"type":"image","sCharacter":{"no":"古关忧","index":"CH0204_BG"}},{"content":"正在努力呼吸清凉空气的忧打了个踉跄","replyDepth":0,"type":"info","sCharacter":{"no":"古关忧","index":"CH0204_BG"}},{"content":"修女会那座小岛？....我记得那次之后修女会内部不是已经禁止....禁止无关人士再上岛了吗","replyDepth":0,"type":"chat","sCharacter":{"no":"古关忧","index":"CH0204_BG"}},{"content":"确实是禁止了","replyDepth":0,"type":"chat","sCharacter":{"no":0,"index":"1"}},{"content":"但我们可不是“无关人士”","replyDepth":0,"type":"chat","sCharacter":{"no":0,"index":"1"}},{"content":"而且还有比现在更适合再次造访的机会吗","replyDepth":0,"type":"chat","sCharacter":{"no":0,"index":"1"}},{"content":"但是....我们就这样来....","replyDepth":0,"type":"chat","sCharacter":{"no":"古关忧","index":"CH0204_BG"}},{"content":"忧停住了话，随后闭上了眼睛，过了一会又睁开，表情恢复了往日的平静","replyDepth":0,"type":"info","sCharacter":{"no":"古关忧","index":"CH0204_BG"}},{"file":"GameData/BLDA/CharFace/CH0204/3.webp","content":"CharFace","replyDepth":0,"type":"image","sCharacter":{"no":"古关忧","index":"CH0204_BG"}},{"content":"的确.......这里远离现在天气糟糕的圣三一自治区.....风景也是极好....","replyDepth":0,"type":"chat","sCharacter":{"no":"古关忧","index":"CH0204_BG"}},{"content":"最重要的....这里不被修女会以外的人知晓，没有旁人的目光，只有我和老师....","replyDepth":0,"type":"chat","sCharacter":{"no":"古关忧","index":"CH0204_BG"}},{"content":"忧的目光落在了我的身上","replyDepth":0,"type":"info","sCharacter":{"no":"古关忧","index":"CH0204_BG"}},{"file":"GameData/BLDA/CharFace/CFID_6/CharID_112-167/181.webp","content":"CharFace","replyDepth":0,"type":"image","sCharacter":{"no":"古关忧","index":"CH0204_BG"}},{"content":"果然，总是被老师牵着鼻子走呢...不过...\n嘛，也蛮好的","replyDepth":0,"type":"chat","sCharacter":{"no":"古关忧","index":"CH0204_BG"},"isFirst":false,"name":"","isLeft":true,"isCenter":false,"isRight":false,"is_breaking":false,"file":"","time":"","style":false},{"content":"如果不是因为忧，我也不会这样做","replyDepth":0,"type":"chat","sCharacter":{"no":0,"index":"1"}},{"content":"所以某种意义上，忧也脱不了干系哦","replyDepth":0,"type":"chat","sCharacter":{"no":0,"index":"1"}},{"content":"如何，晕船缓过来后，要不要一起踩踩海水呢...","replyDepth":0,"type":"chat","sCharacter":{"no":0,"index":"1"}},{"content":"呋呋...当然...","replyDepth":0,"type":"chat","sCharacter":{"no":"古关忧","index":"CH0204_BG"}},{"file":"GameData/BLDA/CharFace/CFID_6/CharID_112-167/13.webp","content":"CharFace","replyDepth":0,"type":"image","sCharacter":{"no":"古关忧","index":"CH0204_BG"},"isFirst":false,"name":"","isLeft":true,"isCenter":false,"isRight":false,"is_breaking":false,"time":"","style":false}],"MoeTalk":"2-2"}