{"CHAT":[{"content":"好好好，那就快把自己的衣服脱掉吧，老师~","replyDepth":0,"type":"chat","sCharacter":{"no":"？？？","index":"Hidden_Arena"},"name":"恶魔1 <span style=\"--c:blue;--s:1.2rem;--w:500;--f:blueakabetagbk;--o:1;color:var(--c);font-size:var(--s);font-weight:var(--w);font-family:var(--f);opacity:var(--o);\">“蓝色恶魔”</span>","file":"","time":"","is_breaking":false,"isFirst":false,"isLeft":false,"isCenter":false,"isRight":false,"style":false},{"content":"好了好了，阿罗娜前辈，不要太过分了","replyDepth":0,"type":"chat","sCharacter":{"no":"普拉娜","index":"NP0035_BG"},"file":"","name":"恶魔2 ？","time":"","is_breaking":false,"isFirst":true,"isLeft":false,"isCenter":false,"isRight":false,"style":false},{"file":"GameData/BLDA/CharFace/NP0035/4.webp","content":"CharFace","replyDepth":0,"type":"image","sCharacter":{"no":"普拉娜","index":"NP0035_BG"},"name":"恶魔2 ？","time":"","is_breaking":false,"isFirst":false,"isLeft":false,"isCenter":false,"isRight":false,"style":false},{"content":"再继续装恶魔吓他们就不礼貌了哦","replyDepth":0,"type":"chat","sCharacter":{"no":"普拉娜","index":"NP0035_BG"},"file":"","name":"恶魔2 ？","time":"","is_breaking":false,"isFirst":false,"isLeft":false,"isCenter":false,"isRight":false,"style":false},{"content":"哎呀，一不小心有点玩过头了呢... ","replyDepth":0,"type":"chat","sCharacter":{"no":"阿罗娜","index":"Arona_BG"},"file":"","name":"恶魔1 <span style=\"--c:blue;--s:1.2rem;--w:500;--f:blueakabetagbk;--o:1;color:var(--c);font-size:var(--s);font-weight:var(--w);font-family:var(--f);opacity:var(--o);\">“蓝色恶魔”</span>","time":"","is_breaking":false,"isFirst":true,"isLeft":false,"isCenter":false,"isRight":false,"style":false},{"file":"GameData/BLDA/CharFace/arona/4.webp","content":"CharFace","replyDepth":0,"type":"image","sCharacter":{"no":"阿罗娜","index":"Arona_BG"},"name":"恶魔1 <span style=\"--c:blue;--s:1.2rem;--w:500;--f:blueakabetagbk;--o:1;color:var(--c);font-size:var(--s);font-weight:var(--w);font-family:var(--f);opacity:var(--o);\">“蓝色恶魔”</span>","isFirst":false},{"content":"... ？","replyDepth":0,"type":"chat","sCharacter":{"no":0,"index":"1"},"isFirst":true,"file":""},{"content":"啊啊啊，恶魔现身了！","replyDepth":0,"type":"chat","sCharacter":{"no":"衣斐莱娜","index":"CH0305_BG"},"isFirst":true,"file":""},{"content":"咦，怎么会有这么可爱的恶魔？","replyDepth":0,"type":"chat","sCharacter":{"no":"椎名䌷","index":"CH0252_BG"},"isFirst":true,"file":""},{"content":"阿罗娜？普拉娜？","replyDepth":0,"type":"chat","sCharacter":{"no":0,"index":"1"},"isFirst":true,"file":""},{"file":"GameData/BLDA/Emoji/3zh_tw3.webp","content":"Emoji","replyDepth":0,"type":"image","sCharacter":{"no":0,"index":"1"},"isFirst":false},{"content":"什么情况？","replyDepth":0,"type":"chat","sCharacter":{"no":"0","index":"1"},"file":"","name":"","time":"","is_breaking":false,"isFirst":false,"isLeft":false,"isCenter":false,"isRight":false,"style":false},{"content":"嘿嘿嘿，没错恶魔就是我哦！","replyDepth":0,"type":"chat","sCharacter":{"no":"阿罗娜","index":"Arona_BG"},"isFirst":true,"file":""},{"file":"GameData/BLDA/CharFace/arona/12.webp","content":"CharFace","replyDepth":0,"type":"image","sCharacter":{"no":"阿罗娜","index":"Arona_BG"},"isFirst":false},{"content":"对不起，阿罗娜前辈的恶作剧给大家添麻烦了","replyDepth":0,"type":"chat","sCharacter":{"no":"普拉娜","index":"NP0035_BG"},"isFirst":true,"file":""}],"MoeTalk":"3-59"}