{"CHAT":[{"content":"阿罗娜酱你是哪个学校的呀？","replyDepth":0,"type":"chat","sCharacter":{"no":"椎名䌷","index":"CH0252_BG"},"file":"","name":"","time":"","is_breaking":false,"isFirst":true,"isLeft":false,"isCenter":false,"isRight":false,"style":false},{"content":"呃，还没有决定好去哪个学校呢~","replyDepth":0,"type":"chat","sCharacter":{"no":"阿罗娜","index":"Arona_BG"},"isFirst":true,"file":""},{"file":"GameData/BLDA/CharFace/arona/11.webp","content":"CharFace","replyDepth":0,"type":"image","sCharacter":{"no":"阿罗娜","index":"Arona_BG"},"isFirst":false},{"content":"来我们狂猎学院吧，很自由的哦！","replyDepth":0,"type":"chat","sCharacter":{"no":"椎名䌷","index":"CH0252_BG"},"isFirst":true,"file":""},{"content":"可以考虑呢！","replyDepth":0,"type":"chat","sCharacter":{"no":"阿罗娜","index":"Arona_BG"},"isFirst":true,"file":""},{"content":"你是怎么做到那个恶作剧的啊，给我吓死了都... ","replyDepth":0,"type":"chat","sCharacter":{"no":"衣斐莱娜","index":"CH0305_BG"},"isFirst":true,"file":"","name":"","time":"","is_breaking":false,"isLeft":false,"isCenter":false,"isRight":false,"style":false},{"file":"GameData/BLDA/CharFace/CH0305/8.webp","content":"CharFace","replyDepth":0,"type":"image","sCharacter":{"no":"衣斐莱娜","index":"CH0305_BG"},"isFirst":false},{"content":"唔，是用了魔法哦~","replyDepth":0,"type":"chat","sCharacter":{"no":"阿罗娜","index":"Arona_BG"},"isFirst":true,"file":""},{"file":"GameData/BLDA/CharFace/arona/13.webp","content":"CharFace","replyDepth":0,"type":"image","sCharacter":{"no":"阿罗娜","index":"Arona_BG"},"isFirst":false},{"content":"魔法！！！","replyDepth":0,"type":"chat","sCharacter":{"no":"白尾绘里","index":"CH0304_BG"},"isFirst":true,"file":""},{"file":"GameData/BLDA/CharFace/CH0304/8.webp","content":"CharFace","replyDepth":0,"type":"image","sCharacter":{"no":"白尾绘里","index":"CH0304_BG"},"isFirst":false},{"content":"请收我为徒，阿罗娜前辈！","replyDepth":0,"type":"chat","sCharacter":{"no":"白尾绘里","index":"CH0304_BG"},"isFirst":false,"file":"","name":"","time":"","is_breaking":false,"isLeft":false,"isCenter":false,"isRight":false,"style":false}],"MoeTalk":"3-62"}