{"CHAT":[{"content":"似乎和上次来变化不大呢","replyDepth":0,"type":"chat","sCharacter":{"no":0,"index":"1"}},{"content":"看来我们那次后....修女会真的封锁了小岛","replyDepth":0,"type":"chat","sCharacter":{"no":0,"index":"1"}},{"content":"毕竟这里的文物对修女会确实蛮重要的....尤其是地下遗迹部分还是之前从未发现过的构造...而她们现在的情况.....又无暇来到这种偏远海岛上考古作业，所以先封锁了这里的消息....","replyDepth":0,"type":"chat","sCharacter":{"no":"古关忧","index":"CH0204_BG"}},{"content":"（盯着忧）","replyDepth":0,"type":"chat","sCharacter":{"no":0,"index":"1"}},{"file":"GameData/BLDA/CharFace/CFID_6/CharID_112-167/21.webp","content":"CharFace","replyDepth":0,"type":"image","sCharacter":{"no":"古关忧","index":"CH0204_BG"}},{"content":"唔....只有一些SNS上看来的消息而已.....只是网络上，修女会那些讨人厌的家伙我并没有什么兴趣....","replyDepth":0,"type":"chat","sCharacter":{"no":"古关忧","index":"CH0204_BG"}},{"content":"不信，忧酱也会SNS？","replyDepth":0,"type":"chat","sCharacter":{"no":0,"index":"1"}},{"content":"啊？那是当然了...我时不时就会上线看看，包括圣三一的学院新闻之类的....","replyDepth":0,"type":"chat","sCharacter":{"no":"古关忧","index":"CH0204_BG"}},{"content":"我一直以为忧酱感兴趣的只有考古书本","replyDepth":0,"type":"chat","sCharacter":{"no":0,"index":"1"}},{"content":"毕竟忧给人的感觉似乎不太会用社交网络呢","replyDepth":0,"type":"chat","sCharacter":{"no":0,"index":"1"}},{"content":"唔...怎么把我说的和老奶奶一样....","replyDepth":0,"type":"chat","sCharacter":{"no":"古关忧","index":"CH0204_BG"}},{"file":"GameData/BLDA/CharFace/CH0204/4.webp","content":"CharFace","replyDepth":0,"type":"image","sCharacter":{"no":"古关忧","index":"CH0204_BG"}},{"content":"我只是更在意那些孩子而已.....相比于新的事物，我更想探究代表过去的秘密与历史。不过...这并不代表我拒绝使用一些潮流","replyDepth":0,"type":"chat","sCharacter":{"no":"古关忧","index":"CH0204_BG"}},{"content":"而且...网络小说我也在看哦...是叫什么修罗来着....虽然不知道为什么最近不更新了...","replyDepth":0,"type":"chat","sCharacter":{"no":"古关忧","index":"CH0204_BG"}},{"content":"再说了....我与老师的远程联系...主要也是momotalk","replyDepth":0,"type":"chat","sCharacter":{"no":"古关忧","index":"CH0204_BG"}},{"content":"忧酱的回复总是很慢嘛","replyDepth":0,"type":"chat","sCharacter":{"no":0,"index":"1"}},{"content":"唔...毕竟我在作业时总是很专注而且每次都是几个小时起步，不怎么有时间看手机....","replyDepth":0,"type":"chat","sCharacter":{"no":"古关忧","index":"CH0204_BG"}},{"content":"等等....","replyDepth":0,"type":"chat","sCharacter":{"no":"古关忧","index":"CH0204_BG"},"isFirst":false,"name":"","isLeft":true,"isCenter":false,"isRight":false,"is_breaking":false,"file":"","time":"","style":false}],"MoeTalk":"2-3"}