{"CHAT":[{"content":"诶，话说你们看见小庚了没啊？","replyDepth":0,"type":"chat","sCharacter":{"no":"0","index":"1"},"file":"","name":"","time":"","is_breaking":false,"isFirst":false,"isLeft":false,"isCenter":false,"isRight":false,"style":false},{"content":"诶？","replyDepth":0,"type":"chat","sCharacter":{"no":"衣斐莱娜","index":"CH0305_BG"},"file":"","isFirst":true},{"content":"庚前辈，刚刚还在我们身后啊","replyDepth":0,"type":"chat","sCharacter":{"no":"衣斐莱娜","index":"CH0305_BG"},"file":"","isFirst":false},{"content":"大家回头一看，刚刚还跟在大家身后的庚不见了踪影","replyDepth":0,"type":"info","sCharacter":{"no":"白尾绘里","index":"CH0304_BG"},"file":"","isFirst":true},{"content":"诶？庚前辈好像不见了诶...","replyDepth":0,"type":"chat","sCharacter":{"no":"椎名䌷","index":"CH0252_BG"},"file":"","isFirst":true},{"file":"GameData/BLDA/CharFace/CH0252/11.webp","content":"CharFace","replyDepth":0,"type":"image","sCharacter":{"no":"椎名䌷","index":"CH0252_BG"},"isFirst":false},{"content":"她去哪里了呀","replyDepth":0,"type":"chat","sCharacter":{"no":"椎名䌷","index":"CH0252_BG"},"file":"","isFirst":false},{"content":"肯定又是藏在哪准备捉弄我们吧","replyDepth":0,"type":"chat","sCharacter":{"no":"衣斐莱娜","index":"CH0305_BG"},"file":"","isFirst":true},{"file":"GameData/BLDA/CharFace/CH0305/8.webp","content":"CharFace","replyDepth":0,"type":"image","sCharacter":{"no":"衣斐莱娜","index":"CH0305_BG"},"isFirst":false},{"content":"庚前辈总喜欢搞这种恶作剧啦","replyDepth":0,"type":"chat","sCharacter":{"no":"衣斐莱娜","index":"CH0305_BG"},"file":"","isFirst":false},{"content":"“沙沙沙... ”\n草木移动的声音","replyDepth":0,"type":"info","sCharacter":{"no":0,"index":"1"},"file":"","isFirst":true},{"content":"哇啊，谁！？","replyDepth":0,"type":"chat","sCharacter":{"no":"白尾绘里","index":"CH0304_BG"},"file":"","isFirst":true},{"file":"GameData/BLDA/CharFace/CH0304/20.webp","content":"CharFace","replyDepth":0,"type":"image","sCharacter":{"no":"白尾绘里","index":"CH0304_BG"},"isFirst":false},{"content":"谁在那边！？","replyDepth":0,"type":"chat","sCharacter":{"no":"白尾绘里","index":"CH0304_BG"},"file":"","isFirst":false},{"content":"...","replyDepth":0,"type":"chat","sCharacter":{"no":"？？？","index":"Hidden_Arena"},"isFirst":true,"file":""},{"content":"上面的树丛里，好像有个人影！","replyDepth":0,"type":"chat","sCharacter":{"no":"椎名䌷","index":"CH0252_BG"},"file":"","name":"","time":"","is_breaking":false,"isFirst":true,"isLeft":false,"isCenter":false,"isRight":false,"style":false},{"file":"GameData/BLDA/CharFace/CH0252/11.webp","content":"CharFace","replyDepth":0,"type":"image","sCharacter":{"no":"椎名䌷","index":"CH0252_BG"},"isFirst":false},{"content":"哇啊，谁！？","replyDepth":0,"type":"chat","sCharacter":{"no":0,"index":"1"},"isFirst":true,"file":""}],"MoeTalk":"3-27"}