{"CHAT":[{"content":"啊...真是够了！","replyDepth":0,"type":"chat","sCharacter":{"no":"古关忧","index":"CH0169_BG"},"file":""},{"content":"（扣动扳机）","replyDepth":0,"type":"chat","sCharacter":{"no":"古关忧","index":"CH0169_BG"},"file":""},{"content":"呃啊啊——（被击倒）","replyDepth":0,"type":"chat","sCharacter":{"no":"自动机器人","index":"Automata_PMC1_BG"},"file":""},{"content":"太好了，可以再来一次了...","replyDepth":0,"type":"chat","sCharacter":{"no":0,"index":"1"},"file":""},{"content":"爱丽丝，使用光之剑，扫除他们！","replyDepth":0,"type":"chat","sCharacter":{"no":0,"index":"1"},"file":""},{"content":"就让你们见识一下我的厉害！","replyDepth":0,"type":"chat","sCharacter":{"no":"明星日鞠","index":"CH0159_BG"},"file":""},{"content":"（手指在虚拟键盘上不停敲击着）","replyDepth":0,"type":"chat","sCharacter":{"no":"明星日鞠","index":"CH0159_BG"},"isFirst":false,"name":"","isLeft":true,"isCenter":false,"isRight":false,"is_breaking":false,"file":"","time":"","style":false},{"file":"GameData/BLDA/CharFace/CH0159/9.webp","content":"CharFace","replyDepth":0,"type":"image","sCharacter":{"no":"明星日鞠","index":"CH0159_BG"}},{"content":"（在选择界面中，选中了爱丽丝）","replyDepth":0,"type":"chat","sCharacter":{"no":"明星日鞠","index":"CH0159_BG"},"file":""},{"content":"呀...吃到Buff了！","replyDepth":0,"type":"chat","sCharacter":{"no":"天童爱丽丝","index":"CH0200_BG"},"file":""},{"file":"GameData/BLDA/CharFace/CH0200/3.webp","content":"CharFace","replyDepth":0,"type":"image","sCharacter":{"no":"天童爱丽丝","index":"CH0200_BG"}},{"content":"力量提升！攻击开始！","replyDepth":0,"type":"chat","sCharacter":{"no":"天童爱丽丝","index":"CH0200_BG"},"file":""},{"content":"（“光之剑”蓄能完毕并发射）","replyDepth":0,"type":"chat","sCharacter":{"no":"天童爱丽丝","index":"CH0200_BG"},"file":""},{"content":"对面有激光炮，小心！","replyDepth":0,"type":"chat","sCharacter":{"no":"自动机器人","index":"Automata_PMC1_BG"},"file":""},{"content":"轰隆隆——\n原先有大量战斗士兵的地方直接被炸的只剩一个大洞","replyDepth":0,"type":"info","sCharacter":{"no":"自动机器人","index":"Automata_PMC1_BG"},"isFirst":false,"name":"","isLeft":false,"isCenter":true,"isRight":false,"is_breaking":false,"file":"","time":"","style":false},{"content":"邦邦咔邦，爱丽丝发动了攻击，效果拔群！","replyDepth":0,"type":"chat","sCharacter":{"no":"天童爱丽丝","index":"CH0200_BG"},"file":""},{"file":"GameData/BLDA/CharFace/CH0200/7.webp","content":"CharFace","replyDepth":0,"type":"image","sCharacter":{"no":"天童爱丽丝","index":"CH0200_BG"}},{"content":"理事...我们的兵力...正在减小！","replyDepth":0,"type":"chat","sCharacter":{"no":"custom-250916-011829","index":"custom-250916-011829"},"isFirst":false,"name":"","isLeft":true,"isCenter":false,"isRight":false,"is_breaking":false,"file":"","time":"","style":false},{"content":"我们要...撑不下去了！","replyDepth":0,"type":"chat","sCharacter":{"no":"custom-250916-011829","index":"custom-250916-011829"},"isFirst":false,"name":"","isLeft":true,"isCenter":false,"isRight":false,"is_breaking":false,"file":"","time":"","style":false},{"content":"给我顶，都给我往前顶...呃啊...","replyDepth":0,"type":"chat","sCharacter":{"no":"凯撒PMC理事","index":"NP0034_BG"},"file":""},{"content":"啊，理事...理事中弹了，理事中弹了！","replyDepth":0,"type":"chat","sCharacter":{"no":"custom-250916-011901","index":"custom-250916-011901"},"isFirst":false,"name":"","isLeft":true,"isCenter":false,"isRight":false,"is_breaking":false,"file":"","time":"","style":false},{"content":"快，快把理事护送出去！啊哈...（被打倒）","replyDepth":0,"type":"chat","sCharacter":{"no":"自动机器人","index":"Automata_PMC1_BG"},"isFirst":false,"name":"","isLeft":true,"isCenter":false,"isRight":false,"is_breaking":false,"file":"","time":"","style":false},{"content":"倒霉倒霉倒霉倒霉倒霉——","replyDepth":0,"type":"chat","sCharacter":{"no":"custom-250916-011829","index":"custom-250916-011829"},"file":""},{"content":"（顾不上理事怎么样，只是和另外一个士兵一起把他拖着跑）","replyDepth":0,"type":"chat","sCharacter":{"no":"custom-250916-011829","index":"custom-250916-011829"},"isFirst":false,"name":"","isLeft":true,"isCenter":false,"isRight":false,"is_breaking":false,"file":"","time":"","style":false},{"content":"怎么我们每次都是摊上这种事情...","replyDepth":0,"type":"chat","sCharacter":{"no":"custom-250916-011901","index":"custom-250916-011901"},"file":""},{"file":"GameData/BLDA/CharFace/Automata_PMC1/Idle_01.webp","content":"CharFace","replyDepth":0,"type":"image","sCharacter":{"no":"custom-250916-011901","index":"custom-250916-011901"}},{"content":"仅仅过了一小会...敌军几乎被消灭大半...","replyDepth":0,"type":"info","sCharacter":{"no":"舞","index":"Mai_BG"},"file":""},{"content":"各位，观察到对方正在濒临崩溃...","replyDepth":0,"type":"chat","sCharacter":{"no":"天雨亚子","index":"NP0019_BG"},"file":""},{"file":"GameData/BLDA/CharFace/ako/8.webp","content":"CharFace","replyDepth":0,"type":"image","sCharacter":{"no":"天雨亚子","index":"NP0019_BG"}},{"content":"他们似乎运气不太好","replyDepth":0,"type":"chat","sCharacter":{"no":"鬼方佳代子","index":"CH0086_BG"},"file":""},{"file":"GameData/BLDA/CharFace/CH0086/3.webp","content":"CharFace","replyDepth":0,"type":"image","sCharacter":{"no":"鬼方佳代子","index":"CH0086_BG"}},{"content":"但对我们来说会是个好兆头","replyDepth":0,"type":"chat","sCharacter":{"no":"鬼方佳代子","index":"CH0086_BG"},"file":""},{"content":"老师，系统修改完成，只需要在面板上操作一下就好了...","replyDepth":0,"type":"chat","sCharacter":{"no":"明星日鞠","index":"CH0159_BG"},"file":""},{"file":"GameData/BLDA/CharFace/CH0159/8.webp","content":"CharFace","replyDepth":0,"type":"image","sCharacter":{"no":"明星日鞠","index":"CH0159_BG"}},{"content":"哼哼，这就是超天才病弱美少女黑客的实力啊...","replyDepth":0,"type":"chat","sCharacter":{"no":"明星日鞠","index":"CH0159_BG"},"file":""},{"content":"好，让我来...","replyDepth":0,"type":"chat","sCharacter":{"no":0,"index":"1"},"file":""},{"content":"[启动终端，选择关闭钻机]","replyDepth":0,"type":"chat","sCharacter":{"no":0,"index":"1"},"file":""},{"content":"钻机的轰鸣声正在慢慢消退，到最后完全停止了运转\n大家有的松了口气，有的欢呼跃雀...至少我们觉得应该是结束了...","replyDepth":0,"type":"info","sCharacter":{"no":0,"index":"1"},"file":""},{"content":"等等...我探测到了...有不寻常的能量正在靠近你们！","replyDepth":0,"type":"chat","sCharacter":{"no":"天雨亚子","index":"NP0019_BG"},"file":""},{"file":"GameData/BLDA/CharFace/ako/5.webp","content":"CharFace","replyDepth":0,"type":"image","sCharacter":{"no":"天雨亚子","index":"NP0019_BG"}},{"content":"各位，当心！","replyDepth":0,"type":"chat","sCharacter":{"no":"天雨亚子","index":"NP0019_BG"},"file":""},{"content":"热...好热好热...","replyDepth":0,"type":"chat","sCharacter":{"no":"古关忧","index":"CH0169_BG"},"file":""},{"file":"GameData/BLDA/CharFace/CH0169/20.webp","content":"CharFace","replyDepth":0,"type":"image","sCharacter":{"no":"古关忧","index":"CH0169_BG"}},{"content":"难...难道说...“根源”还是出来了...？","replyDepth":0,"type":"chat","sCharacter":{"no":"古关忧","index":"CH0169_BG"},"file":""},{"content":"那股热浪又回来了吗...","replyDepth":0,"type":"chat","sCharacter":{"no":"鬼方佳代子","index":"CH0086_BG"},"file":""},{"file":"GameData/BLDA/CharFace/CH0086/5.webp","content":"CharFace","replyDepth":0,"type":"image","sCharacter":{"no":"鬼方佳代子","index":"CH0086_BG"}},{"content":"大家，我们还不能放松警惕！","replyDepth":0,"type":"chat","sCharacter":{"no":"鬼方佳代子","index":"CH0086_BG"},"file":""},{"content":"爱丽丝，进入主线EX篇章...","replyDepth":0,"type":"chat","sCharacter":{"no":"天童爱丽丝","index":"CH0200_BG"},"file":""},{"file":"GameData/BLDA/CharFace/CH0200/5.webp","content":"CharFace","replyDepth":0,"type":"image","sCharacter":{"no":"天童爱丽丝","index":"CH0200_BG"}},{"content":"随时准备接受挑战！","replyDepth":0,"type":"chat","sCharacter":{"no":"天童爱丽丝","index":"CH0200_BG"},"file":""},{"content":"在感受到一股强烈的热浪之后，我身旁的钻机开始剧烈抖动着...","replyDepth":0,"type":"info","sCharacter":{"no":"古关忧","index":"CH0169_BG"},"file":""},{"content":"不是，这玩意不是关掉了吗？？","replyDepth":0,"type":"chat","sCharacter":{"no":0,"index":"1"},"file":""},{"content":"老师，快离开那里！","replyDepth":0,"type":"chat","sCharacter":{"no":"早濑优香","index":"CH0184_BG"},"file":""},{"file":"GameData/BLDA/CharFace/CH0184/6.webp","content":"CharFace","replyDepth":0,"type":"image","sCharacter":{"no":"早濑优香","index":"CH0184_BG"}},{"content":"老师，这座钻机正在接受不稳定的能量讯号...快，快闪开！","replyDepth":0,"type":"chat","sCharacter":{"no":"阿罗娜","index":"Arona_BG"},"file":""},{"file":"GameData/BLDA/CharFace/arona/4.webp","content":"CharFace","replyDepth":0,"type":"image","sCharacter":{"no":"阿罗娜","index":"Arona_BG"}},{"content":"警告，侦测到不稳定能量源，立即躲避，立即躲避！","replyDepth":0,"type":"chat","sCharacter":{"no":"普拉娜","index":"NP0035_BG"},"file":""},{"file":"GameData/BLDA/CharFace/NP0035/5.webp","content":"CharFace","replyDepth":0,"type":"image","sCharacter":{"no":"普拉娜","index":"NP0035_BG"}},{"content":"大家，跟着我，快走啊！","replyDepth":0,"type":"chat","sCharacter":{"no":0,"index":"1"},"file":""},{"content":"一众人立刻远离钻机区域\n随后钻机爆炸，其产生的剧烈冲击波把还在场上的所有人都炸倒在地\n冲击波也摧毁了其附近的一些设施，还有机库","replyDepth":0,"type":"info","sCharacter":{"no":"0","index":"1"},"file":"","isFirst":false,"name":"","isLeft":false,"isCenter":true,"isRight":false,"is_breaking":false,"time":"","style":false},{"content":"呃...又来啊...","replyDepth":0,"type":"chat","sCharacter":{"no":0,"index":"1"},"file":""},{"content":"大家，都没事吧？","replyDepth":0,"type":"chat","sCharacter":{"no":"0","index":"1"},"isFirst":false,"name":"","isLeft":true,"isCenter":false,"isRight":false,"is_breaking":false,"file":"","time":"","style":false},{"content":"老师，学生们都没有受伤，您可以放心了","replyDepth":0,"type":"chat","sCharacter":{"no":"阿罗娜","index":"Arona_BG"},"file":""},{"file":"GameData/BLDA/CharFace/arona/32.webp","content":"CharFace","replyDepth":0,"type":"image","sCharacter":{"no":"阿罗娜","index":"Arona_BG"}},{"content":"等等...好，好像有不明活动迹象...","replyDepth":0,"type":"chat","sCharacter":{"no":"阿罗娜","index":"Arona_BG"},"isFirst":false,"name":"","isLeft":true,"isCenter":false,"isRight":false,"is_breaking":false,"file":"","time":"","style":false},{"file":"GameData/BLDA/CharFace/arona/28.webp","content":"CharFace","replyDepth":0,"type":"image","sCharacter":{"no":"阿罗娜","index":"Arona_BG"}},{"content":"噼里啪啦——噼里啪啦——","replyDepth":0,"type":"info","sCharacter":{"no":"普拉娜","index":"NP0035_BG"},"file":""},{"content":"检测到不明区域释放烟花...","replyDepth":0,"type":"chat","sCharacter":{"no":"普拉娜","index":"NP0035_BG"},"file":""},{"content":"...检测到有大型不明生物出现！","replyDepth":0,"type":"chat","sCharacter":{"no":"普拉娜","index":"NP0035_BG"},"isFirst":false,"name":"","isLeft":true,"isCenter":false,"isRight":false,"is_breaking":false,"file":"","time":"","style":false},{"file":"GameData/BLDA/CharFace/NP0035/5.webp","content":"CharFace","replyDepth":0,"type":"image","sCharacter":{"no":"普拉娜","index":"NP0035_BG"}},{"content":"随着烟花升起爆炸...一个巨大的充气球突然出现\n随后，一只巨大白色的老鼠从对门出现，一个跳跃站到了充气球上","replyDepth":0,"type":"info","sCharacter":{"no":"普拉娜","index":"NP0035_BG"},"file":""},{"content":"随后，从门后飞来了很多黑色乌鸦\n被黑色乌鸦簇拥着的一只大乌鸦，缓缓降落在地上","replyDepth":0,"type":"info","sCharacter":{"no":"鬼方佳代子","index":"CH0086_BG"},"file":""},{"content":"叽叽叽——","replyDepth":0,"type":"chat","sCharacter":{"no":"白","index":"Shiro_BG"},"file":""},{"content":"呱呱——","replyDepth":0,"type":"chat","sCharacter":{"no":"黑","index":"Kuro_BG"},"file":""},{"content":"什...什么！？","replyDepth":0,"type":"chat","sCharacter":{"no":0,"index":"1"},"file":""},{"content":"巨匠，你有本事给我解释一下，这到底是怎么回事！？","replyDepth":0,"type":"chat","sCharacter":{"no":"0","index":"1"},"isFirst":false,"name":"","isLeft":true,"isCenter":false,"isRight":false,"is_breaking":false,"file":"","time":"","style":false},{"content":"怎么还一次出现两个啊...这和之前我遭遇的时候不一样啊！","replyDepth":0,"type":"chat","sCharacter":{"no":0,"index":"1"},"file":""},{"content":"这便是...具有恐怖属性的...喜悦的复制品——“拟态”","replyDepth":0,"type":"chat","sCharacter":{"no":"古关忧","index":"CH0169_BG"},"isFirst":false,"name":"","isLeft":true,"isCenter":false,"isRight":false,"is_breaking":false,"file":"","time":"","style":false},{"file":"GameData/BLDA/CharFace/CH0169/15.webp","content":"CharFace","replyDepth":0,"type":"image","sCharacter":{"no":"古关忧","index":"CH0169_BG"}},{"content":"想不到...居然在这里也有它们的踪迹...","replyDepth":0,"type":"chat","sCharacter":{"no":"古关忧","index":"CH0169_BG"},"isFirst":false,"name":"","isLeft":true,"isCenter":false,"isRight":false,"is_breaking":false,"file":"","time":"","style":false},{"content":"全员准备，务必要快速解决掉它们！","replyDepth":0,"type":"chat","sCharacter":{"no":"0","index":"1"},"file":"","isFirst":false,"name":"","isLeft":true,"isCenter":false,"isRight":false,"is_breaking":false,"time":"","style":false},{"content":"老师，一定要小心！","replyDepth":0,"type":"chat","sCharacter":{"no":"阿罗娜","index":"Arona_BG"},"isFirst":false,"name":"","isLeft":false,"isCenter":true,"isRight":false,"is_breaking":false,"file":"","time":"","style":false},{"file":"GameData/BLDA/CharFace/arona/4.webp","content":"CharFace","replyDepth":0,"type":"image","sCharacter":{"no":"阿罗娜","index":"Arona_BG"}},{"content":"我和普拉娜酱，会全力协助各位的！","replyDepth":0,"type":"chat","sCharacter":{"no":"阿罗娜","index":"Arona_BG"},"file":""},{"content":"检索目标...找到符合特征的头目，其名为“白”...","replyDepth":0,"type":"chat","sCharacter":{"no":"普拉娜","index":"NP0035_BG"},"file":""},{"content":"以及她的另一个伴生“拟态”——“黑”，反常地与其同时出现","replyDepth":0,"type":"chat","sCharacter":{"no":"普拉娜","index":"NP0035_BG"},"isFirst":false,"name":"","isLeft":true,"isCenter":false,"isRight":false,"is_breaking":false,"file":"","time":"","style":false},{"file":"GameData/BLDA/CharFace/NP0035/11.webp","content":"CharFace","replyDepth":0,"type":"image","sCharacter":{"no":"普拉娜","index":"NP0035_BG"}},{"content":"老师，请一定要多加小心！","replyDepth":0,"type":"chat","sCharacter":{"no":"普拉娜","index":"NP0035_BG"},"isFirst":false,"name":"","isLeft":true,"isCenter":false,"isRight":false,"is_breaking":false,"file":"","time":"","style":false},{"content":"大家还没来得及感受疲倦，便不得不投入新一轮的战斗之中...\n而一些还还没来得及撤离的凯撒PMC士兵，也只好先和我们合作攻击黑与白","replyDepth":0,"type":"info","sCharacter":{"no":"普拉娜","index":"NP0035_BG"},"isFirst":false,"name":"","isLeft":false,"isCenter":true,"isRight":false,"is_breaking":false,"file":"","time":"","style":false},{"content":"（哒哒哒哒哒哒——）","replyDepth":0,"type":"chat","sCharacter":{"no":"早濑优香","index":"CH0184_BG"},"file":""},{"file":"GameData/BLDA/CharFace/CH0184/9.webp","content":"CharFace","replyDepth":0,"type":"image","sCharacter":{"no":"早濑优香","index":"CH0184_BG"}},{"content":"叽叽叽叽——（从身后丢出三个气球）","replyDepth":0,"type":"chat","sCharacter":{"no":"白","index":"Shiro_BG"},"file":""},{"content":"发现BOSS使用了气球炸弹！大家，快离开爆炸区域！","replyDepth":0,"type":"chat","sCharacter":{"no":"天童爱丽丝","index":"CH0200_BG"},"file":""},{"file":"GameData/BLDA/CharFace/CH0200/5.webp","content":"CharFace","replyDepth":0,"type":"image","sCharacter":{"no":"天童爱丽丝","index":"CH0200_BG"}},{"content":"小心炸弹...呃啊啊——（被炸飞）","replyDepth":0,"type":"chat","sCharacter":{"no":"自动机器人","index":"Automata_PMC1_BG"},"file":""},{"file":"GameData/BLDA/CharFace/Automata_PMC1/Idle_01.webp","content":"CharFace","replyDepth":0,"type":"image","sCharacter":{"no":"自动机器人","index":"Automata_PMC1_BG"}},{"content":"我在换弹，支援我！","replyDepth":0,"type":"chat","sCharacter":{"no":"自动机器人","index":"Automata_PMC1_BG"},"isFirst":false,"name":"","isLeft":true,"isCenter":false,"isRight":false,"is_breaking":false,"file":"","time":"","heads":{"direction":"row","list":["Automata_PMC1_BG"],"margin":"","fullHeight":false},"style":false},{"content":"这只老鼠怎么这么难打啊！","replyDepth":0,"type":"chat","sCharacter":{"no":"自动机器人","index":"Automata_PMC1_BG"},"file":""},{"content":"呱呱——呱——","replyDepth":0,"type":"chat","sCharacter":{"no":"黑","index":"Kuro_BG"},"file":""},{"content":"在黑的身边开始出现一些旋转木马椅，碰碰车和旋转茶杯座\n不过很显然，我们可不是上去玩的，而是要被它们给冲撞的...","replyDepth":0,"type":"info","sCharacter":{"no":"黑","index":"Kuro_BG"},"file":""},{"content":"叽叽叽叽——","replyDepth":0,"type":"chat","sCharacter":{"no":"白","index":"Shiro_BG"},"file":""},{"content":"而白似乎也不甘示弱，召唤出三个巨大充气球，要朝着我们这边袭来！","replyDepth":0,"type":"info","sCharacter":{"no":"白","index":"Shiro_BG"},"file":""},{"content":"什...什么啊这是...！","replyDepth":0,"type":"chat","sCharacter":{"no":"古关忧","index":"CH0169_BG"},"file":""},{"file":"GameData/BLDA/CharFace/CH0169/13.webp","content":"CharFace","replyDepth":0,"type":"image","sCharacter":{"no":"古关忧","index":"CH0169_BG"}}],"MoeTalk":"4-16"}