{"SRT":{"zh_cn":"SRT","zh_tw":"SRT","jp":"SRT","en":"SRT","kr":"SRT","pinyin":"SRT"},"阿比多斯":{"zh_cn":"阿比多斯","zh_tw":"阿拜多斯","jp":"アビドス","en":"ABYDOS","kr":"아비도스","pinyin":"abiduosi"},"阿里乌斯":{"zh_cn":"阿里乌斯","zh_tw":"阿里烏斯","jp":"アリウス","en":"ARIUS","kr":"아리우스","pinyin":"aliwusi"},"百鬼夜行":{"zh_cn":"百鬼夜行","zh_tw":"百鬼夜行","jp":"百鬼夜行","en":"HYAKKIYAKO","kr":"백귀야행","pinyin":"baiguiyexing"},"赤冬":{"zh_cn":"赤冬","zh_tw":"赤冬","jp":"レッドウィンター","en":"REDWINTER","kr":"붉은겨울","pinyin":"chidong"},"格黑娜":{"zh_cn":"格黑娜","zh_tw":"格赫娜","jp":"ゲヘナ","en":"GEHENNA","kr":"게헨나","pinyin":"geheina"},"其他":{"zh_cn":"其他","zh_tw":"其他","jp":"エキストラ","en":"EXTRA","kr":"엑스트라","pinyin":"qita"},"千年":{"zh_cn":"千年","zh_tw":"千年","jp":"ミレニアム","en":"MILLENNIUM","kr":"밀레니엄","pinyin":"qiannian"},"山海经":{"zh_cn":"山海经","zh_tw":"山海經","jp":"山海経","en":"SHANHAIJING","kr":"산해경","pinyin":"shanhaijing"},"圣三一":{"zh_cn":"圣三一","zh_tw":"聖三一","jp":"トリニティ","en":"TRINITY","kr":"트리니티","pinyin":"shengsanyi"},"瓦尔基里":{"zh_cn":"瓦尔基里","zh_tw":"瓦爾基里","jp":"ヴァルキューレ","en":"VALKYRIE","kr":"발키리","pinyin":"waerjili"},"海兰德":{"zh_cn":"海兰德","zh_tw":"海蘭德","jp":"ハイランダー","en":"HIGHLANDER","kr":"하이랜더","pinyin":"hailande"},"狂猎艺术":{"zh_cn":"狂猎艺术","zh_tw":"狂獵藝術","jp":"ワイルドハント芸術","en":"WILDHUNT","kr":"와일드헌트","pinyin":"kuanglieyishu"}}