{"CHAT":[{"content":"什么嘛，我随口一说，老师还当真了？","replyDepth":0,"type":"chat","sCharacter":{"no":0,"index":1}},{"file":"GameData/BLDA/Emoji/1zh_tw8.webp","content":"Emoji","replyDepth":0,"type":"image","sCharacter":{"no":0,"index":1}},{"content":"都来到了无人岛这么好的地方…","replyDepth":0,"type":"chat","sCharacter":{"no":"0","index":"1"},"isFirst":false,"name":"","isLeft":true,"isCenter":false,"isRight":false,"is_breaking":false,"file":"","time":"","style":false},{"content":"当然是…","replyDepth":0,"type":"chat","sCharacter":{"no":0,"index":1}},{"content":"游泳？","replyDepth":0,"type":"chat","sCharacter":{"no":"老师","index":"Sensei"}},{"content":"（摇头）","replyDepth":0,"type":"chat","sCharacter":{"no":0,"index":1}},{"content":"打西瓜？","replyDepth":0,"type":"chat","sCharacter":{"no":"老师","index":"Sensei"}},{"content":"哪来的西瓜","replyDepth":0,"type":"chat","sCharacter":{"no":0,"index":1}},{"content":"那你说是什么","replyDepth":0,"type":"chat","sCharacter":{"no":"老师","index":"Sensei"}},{"content":"当然是…","replyDepth":0,"type":"chat","sCharacter":{"no":0,"index":1}},{"content":"想办法恶作剧整蛊落单的人了！","replyDepth":0,"type":"chat","sCharacter":{"no":0,"index":1}},{"content":"诶…要整蛊阿露大人吗…","replyDepth":0,"type":"chat","sCharacter":{"no":"伊草遥香","index":"Haruka_BG"}},{"file":"GameData/BLDA/Emoji/1zh_tw7.webp","content":"Emoji","replyDepth":0,"type":"image","sCharacter":{"no":"伊草遥香","index":"Haruka_BG"}},{"content":"小春香不喜欢的话就算喽","replyDepth":0,"type":"chat","sCharacter":{"no":0,"index":1}},{"content":"一起来吧，不会太过分的","replyDepth":0,"type":"chat","sCharacter":{"no":"老师","index":"Sensei"}},{"content":"老师既然都这么说了…","replyDepth":0,"type":"chat","sCharacter":{"no":"伊草遥香","index":"Haruka_BG"}},{"file":"GameData/BLDA/CharFace/haruka/9.webp","content":"CharFace","replyDepth":0,"type":"image","sCharacter":{"no":"伊草遥香","index":"Haruka_BG"}},{"content":"那就来吧…","replyDepth":0,"type":"chat","sCharacter":{"no":"伊草遥香","index":"Haruka_BG"}},{"content":"我怎么有一种不祥的预感…","replyDepth":0,"type":"chat","sCharacter":{"no":"老师","index":"Sensei"}},{"content":"晚上","replyDepth":0,"type":"info","sCharacter":{"no":"老师","index":"Sensei"}},{"content":"夜幕降临后的森林，是想象力中的“鬼怪”的绝对领地","replyDepth":0,"type":"info","sCharacter":{"no":"老师","index":"Sensei"}},{"content":"无“人”的森林会惩罚每一个因此轻视它的人","replyDepth":0,"type":"info","sCharacter":{"no":"老师","index":"Sensei"}},{"content":"眼前的灌木丛出现了窸窸窣窣的声音","replyDepth":0,"type":"info","sCharacter":{"no":"老师","index":"Sensei"}},{"content":"在树林里等待的我，终于看到了目标","replyDepth":0,"type":"info","sCharacter":{"no":"老师","index":"Sensei"}},{"content":"老师他们怎么还没回来啊…","replyDepth":0,"type":"chat","sCharacter":{"no":"陆八魔阿露","index":"Aru_BG"}},{"content":"找找吧…","replyDepth":0,"type":"chat","sCharacter":{"no":"鬼方佳代子","index":"Kayoko_BG"}},{"content":"可能玩着玩着迷路了","replyDepth":0,"type":"chat","sCharacter":{"no":"鬼方佳代子","index":"Kayoko_BG"}},{"content":"（嘿嘿）","replyDepth":0,"type":"chat","sCharacter":{"no":0,"index":1}},{"content":"我偷偷跟在两人身后，不时弄出一点动静","replyDepth":0,"type":"info","sCharacter":{"no":0,"index":1}},{"content":"（哒哒）","replyDepth":0,"type":"chat","sCharacter":{"no":0,"index":1}},{"content":"那个…佳代子…","replyDepth":0,"type":"chat","sCharacter":{"no":"陆八魔阿露","index":"Aru_BG"}},{"content":"你有没有听到什么脚步声…","replyDepth":0,"type":"chat","sCharacter":{"no":"陆八魔阿露","index":"Aru_BG"}},{"content":"荒山野岭的…哪来什么脚步声…","replyDepth":0,"type":"chat","sCharacter":{"no":"鬼方佳代子","index":"Kayoko_BG"}},{"content":"我看你就是…","replyDepth":0,"type":"chat","sCharacter":{"no":"鬼方佳代子","index":"Kayoko_BG"}},{"content":"（跳出）","replyDepth":0,"type":"info","sCharacter":{"no":"鬼方佳代子","index":"Kayoko_BG"}},{"file":"GameData/BLDA/CharFace/aru/11.webp","content":"CharFace","replyDepth":0,"type":"image","sCharacter":{"no":"陆八魔阿露","index":"Aru_BG"}},{"file":"GameData/BLDA/CharFace/kayoko/4.webp","content":"CharFace","replyDepth":0,"type":"image","sCharacter":{"no":"鬼方佳代子","index":"Kayoko_BG"}},{"content":"鬼……！有鬼啊……！","replyDepth":0,"type":"chat","sCharacter":{"no":"陆八魔阿露","index":"Aru_BG"}},{"content":"阿露果然一下就躲到了佳代子酱身后呢","replyDepth":0,"type":"info","sCharacter":{"no":"陆八魔阿露","index":"Aru_BG"}},{"content":"不过能看见佳代子酱被吓到的表情也真是不错捏","replyDepth":0,"type":"info","sCharacter":{"no":"陆八魔阿露","index":"Aru_BG"}},{"content":"哈哈哈哈哈哈哈哈","replyDepth":0,"type":"chat","sCharacter":{"no":0,"index":1}},{"content":"太好笑了吧","replyDepth":0,"type":"chat","sCharacter":{"no":0,"index":1}},{"file":"GameData/BLDA/Emoji/1zh_tw8.webp","content":"Emoji","replyDepth":0,"type":"image","sCharacter":{"no":0,"index":1}},{"content":"你们两个人在干什么呢","replyDepth":0,"type":"chat","sCharacter":{"no":0,"index":1}},{"content":"诶……是睦月吗…","replyDepth":0,"type":"chat","sCharacter":{"no":"陆八魔阿露","index":"Aru_BG"}},{"file":"GameData/BLDA/CharFace/aru/4.webp","content":"CharFace","replyDepth":0,"type":"image","sCharacter":{"no":"陆八魔阿露","index":"Aru_BG"}},{"content":"啊……哈哈哈哈哈…","replyDepth":0,"type":"chat","sCharacter":{"no":"陆八魔阿露","index":"Aru_BG"}},{"content":"开………什么玩笑…","replyDepth":0,"type":"chat","sCharacter":{"no":"陆八魔阿露","index":"Aru_BG"}},{"content":"我才没有……被吓到呢…","replyDepth":0,"type":"chat","sCharacter":{"no":"陆八魔阿露","index":"Aru_BG"}},{"file":"GameData/BLDA/CharFace/kayoko/6.webp","content":"CharFace","replyDepth":0,"type":"image","sCharacter":{"no":"鬼方佳代子","index":"Kayoko_BG"}},{"content":"能不能不要开这种无聊的玩…","replyDepth":0,"type":"chat","sCharacter":{"no":"鬼方佳代子","index":"Kayoko_BG"}},{"content":"“啊——”","replyDepth":0,"type":"info","sCharacter":{"no":"鬼方佳代子","index":"Kayoko_BG"}},{"content":"出乎所有人的意料，一声惊栗的尖叫突然响彻林间","replyDepth":0,"type":"info","sCharacter":{"no":"鬼方佳代子","index":"Kayoko_BG"}},{"content":"那个…","replyDepth":0,"type":"chat","sCharacter":{"no":0,"index":1}},{"content":"佳代子酱…","replyDepth":0,"type":"chat","sCharacter":{"no":0,"index":1}},{"content":"是你吗…？","replyDepth":0,"type":"chat","sCharacter":{"no":0,"index":1}},{"content":"是…","replyDepth":0,"type":"chat","sCharacter":{"no":"鬼方佳代子","index":"Kayoko_BG"}},{"content":"是春香！","replyDepth":0,"type":"chat","sCharacter":{"no":"陆八魔阿露","index":"Aru_BG"}},{"content":"我们循声赶到了春香的身边，我们到的时候，老师已经先一步到了","replyDepth":0,"type":"info","sCharacter":{"no":"陆八魔阿露","index":"Aru_BG"}},{"content":"春香就这样在老师的怀里颤抖着，像受惊的小猫","replyDepth":0,"type":"info","sCharacter":{"no":"陆八魔阿露","index":"Aru_BG"}},{"content":"小春香…","replyDepth":0,"type":"chat","sCharacter":{"no":0,"index":1}},{"content":"老师，发生什么了","replyDepth":0,"type":"chat","sCharacter":{"no":0,"index":1}},{"content":"我也不清楚…本来我是按你说的埋伏在海边…","replyDepth":0,"type":"chat","sCharacter":{"no":"老师","index":"Sensei"}},{"content":"听见春香的叫声我就赶过来了","replyDepth":0,"type":"chat","sCharacter":{"no":"老师","index":"Sensei"}},{"content":"有…有……有有有有鬼啊——！","replyDepth":0,"type":"chat","sCharacter":{"no":"伊草遥香","index":"Haruka_BG"}},{"content":"冷静一点…春香…","replyDepth":0,"type":"chat","sCharacter":{"no":"老师","index":"Sensei"}},{"content":"说说你到底看见什么了…","replyDepth":0,"type":"chat","sCharacter":{"no":"老师","index":"Sensei"}},{"content":"春香抓着老师衣袖的手更用力了","replyDepth":0,"type":"info","sCharacter":{"no":"老师","index":"Sensei"}},{"content":"指尖有些发白，在昏暗的森林里和她泛白的脸色一起构成了诡异的画面","replyDepth":0,"type":"info","sCharacter":{"no":"老师","index":"Sensei"}},{"content":"刚才…有一个发红色光的光团…","replyDepth":0,"type":"chat","sCharacter":{"no":"伊草遥香","index":"Haruka_BG"}},{"content":"就往那个位置去了…","replyDepth":0,"type":"chat","sCharacter":{"no":"伊草遥香","index":"Haruka_BG"}},{"content":"春香手指向森林深处","replyDepth":0,"type":"info","sCharacter":{"no":"伊草遥香","index":"Haruka_BG"}},{"content":"所有人的脸色也都因为她说的话而变得有些难看","replyDepth":0,"type":"info","sCharacter":{"no":"伊草遥香","index":"Haruka_BG"}},{"content":"啊……哈哈","replyDepth":0,"type":"chat","sCharacter":{"no":0,"index":1}},{"content":"别自己吓自己了…","replyDepth":0,"type":"chat","sCharacter":{"no":0,"index":1}},{"content":"就…就是…","replyDepth":0,"type":"chat","sCharacter":{"no":"陆八魔阿露","index":"Aru_BG"}},{"content":"说不定是萤火虫呢…","replyDepth":0,"type":"chat","sCharacter":{"no":"陆八魔阿露","index":"Aru_BG"}},{"file":"GameData/BLDA/CharFace/aru/4.webp","content":"CharFace","replyDepth":0,"type":"image","sCharacter":{"no":"陆八魔阿露","index":"Aru_BG"}},{"content":"哪有萤火虫发红光的呀…","replyDepth":0,"type":"chat","sCharacter":{"no":0,"index":1}},{"content":"大家先回帐篷那边吧","replyDepth":0,"type":"chat","sCharacter":{"no":"鬼方佳代子","index":"Kayoko_BG"}},{"content":"春香…哪里受伤了吗","replyDepth":0,"type":"chat","sCharacter":{"no":"老师","index":"Sensei"}},{"content":"没有…还好我倒在草地上…","replyDepth":0,"type":"chat","sCharacter":{"no":"伊草遥香","index":"Haruka_BG"}},{"content":"我背你回去吧…","replyDepth":0,"type":"chat","sCharacter":{"no":"老师","index":"Sensei"}},{"content":"……","replyDepth":0,"type":"chat","sCharacter":{"no":0,"index":1}},{"file":"GameData/BLDA/CharFace/mutsuki/5.webp","content":"CharFace","replyDepth":0,"type":"image","sCharacter":{"no":"0","index":"1"},"isFirst":false,"name":"","isLeft":false,"isCenter":false,"isRight":true,"is_breaking":false,"time":"","style":false},{"content":"睦月…？","replyDepth":0,"type":"chat","sCharacter":{"no":"鬼方佳代子","index":"Kayoko_BG"}},{"content":"没事…快回去吧…","replyDepth":0,"type":"chat","sCharacter":{"no":"0","index":"1"},"isFirst":false,"name":"","isLeft":true,"isCenter":false,"isRight":false,"is_breaking":false,"file":"","time":"","style":false}],"MoeTalk":"6-6"}