{"CHAT":[{"content":"我这边也没有任何发现...","replyDepth":0,"type":"chat","sCharacter":{"no":"鬼方佳代子","index":"CH0086_BG"},"isFirst":false,"name":"","isLeft":true,"isCenter":false,"isRight":false,"is_breaking":false,"file":"","time":"","style":false},{"file":"GameData/BLDA/CharFace/CH0086/7.webp","content":"CharFace","replyDepth":0,"type":"image","sCharacter":{"no":"鬼方佳代子","index":"CH0086_BG"}},{"content":"亚子，日鞠...这到底是怎么回事？","replyDepth":0,"type":"chat","sCharacter":{"no":"早濑优香","index":"CH0184_BG"},"file":""},{"file":"GameData/BLDA/CharFace/CH0184/6.webp","content":"CharFace","replyDepth":0,"type":"image","sCharacter":{"no":"早濑优香","index":"CH0184_BG"}},{"file":"GameData/BLDA/CharFace/ako/6.webp","content":"CharFace","replyDepth":0,"type":"image","sCharacter":{"no":"天雨亚子","index":"NP0019_BG"}},{"content":"我和老师，发现了如何前往那个游乐场的方法...","replyDepth":0,"type":"chat","sCharacter":{"no":"明星日鞠","index":"CH0159_BG"},"isFirst":false,"name":"","isLeft":true,"isCenter":false,"isRight":false,"is_breaking":false,"file":"","time":"","style":false},{"content":"但是越往里走，信号屏蔽的程度就越强...","replyDepth":0,"type":"chat","sCharacter":{"no":"明星日鞠","index":"CH0159_BG"},"isFirst":false,"name":"","isLeft":true,"isCenter":false,"isRight":false,"is_breaking":false,"file":"","time":"","style":false},{"content":"关于这一点，我想你们在前面也有见识过...","replyDepth":0,"type":"chat","sCharacter":{"no":"明星日鞠","index":"CH0159_BG"},"isFirst":false,"name":"","isLeft":true,"isCenter":false,"isRight":false,"is_breaking":false,"file":"","time":"","style":false},{"content":"然后我们刚把谜题解出来打开密码门的时候，AMAS无人机便报告受到射弹损伤...","replyDepth":0,"type":"chat","sCharacter":{"no":"明星日鞠","index":"CH0159_BG"},"isFirst":false,"name":"","isLeft":true,"isCenter":false,"isRight":false,"is_breaking":false,"file":"","time":"","style":false},{"content":"随后AMAS无人机的信号就消失了，我不得不花时间进行系统重启","replyDepth":0,"type":"chat","sCharacter":{"no":"明星日鞠","index":"CH0159_BG"},"file":""},{"content":"等我调试好并重启AMAS的时候，AMAS无人机已经探测不到老师的信号了...","replyDepth":0,"type":"chat","sCharacter":{"no":"明星日鞠","index":"CH0159_BG"},"isFirst":false,"name":"","isLeft":true,"isCenter":false,"isRight":false,"is_breaking":false,"file":"","time":"","style":false},{"file":"GameData/BLDA/CharFace/CH0159/12.webp","content":"CharFace","replyDepth":0,"type":"image","sCharacter":{"no":"明星日鞠","index":"CH0159_BG"}},{"content":"老师信号最后一次出现的位置，是在那个密码门入口往前三百米的地方...","replyDepth":0,"type":"chat","sCharacter":{"no":"明星日鞠","index":"CH0159_BG"},"isFirst":false,"name":"","isLeft":true,"isCenter":false,"isRight":false,"is_breaking":false,"file":"","time":"","style":false},{"content":"可恶，我堂堂超天才病弱美少女黑客，竟然会犯下这种低级错误...","replyDepth":0,"type":"chat","sCharacter":{"no":"明星日鞠","index":"CH0159_BG"},"isFirst":false,"name":"","isLeft":true,"isCenter":false,"isRight":false,"is_breaking":false,"file":"","time":"","style":false},{"content":"并且，我们通过AMAS无人机截获了老师信号消失之前的通话","replyDepth":0,"type":"chat","sCharacter":{"no":"天雨亚子","index":"NP0019_BG"},"isFirst":false,"name":"","isLeft":true,"isCenter":false,"isRight":false,"is_breaking":false,"file":"","time":"","style":false},{"file":"GameData/BLDA/CharFace/ako/9.webp","content":"CharFace","replyDepth":0,"type":"image","sCharacter":{"no":"天雨亚子","index":"NP0019_BG"},"isFirst":false,"name":"","isLeft":true,"isCenter":false,"isRight":false,"is_breaking":false,"time":"","style":false},{"content":"（播放了先前截获的通话内容）","replyDepth":0,"type":"chat","sCharacter":{"no":"天雨亚子","index":"NP0019_BG"},"file":""},{"content":"大家在听完通话后，都面露难色","replyDepth":0,"type":"info","sCharacter":{"no":"鬼方佳代子","index":"CH0086_BG"},"file":""},{"file":"GameData/BLDA/CharFace/CH0086/6.webp","content":"CharFace","replyDepth":0,"type":"image","sCharacter":{"no":"鬼方佳代子","index":"CH0086_BG"}},{"content":"凯撒他们，到底有什么目的？","replyDepth":0,"type":"chat","sCharacter":{"no":"早濑优香","index":"CH0184_BG"},"file":""},{"file":"GameData/BLDA/CharFace/CH0184/9.webp","content":"CharFace","replyDepth":0,"type":"image","sCharacter":{"no":"早濑优香","index":"CH0184_BG"}},{"content":"根据我和日鞠二人的提取和总结来看...","replyDepth":0,"type":"chat","sCharacter":{"no":"天雨亚子","index":"NP0019_BG"},"file":""},{"file":"GameData/BLDA/CharFace/ako/9.webp","content":"CharFace","replyDepth":0,"type":"image","sCharacter":{"no":"天雨亚子","index":"NP0019_BG"},"isFirst":false,"name":"","isLeft":true,"isCenter":false,"isRight":false,"is_breaking":false,"time":"","style":false},{"content":"可以肯定的是，凯撒PMC方面已经将老师绑架至其基地处","replyDepth":0,"type":"chat","sCharacter":{"no":"天雨亚子","index":"NP0019_BG"},"file":""},{"content":"而其基地的位置，正是在那个游乐场内部...","replyDepth":0,"type":"chat","sCharacter":{"no":"天雨亚子","index":"NP0019_BG"},"isFirst":false,"name":"","isLeft":true,"isCenter":false,"isRight":false,"is_breaking":false,"file":"","time":"","style":false},{"content":"而凯撒PMC出现的原因，是要挖出这座岛下面的矿脉...","replyDepth":0,"type":"chat","sCharacter":{"no":"天雨亚子","index":"NP0019_BG"},"isFirst":false,"name":"","isLeft":true,"isCenter":false,"isRight":false,"is_breaking":false,"file":"","time":"","style":false},{"content":"这不仅是对联邦学生会的公然挑衅，而且还会破坏了这座岛的环境","replyDepth":0,"type":"chat","sCharacter":{"no":"天雨亚子","index":"NP0019_BG"},"isFirst":false,"name":"","isLeft":true,"isCenter":false,"isRight":false,"is_breaking":false,"file":"","time":"","style":false},{"content":"各位，时间紧迫...我们必须立刻行动，解救老师！","replyDepth":0,"type":"chat","sCharacter":{"no":"明星日鞠","index":"CH0159_BG"},"file":""},{"file":"GameData/BLDA/CharFace/CH0159/11.webp","content":"CharFace","replyDepth":0,"type":"image","sCharacter":{"no":"明星日鞠","index":"CH0159_BG"}},{"content":"不过各位，在进入敌方势力范围之后，务必要多加小心","replyDepth":0,"type":"chat","sCharacter":{"no":"天雨亚子","index":"NP0019_BG"},"file":""},{"content":"由于EMP的干扰强度上升，恐怕我们的通讯将会变得异常困难","replyDepth":0,"type":"chat","sCharacter":{"no":"天雨亚子","index":"NP0019_BG"},"isFirst":false,"name":"","isLeft":true,"isCenter":false,"isRight":false,"is_breaking":false,"file":"","time":"","style":false},{"content":"倘若你们能阻止EMP的进一步释放，我们就能迅速重定向老师的所在位置！","replyDepth":0,"type":"chat","sCharacter":{"no":"天雨亚子","index":"NP0019_BG"},"file":""},{"file":"GameData/BLDA/CharFace/ako/5.webp","content":"CharFace","replyDepth":0,"type":"image","sCharacter":{"no":"天雨亚子","index":"NP0019_BG"}},{"content":"那事不宜迟，我们现在就出发吧","replyDepth":0,"type":"chat","sCharacter":{"no":"鬼方佳代子","index":"CH0086_BG"},"isFirst":false,"name":"","isLeft":true,"isCenter":false,"isRight":false,"is_breaking":false,"file":"","time":"","style":false},{"file":"GameData/BLDA/CharFace/CH0086/5.webp","content":"CharFace","replyDepth":0,"type":"image","sCharacter":{"no":"鬼方佳代子","index":"CH0086_BG"}},{"content":"大家都检查好自己手中的武器！","replyDepth":0,"type":"chat","sCharacter":{"no":"鬼方佳代子","index":"CH0086_BG"},"file":""},{"content":"勇者爱丽丝，准备完毕！","replyDepth":0,"type":"chat","sCharacter":{"no":"天童爱丽丝","index":"CH0200_BG"},"file":""},{"content":"（冲锋枪换弹并上膛）","replyDepth":0,"type":"chat","sCharacter":{"no":"早濑优香","index":"CH0184_BG"},"isFirst":false,"name":"","isLeft":true,"isCenter":false,"isRight":false,"is_breaking":false,"file":"","time":"","style":false},{"content":"各位，务必要时刻都在一起！","replyDepth":0,"type":"chat","sCharacter":{"no":"早濑优香","index":"CH0184_BG"},"file":""},{"file":"GameData/BLDA/CharFace/CH0184/5.webp","content":"CharFace","replyDepth":0,"type":"image","sCharacter":{"no":"早濑优香","index":"CH0184_BG"}},{"content":"在大家通过AMAS无人机投影的地图重新确认了方位后，便立马出发了...\n路上，忧迅速翻阅完一本古籍，神情严肃","replyDepth":0,"type":"info","sCharacter":{"no":"早濑优香","index":"CH0184_BG"},"isFirst":false,"name":"","isLeft":false,"isCenter":true,"isRight":false,"is_breaking":false,"file":"","time":"","style":false},{"file":"GameData/BLDA/CharFace/CH0169/15.webp","content":"CharFace","replyDepth":0,"type":"image","sCharacter":{"no":"古关忧","index":"CH0169_BG"}},{"content":"那个游乐场...会有事情发生...","replyDepth":0,"type":"chat","sCharacter":{"no":"古关忧","index":"CH0169_BG"},"file":""},{"content":"凯撒的人...正在亵渎这座岛屿，他们...惹怒了守护着岛屿的“根本”...","replyDepth":0,"type":"chat","sCharacter":{"no":"古关忧","index":"CH0169_BG"},"isFirst":false,"name":"","isLeft":true,"isCenter":false,"isRight":false,"is_breaking":false,"file":"","time":"","style":false},{"content":"忧同学，怎么了吗？","replyDepth":0,"type":"chat","sCharacter":{"no":"早濑优香","index":"CH0184_BG"},"file":""},{"file":"GameData/BLDA/CharFace/CH0184/2.webp","content":"CharFace","replyDepth":0,"type":"image","sCharacter":{"no":"早濑优香","index":"CH0184_BG"}},{"content":"那个游乐场，是会有什么不好的情况发生吗？","replyDepth":0,"type":"chat","sCharacter":{"no":"早濑优香","index":"CH0184_BG"},"isFirst":false,"name":"","isLeft":true,"isCenter":false,"isRight":false,"is_breaking":false,"file":"","time":"","style":false},{"content":"倘若...不及时阻止...“根源”就会...将内部的情感复制出来...","replyDepth":0,"type":"chat","sCharacter":{"no":"古关忧","index":"CH0169_BG"},"isFirst":false,"name":"","isLeft":true,"isCenter":false,"isRight":false,"is_breaking":false,"file":"","time":"","style":false},{"content":"到时候“拟态”...会清扫每一个...胆敢阻碍它的人，无论其是否亵渎了它...","replyDepth":0,"type":"chat","sCharacter":{"no":"古关忧","index":"CH0169_BG"},"isFirst":false,"name":"","isLeft":true,"isCenter":false,"isRight":false,"is_breaking":false,"file":"","time":"","style":false},{"file":"GameData/BLDA/CharFace/CH0169/19.webp","content":"CharFace","replyDepth":0,"type":"image","sCharacter":{"no":"古关忧","index":"CH0169_BG"}},{"content":"这到底是什么意思？","replyDepth":0,"type":"chat","sCharacter":{"no":"早濑优香","index":"CH0184_BG"},"file":""},{"file":"GameData/BLDA/CharFace/CH0184/6.webp","content":"CharFace","replyDepth":0,"type":"image","sCharacter":{"no":"早濑优香","index":"CH0184_BG"}},{"content":"爱丽丝，可以理解伙伴忧的话","replyDepth":0,"type":"chat","sCharacter":{"no":"天童爱丽丝","index":"CH0200_BG"},"isFirst":false,"name":"","isLeft":true,"isCenter":false,"isRight":false,"is_breaking":false,"file":"","time":"","style":false},{"content":"如果不在进度条彻底结束之前阻止敌人...","replyDepth":0,"type":"chat","sCharacter":{"no":"天童爱丽丝","index":"CH0200_BG"},"file":""},{"content":"这座岛的大BOSS就会出现，进而伤害所有人！","replyDepth":0,"type":"chat","sCharacter":{"no":"天童爱丽丝","index":"CH0200_BG"},"isFirst":false,"name":"","isLeft":true,"isCenter":false,"isRight":false,"is_breaking":false,"file":"","time":"","style":false},{"file":"GameData/BLDA/CharFace/CH0200/5.webp","content":"CharFace","replyDepth":0,"type":"image","sCharacter":{"no":"天童爱丽丝","index":"CH0200_BG"}},{"content":"必须在大BOSS出现之前，阻止敌人，救出老师！","replyDepth":0,"type":"chat","sCharacter":{"no":"天童爱丽丝","index":"CH0200_BG"},"file":""},{"content":"爱丽丝，开启全力加速模式，目标敌方大本营，行动！","replyDepth":0,"type":"chat","sCharacter":{"no":"天童爱丽丝","index":"CH0200_BG"},"isFirst":false,"name":"","isLeft":true,"isCenter":false,"isRight":false,"is_breaking":false,"file":"","time":"","style":false},{"content":"呀，爱丽丝酱，别跑那么快啦！","replyDepth":0,"type":"chat","sCharacter":{"no":"早濑优香","index":"CH0184_BG"},"isFirst":false,"name":"","isLeft":true,"isCenter":false,"isRight":false,"is_breaking":false,"file":"","time":"","style":false},{"file":"GameData/BLDA/CharFace/CH0184/6.webp","content":"CharFace","replyDepth":0,"type":"image","sCharacter":{"no":"早濑优香","index":"CH0184_BG"}},{"content":"我不知道我过了多久才醒过来...\n反正在我重新睁开双眼之后，发现自己处在一间昏暗的牢房内...\n身上的东西毫无疑问都被收缴了，不过至少没给我上手铐脚镣啥的","replyDepth":0,"type":"info","sCharacter":{"no":"早濑优香","index":"CH0184_BG"},"isFirst":false,"name":"","isLeft":false,"isCenter":true,"isRight":false,"is_breaking":false,"file":"","time":"","style":false},{"content":"呵呵呵，你可算是醒了，夏莱的老师...","replyDepth":0,"type":"chat","sCharacter":{"no":"凯撒PMC理事","index":"NP0034_BG"},"file":""},{"file":"GameData/BLDA/CharFace/NP0034/Idle_01.webp","content":"CharFace","replyDepth":0,"type":"image","sCharacter":{"no":"凯撒PMC理事","index":"NP0034_BG"}},{"content":"没想到吧，有一天你居然会在我的手上","replyDepth":0,"type":"chat","sCharacter":{"no":"凯撒PMC理事","index":"NP0034_BG"},"file":""},{"content":"啊对的对的对的，那咋了？","replyDepth":0,"type":"chat","sCharacter":{"no":"0","index":"1"},"isFirst":false,"name":"","isLeft":true,"isCenter":false,"isRight":false,"is_breaking":false,"file":"","time":"","style":false},{"content":"所以你找我又想干嘛？","replyDepth":0,"type":"chat","sCharacter":{"no":"0","index":"1"},"isFirst":false,"name":"","isLeft":true,"isCenter":false,"isRight":false,"is_breaking":false,"file":"","time":"","style":false},{"content":"说话给我放尊重点，现在你才是那个囚犯！","replyDepth":0,"type":"chat","sCharacter":{"no":"凯撒PMC理事","index":"NP0034_BG"},"isFirst":false,"name":"","isLeft":true,"isCenter":false,"isRight":false,"is_breaking":false,"file":"","time":"","style":false},{"content":"要不是你带着那帮小破孩来坏我的好事...","replyDepth":0,"type":"chat","sCharacter":{"no":"凯撒PMC理事","index":"NP0034_BG"},"file":""},{"content":"我们本来，还能正常做生意的，至少是井水不犯河水","replyDepth":0,"type":"chat","sCharacter":{"no":"凯撒PMC理事","index":"NP0034_BG"},"file":""},{"content":"你们凯撒集团犯的事情还少吗，需要我再给您说一遍吗，理事...","replyDepth":0,"type":"chat","sCharacter":{"no":0,"index":"1"},"file":""},{"content":"住口，我才不想听那些过时的破事！","replyDepth":0,"type":"chat","sCharacter":{"no":"凯撒PMC理事","index":"NP0034_BG"},"isFirst":false,"name":"","isLeft":true,"isCenter":false,"isRight":false,"is_breaking":false,"file":"","time":"","style":false},{"content":"在这里，可没其他人能救得了你！","replyDepth":0,"type":"chat","sCharacter":{"no":"凯撒PMC理事","index":"NP0034_BG"},"isFirst":false,"name":"","isLeft":true,"isCenter":false,"isRight":false,"is_breaking":false,"file":"","time":"","style":false},{"content":"因为没有人知道我们的基地在哪里，没有人！","replyDepth":0,"type":"chat","sCharacter":{"no":"凯撒PMC理事","index":"NP0034_BG"},"isFirst":false,"name":"","isLeft":true,"isCenter":false,"isRight":false,"is_breaking":false,"file":"","time":"","style":false},{"content":"哦，那确实没人知道哦...","replyDepth":0,"type":"chat","sCharacter":{"no":0,"index":"1"},"file":""},{"content":"（真的没有吗，那你觉得“没有”就没有吧）","replyDepth":0,"type":"chat","sCharacter":{"no":0,"index":"1"},"file":""},{"content":"除了我们登陆的那片沙滩，就没有其他路可以通往那个游乐场","replyDepth":0,"type":"chat","sCharacter":{"no":"凯撒PMC理事","index":"NP0034_BG"},"file":""},{"content":"本来我还以为就只有一个破游乐场，没想到后来还发现了那个破度假村","replyDepth":0,"type":"chat","sCharacter":{"no":"凯撒PMC理事","index":"NP0034_BG"},"file":""},{"content":"但那才不关我事呢，这里的矿脉才是我值得在乎的东西","replyDepth":0,"type":"chat","sCharacter":{"no":"凯撒PMC理事","index":"NP0034_BG"},"file":""},{"content":"有了矿脉里的资源...别说那个破度假村，这座岛的的去留都是我一个人说的算！","replyDepth":0,"type":"chat","sCharacter":{"no":"凯撒PMC理事","index":"NP0034_BG"},"isFirst":false,"name":"","isLeft":true,"isCenter":false,"isRight":false,"is_breaking":false,"file":"","time":"","style":false},{"file":"GameData/BLDA/CharFace/NP0034/Idle_01.webp","content":"CharFace","replyDepth":0,"type":"image","sCharacter":{"no":"凯撒PMC理事","index":"NP0034_BG"}},{"content":"呃呃，都不说你是非法占地了，你这样大肆破坏环境，难道就不会觉得...","replyDepth":0,"type":"chat","sCharacter":{"no":0,"index":"1"},"file":""},{"content":"哦不是，你这样的家伙，是不可能存在有同理心这种东西的","replyDepth":0,"type":"chat","sCharacter":{"no":0,"index":"1"},"file":""},{"content":"行了行了，你那些陈词滥调我已经听过很多遍了","replyDepth":0,"type":"chat","sCharacter":{"no":"凯撒PMC理事","index":"NP0034_BG"},"file":""},{"content":"赚钱获利，才是我要考虑的事情","replyDepth":0,"type":"chat","sCharacter":{"no":"凯撒PMC理事","index":"NP0034_BG"},"file":""},{"content":"现在，好好享受你的牢狱时光吧！","replyDepth":0,"type":"chat","sCharacter":{"no":"凯撒PMC理事","index":"NP0034_BG"},"file":""},{"content":"护卫，给我看紧他！别辜负我对你的信任...","replyDepth":0,"type":"chat","sCharacter":{"no":"凯撒PMC理事","index":"NP0034_BG"},"file":""},{"content":"理事就这样离开了牢房区\n之后其中一位PMC士兵过来了，应该是负责看守我的守卫\n一开始，这个守卫还是挺恪尽职守的...","replyDepth":0,"type":"info","sCharacter":{"no":"凯撒PMC理事","index":"NP0034_BG"},"isFirst":false,"name":"","isLeft":false,"isCenter":true,"isRight":false,"is_breaking":false,"file":"","time":"","style":false},{"content":"你是绝对不可能逃出这里，赶紧死了出去的心吧！","replyDepth":0,"type":"chat","sCharacter":{"no":"自动机器人","index":"Automata_PMC1_BG"},"isFirst":false,"name":"","isLeft":true,"isCenter":false,"isRight":false,"is_breaking":false,"file":"","time":"","style":false},{"content":"我可是理事亲自指派过来的，他甚至还把重要的钥匙都交给了我！","replyDepth":0,"type":"chat","sCharacter":{"no":"自动机器人","index":"Automata_PMC1_BG"},"isFirst":false,"name":"","isLeft":true,"isCenter":false,"isRight":false,"is_breaking":false,"file":"","time":"","style":false},{"content":"好了好了，知道了知道了...","replyDepth":0,"type":"chat","sCharacter":{"no":0,"index":"1"},"file":""},{"content":"（话说这地方是临时建的吧，连个监控都没有...）","replyDepth":0,"type":"chat","sCharacter":{"no":"0","index":"1"},"isFirst":false,"name":"","isLeft":true,"isCenter":false,"isRight":false,"is_breaking":false,"file":"","time":"","style":false},{"content":"“这个士兵真是斗志昂扬啊，我不会真出不去吧”\n脑中的想法刚蹦出来没几秒...","replyDepth":0,"type":"info","sCharacter":{"no":"自动机器人","index":"Automata_PMC1_BG"},"isFirst":false,"name":"","isLeft":false,"isCenter":true,"isRight":false,"is_breaking":false,"file":"","time":"","style":false},{"content":"Zzzzz...再过一会...我就涨薪升职了...zzz...","replyDepth":0,"type":"chat","sCharacter":{"no":"自动机器人","index":"Automata_PMC1_BG"},"file":""},{"content":"好吧，他就直接靠在牢门上睡着了，这白日梦做的还不小...\n但是，我真得感谢你了，因为这样一来，我就能取你腰间上的东西","replyDepth":0,"type":"info","sCharacter":{"no":"自动机器人","index":"Automata_PMC1_BG"},"isFirst":false,"name":"","isLeft":false,"isCenter":true,"isRight":false,"is_breaking":false,"file":"","time":"","style":false},{"content":"（小心翼翼地靠近牢门，试图取钥匙）","replyDepth":0,"type":"chat","sCharacter":{"no":"0","index":"1"},"isFirst":false,"name":"","isLeft":true,"isCenter":false,"isRight":false,"is_breaking":false,"file":"","time":"","style":false},{"content":"呃...谁！谁在我身上乱摸！","replyDepth":0,"type":"chat","sCharacter":{"no":"自动机器人","index":"Automata_PMC1_BG"},"file":""},{"content":"（不是，这么快就醒了！？）","replyDepth":0,"type":"chat","sCharacter":{"no":0,"index":"1"},"file":""},{"content":"我...我饶不了你...zzzz...","replyDepth":0,"type":"chat","sCharacter":{"no":"自动机器人","index":"Automata_PMC1_BG"},"file":""},{"content":"（原来是虚惊一场啊，吓我一跳）","replyDepth":0,"type":"chat","sCharacter":{"no":"0","index":"1"},"isFirst":false,"name":"","isLeft":true,"isCenter":false,"isRight":false,"is_breaking":false,"file":"","time":"","style":false},{"content":"（只要能把这玩意取出来...）","replyDepth":0,"type":"chat","sCharacter":{"no":0,"index":"1"},"file":""},{"content":"呼...可算是从这家伙的腰间上取出钥匙了\n对不起，我得打扰你的美梦了...","replyDepth":0,"type":"info","sCharacter":{"no":"0","index":"1"},"isFirst":false,"name":"","isLeft":false,"isCenter":true,"isRight":false,"is_breaking":false,"file":"","time":"","style":false},{"content":"（悄悄的开锁，然后猛地拉开门）","replyDepth":0,"type":"chat","sCharacter":{"no":0,"index":"1"},"file":""},{"content":"Zzz...呜哇...哎哟嘶...","replyDepth":0,"type":"chat","sCharacter":{"no":"自动机器人","index":"Automata_PMC1_BG"},"file":""},{"content":"在他向后倒的一瞬间，我立马夺门而出，并拾起他掉在地上的突击步枪","replyDepth":0,"type":"info","sCharacter":{"no":"0","index":"1"},"isFirst":false,"name":"","isLeft":false,"isCenter":true,"isRight":false,"is_breaking":false,"file":"","time":"","style":false},{"content":"谁敢打扰我睡觉的...呃...","replyDepth":0,"type":"chat","sCharacter":{"no":"自动机器人","index":"Automata_PMC1_BG"},"isFirst":false,"name":"","isLeft":true,"isCenter":false,"isRight":false,"is_breaking":false,"file":"","time":"","style":false},{"content":"（手上的突击步枪对准了他）","replyDepth":0,"type":"chat","sCharacter":{"no":0,"index":"1"},"file":""},{"content":"别给我乱动...除非你现在就想结薪...","replyDepth":0,"type":"chat","sCharacter":{"no":"0","index":"1"},"isFirst":false,"name":"","isLeft":true,"isCenter":false,"isRight":false,"is_breaking":false,"file":"","time":"","style":false},{"content":"现在，往后退，给我退到那边的墙角去！","replyDepth":0,"type":"chat","sCharacter":{"no":0,"index":"1"},"file":""},{"content":"呃...好，好，别开枪...","replyDepth":0,"type":"chat","sCharacter":{"no":"自动机器人","index":"Automata_PMC1_BG"},"file":""},{"content":"（慢慢退到墙角后）","replyDepth":0,"type":"chat","sCharacter":{"no":"自动机器人","index":"Automata_PMC1_BG"},"file":""},{"content":"（重重地把门关上）","replyDepth":0,"type":"chat","sCharacter":{"no":0,"index":"1"}},{"content":"现在，你可以继续睡觉去了","replyDepth":0,"type":"chat","sCharacter":{"no":0,"index":"1"},"file":""},{"content":"抱歉打扰了你的美梦...","replyDepth":0,"type":"chat","sCharacter":{"no":0,"index":"1"},"file":""},{"content":"我立马向牢房区的出口冲去\n晚安，祝你睡个好觉","replyDepth":0,"type":"info","sCharacter":{"no":"0","index":"1"},"isFirst":false,"name":"","isLeft":false,"isCenter":true,"isRight":false,"is_breaking":false,"file":"","time":"","style":false},{"content":"完蛋了，这下没得升职加薪了...zzzz...","replyDepth":0,"type":"chat","sCharacter":{"no":"自动机器人","index":"Automata_PMC1_BG"},"file":""}],"MoeTalk":"4-13"}