{"CHAT":[{"replyDepth":0,"sCharacter":{"no":"音濑小玉","index":"Kotama"},"content":"（真是非常劲爆的内容……）","type":"chat"},{"replyDepth":0,"sCharacter":{"no":"调月莉音","index":"CH0158"},"content":"小玉","type":"chat"},{"replyDepth":0,"sCharacter":{"no":"音濑小玉","index":"Kotama"},"content":"在！","type":"chat"},{"replyDepth":0,"sCharacter":{"no":"调月莉音","index":"CH0158"},"content":"这件事如果有第四个人知道","type":"chat"},{"replyDepth":0,"sCharacter":{"no":"调月莉音","index":"CH0158"},"content":"你就要做好跟校园生活说再见的准备了，明白吗？","type":"chat"},{"replyDepth":0,"sCharacter":{"no":"音濑小玉","index":"Kotama"},"content":"……","type":"chat"},{"replyDepth":0,"sCharacter":{"no":"音濑小玉","index":"Kotama"},"content":"明白！","type":"chat"},{"replyDepth":0,"sCharacter":{"no":"音濑小玉","index":"Kotama"},"content":"哪敢不明白！","type":"chat"},{"replyDepth":0,"sCharacter":{"no":"音濑小玉","index":"Kotama"},"content":"","type":"image","file":"GameData/BLDA/CharFace/kotama/4.webp"},{"replyDepth":0,"sCharacter":{"no":"调月莉音","index":"CH0158"},"content":"记得把窃听器关了","type":"chat"},{"replyDepth":0,"sCharacter":{"no":"调月莉音","index":"CH0158"},"content":"我想你应该知道，如果你胆敢耍什么花招……","type":"chat"},{"replyDepth":0,"sCharacter":{"no":"音濑小玉","index":"Kotama"},"content":"您所拨打的用户无应答，请稍后再拨","type":"chat"},{"replyDepth":0,"sCharacter":{"no":"调月莉音","index":"CH0158"},"content":"不错，确认都切断了","type":"chat"},{"replyDepth":0,"sCharacter":{"no":0,"index":"1"},"content":"与此同时，真理社","type":"info"},{"replyDepth":0,"sCharacter":{"no":"明星日鞠","index":"CH0159"},"content":"哦呵呵，这可真是不得了","type":"chat"},{"replyDepth":0,"sCharacter":{"no":"明星日鞠","index":"CH0159"},"content":"没想到你这么大胆呢，莉音","type":"chat"},{"replyDepth":0,"sCharacter":{"no":"明星日鞠","index":"CH0159"},"content":"","type":"image","file":"GameData/BLDA/CharFace/CH0159/4.webp"},{"replyDepth":0,"sCharacter":{"no":"各务千寻","index":"CH0160"},"content":"天天跟你们强调别把技术用在这种地方","type":"chat"},{"replyDepth":0,"sCharacter":{"no":"各务千寻","index":"CH0160"},"content":"这下好了，引火烧身了吧","type":"chat"},{"replyDepth":0,"sCharacter":{"no":"各务千寻","index":"CH0160"},"content":"","type":"image","file":"GameData/BLDA/CharFace/CH0160/4.webp"},{"replyDepth":0,"sCharacter":{"no":"小涂真纪","index":"Maki"},"content":"前辈也别这么说嘛","type":"chat"},{"replyDepth":0,"sCharacter":{"no":"小涂真纪","index":"Maki"},"content":"你看，大姐头拿下sensei的话，千年称霸基沃托斯不就指日可待了嘛","type":"chat"},{"replyDepth":0,"sCharacter":{"no":"小涂真纪","index":"Maki"},"content":"","type":"image","file":"GameData/BLDA/CharFace/maki/3.webp"},{"replyDepth":0,"sCharacter":{"no":"小钩晴","index":"Hare"},"content":"真纪，这种时候就别开玩笑了","type":"chat"},{"replyDepth":0,"sCharacter":{"no":"小钩晴","index":"Hare"},"content":"还是想想怎么把自己撇干净吧","type":"chat"},{"replyDepth":0,"sCharacter":{"no":"小钩晴","index":"Hare"},"content":"","type":"image","file":"GameData/BLDA/CharFace/hare/4.webp"},{"replyDepth":0,"sCharacter":{"no":"明星日鞠","index":"CH0159"},"content":"晴说得对，这小玉我看是留不住了，要不卖了吧","type":"chat"},{"replyDepth":0,"sCharacter":{"no":"明星日鞠","index":"CH0159"},"content":"","type":"image","file":"GameData/BLDA/CharFace/CH0159/12.webp"},{"replyDepth":0,"sCharacter":{"no":"音濑小玉","index":"Kotama"},"content":"……","type":"chat"},{"replyDepth":0,"sCharacter":{"no":"音濑小玉","index":"Kotama"},"content":"再见了，我的校园生活","type":"chat"},{"replyDepth":0,"sCharacter":{"no":"音濑小玉","index":"Kotama"},"content":"","type":"image","file":"GameData/BLDA/CharFace/kotama/3.webp"},{"replyDepth":0,"sCharacter":{"no":"小涂真纪","index":"Maki"},"content":"这是什么生无可恋的表情……","type":"chat"},{"replyDepth":0,"sCharacter":{"no":"小涂真纪","index":"Maki"},"content":"","type":"image","file":"GameData/BLDA/CharFace/maki/4.webp"},{"replyDepth":0,"sCharacter":{"no":0,"index":"1"},"content":"回到夏莱","type":"info"},{"replyDepth":0,"sCharacter":{"no":0,"index":"1"},"content":"莉音转向我，脸上带着危险的笑容","type":"info"},{"replyDepth":0,"sCharacter":{"no":0,"index":"1"},"content":"我是在玩什么生存游戏吗……","type":"chat"},{"replyDepth":0,"sCharacter":{"no":0,"index":"1"},"content":"","type":"image","file":"GameData/BLDA/Emoji/stamps/ClanChat_Emoji_15_Jp.webp"},{"replyDepth":0,"sCharacter":{"no":0,"index":"1"},"content":"但下一秒，仿佛刚才的一切从未发生过","type":"info"},{"replyDepth":0,"sCharacter":{"no":0,"index":"1"},"content":"她用所有小女生向男朋友撒娇时都会用的伎俩，依偎在我怀里","type":"info"},{"replyDepth":0,"sCharacter":{"no":0,"index":"1"},"content":"确认关系到现在，前后不过半小时的时间","type":"info"},{"replyDepth":0,"sCharacter":{"no":0,"index":"1"},"content":"我就深刻地体认到，我已被怀中的这个女人完全拿捏了","type":"info"},{"replyDepth":0,"sCharacter":{"no":"调月莉音","index":"CH0158"},"content":"现在不会再有人打扰我们了","type":"chat"},{"replyDepth":0,"sCharacter":{"no":0,"index":"1"},"content":"呃……嗯……","type":"chat"},{"replyDepth":0,"sCharacter":{"no":0,"index":"1"},"content":"我的大脑早就完全宕机了","type":"info"},{"replyDepth":0,"sCharacter":{"no":0,"index":"1"},"content":"对了，说起来……","type":"chat"},{"replyDepth":0,"sCharacter":{"no":0,"index":"1"},"content":"我还以为我们真要去宾馆来着","type":"chat"},{"replyDepth":0,"sCharacter":{"no":0,"index":"1"},"content":"她仍靠着我，声音听上去有些颤抖","type":"info"},{"replyDepth":0,"sCharacter":{"no":"调月莉音","index":"CH0158"},"content":"因为……我还是……第一次……","type":"chat"},{"replyDepth":0,"sCharacter":{"no":"调月莉音","index":"CH0158"},"content":"不想第一次……是在一个……陌生的地方……","type":"chat"},{"replyDepth":0,"sCharacter":{"no":"调月莉音","index":"CH0158"},"content":"会紧张……害怕……","type":"chat"},{"replyDepth":0,"sCharacter":{"no":0,"index":"1"},"content":"别怕，亲爱的","type":"chat"},{"replyDepth":0,"sCharacter":{"no":"调月莉音","index":"CH0158"},"content":"嗯……","type":"chat"},{"replyDepth":0,"sCharacter":{"no":"调月莉音","index":"CH0158"},"content":"抱我","type":"chat"},{"replyDepth":0,"sCharacter":{"no":0,"index":"1"},"content":"我用力抱住了她","type":"info"},{"replyDepth":0,"sCharacter":{"no":"调月莉音","index":"CH0158"},"content":"……","type":"chat"},{"replyDepth":0,"sCharacter":{"no":"调月莉音","index":"CH0158"},"content":"不是这个抱","type":"chat"},{"replyDepth":0,"sCharacter":{"no":0,"index":"1"},"content":"她白了我一眼，只见她维持着靠在我怀里的姿势，抽出右手拧开了卧室的门把","type":"info"},{"replyDepth":0,"sCharacter":{"no":0,"index":"1"},"content":"然后用左手搂着我，向后倒去","type":"info"},{"replyDepth":0,"sCharacter":{"no":0,"index":"1"},"content":"我们精准地摔在了床上，她被我压着，眼底流露着渴望","type":"info"},{"replyDepth":0,"sCharacter":{"no":0,"index":"1"},"content":"你怎么知道我卧室的布局？","type":"chat"},{"replyDepth":0,"sCharacter":{"no":0,"index":"1"},"content":"知道床就靠在门边","type":"chat"},{"replyDepth":0,"sCharacter":{"no":0,"index":"1"},"content":"不然刚才这一下摔地上可不是闹着玩的","type":"chat"},{"replyDepth":0,"sCharacter":{"no":0,"index":"1"},"content":"我轻声问她，生怕言语蜇伤这朵娇蕊","type":"info"},{"replyDepth":0,"sCharacter":{"no":"调月莉音","index":"CH0158"},"content":"我说了，第一次不要在陌生的地方","type":"chat"},{"replyDepth":0,"sCharacter":{"no":"调月莉音","index":"CH0158"},"content":"不就是在说，对这里我可不陌生吗？","type":"chat"},{"replyDepth":0,"sCharacter":{"no":"调月莉音","index":"CH0158"},"content":"要问我为什么知道","type":"chat"},{"replyDepth":0,"sCharacter":{"no":"调月莉音","index":"CH0158"},"content":"因为……","type":"chat"},{"replyDepth":0,"sCharacter":{"no":"调月莉音","index":"CH0158"},"content":"Big Sister is watching you.","type":"chat"},{"replyDepth":0,"sCharacter":{"no":"调月莉音","index":"CH0158"},"content":"","type":"image","file":"GameData/BLDA/CharFace/CH0158/8.webp"},{"replyDepth":0,"sCharacter":{"no":0,"index":"1"},"content":"我们关上了卧室的门","type":"info"},{"replyDepth":0,"sCharacter":{"no":"调月莉音","index":"CH0158"},"content":"。","type":"heart"},{"replyDepth":0,"sCharacter":{"no":0,"index":"1"},"content":"字母的尽头 · The End","type":"info"},{"replyDepth":0,"sCharacter":{"no":0,"index":"1"},"content":"后记","type":"info"},{"replyDepth":0,"sCharacter":{"no":"custom-2024-01-19-08-59-37","index":"custom-2024-01-19-08-59-37"},"content":"大家好，我是望月红叶","type":"chat"},{"replyDepth":0,"sCharacter":{"no":"custom-2024-01-19-08-59-37","index":"custom-2024-01-19-08-59-37"},"content":"首先，感谢看到这里的各位，赏光读完，深感荣幸，也同样感谢只是随手点进来的各位","type":"chat"},{"replyDepth":0,"sCharacter":{"no":"custom-2024-01-19-08-59-37","index":"custom-2024-01-19-08-59-37"},"content":"也许有读者看过我别的作品，但更多人应该对我比较陌生，因为这还是我第一次在这个平台发文","type":"chat"},{"replyDepth":0,"sCharacter":{"no":"custom-2024-01-19-08-59-37","index":"custom-2024-01-19-08-59-37"},"content":"我主要在贴吧的BA主吧和纯吧写作，如果您喜欢本文，欢迎到我的贴吧主页看看","type":"chat"},{"replyDepth":0,"sCharacter":{"no":"custom-2024-01-19-08-59-37","index":"custom-2024-01-19-08-59-37"},"content":"艰难时期，谨以此文对已经离开的人，包括曾经贡献了数不尽优秀作品的大佬们表示怀念","type":"chat"},{"replyDepth":0,"sCharacter":{"no":"custom-2024-01-19-08-59-37","index":"custom-2024-01-19-08-59-37"},"content":"也希望还在这里的大家互相扶持，相互珍惜，都会好起来的","type":"chat"},{"replyDepth":0,"sCharacter":{"no":"custom-2024-01-19-08-59-37","index":"custom-2024-01-19-08-59-37"},"content":"本篇是莉音单核的MMT，和我以前的作品一样，我不想写莉音以外的故事","type":"chat"},{"replyDepth":0,"sCharacter":{"no":"custom-2024-01-19-08-59-37","index":"custom-2024-01-19-08-59-37"},"content":"就当是一种任性吧，还望大家原谅作者这点小小又无聊的坚持","type":"chat"},{"replyDepth":0,"sCharacter":{"no":"custom-2024-01-19-08-59-37","index":"custom-2024-01-19-08-59-37"},"content":"这篇和以前的作品没有联系，是个全新的故事，全新的相遇和相恋，诸位可以放心阅读","type":"chat"},{"replyDepth":0,"sCharacter":{"no":"custom-2024-01-19-08-59-37","index":"custom-2024-01-19-08-59-37"},"content":"文中引用的一些名著，如果读过原文的读者朋友可能会觉得情节有些对不上，都是正常的，为了贴合剧情进行了适当删改","type":"chat"},{"replyDepth":0,"sCharacter":{"no":"custom-2024-01-19-08-59-37","index":"custom-2024-01-19-08-59-37"},"content":"文中的地名很多，我编了很久，而且怕看上去臃肿，所以有几个原来写了故事的地点都删了","type":"chat"},{"replyDepth":0,"sCharacter":{"no":"custom-2024-01-19-08-59-37","index":"custom-2024-01-19-08-59-37"},"content":"如果有想看哪个地方的故事的读者可以回复我，我可以专门补一段哈哈哈","type":"chat"},{"replyDepth":0,"sCharacter":{"no":"custom-2024-01-19-08-59-37","index":"custom-2024-01-19-08-59-37"},"content":"最初的计划是用英文地名的首字母排序，但这实在是太困难了，只好作罢，改成拼音","type":"chat"},{"replyDepth":0,"sCharacter":{"no":"custom-2024-01-19-08-59-37","index":"custom-2024-01-19-08-59-37"},"content":"但还有一个问题，就是I、U、V没办法作为拼音的首字母，只能凑合一下了","type":"chat"},{"replyDepth":0,"sCharacter":{"no":"custom-2024-01-19-08-59-37","index":"custom-2024-01-19-08-59-37"},"content":"顺便一提，发在这里的版本经过删减，原文有大量的羁绊剧情，因为作者以前就是在水里的，比较擅长描写这种东西","type":"chat"},{"replyDepth":0,"sCharacter":{"no":"custom-2024-01-19-08-59-37","index":"custom-2024-01-19-08-59-37"},"content":"感兴趣的话，可以移步贴吧看原文哦","type":"chat"},{"replyDepth":0,"sCharacter":{"no":"custom-2024-01-19-08-59-37","index":"custom-2024-01-19-08-59-37"},"content":"最后，还要感谢一个人","type":"chat"},{"replyDepth":0,"sCharacter":{"no":"custom-2024-01-19-08-59-37","index":"custom-2024-01-19-08-59-37"},"content":"我的太太，我是说，三次元的","type":"chat"},{"replyDepth":0,"sCharacter":{"no":"custom-2024-01-19-08-59-37","index":"custom-2024-01-19-08-59-37"},"content":"默默地陪了我七年，一直支持着我做各种傻事","type":"chat"},{"replyDepth":0,"sCharacter":{"no":"custom-2024-01-19-08-59-37","index":"custom-2024-01-19-08-59-37"},"content":"就连写文她也支持，她说喜欢看我写东西","type":"chat"},{"replyDepth":0,"sCharacter":{"no":"custom-2024-01-19-08-59-37","index":"custom-2024-01-19-08-59-37"},"content":"当然，羁绊剧情不可能给她看的……","type":"chat"},{"replyDepth":0,"sCharacter":{"no":"custom-2024-01-19-08-59-37","index":"custom-2024-01-19-08-59-37"},"content":"甚至为了我也入坑了BA","type":"chat"},{"replyDepth":0,"sCharacter":{"no":"custom-2024-01-19-08-59-37","index":"custom-2024-01-19-08-59-37"},"content":"玩的沙勒服，还没见过莉音，但她喜欢爱丽丝，所以估计不会喜欢莉音吧哈哈哈","type":"chat"},{"replyDepth":0,"sCharacter":{"no":"custom-2024-01-19-08-59-37","index":"custom-2024-01-19-08-59-37"},"content":"刚结完婚，向大家公布一下好消息，欢迎沾喜气","type":"chat"},{"replyDepth":0,"sCharacter":{"no":"custom-2024-01-19-08-59-37","index":"custom-2024-01-19-08-59-37"},"content":"最后，再次谢谢你们，真的，非常感谢！","type":"chat"},{"replyDepth":0,"sCharacter":{"no":"custom-2024-01-19-08-59-37","index":"custom-2024-01-19-08-59-37"},"content":"下一部作品再见吧，如果还能编出什么故事的话","type":"chat"},{"replyDepth":0,"sCharacter":{"no":"custom-2024-01-19-08-59-37","index":"custom-2024-01-19-08-59-37"},"content":"承蒙厚爱，无以为报，惟愿君安，红叶谨上","type":"chat"}],"MoeTalk":"0-8"}