{"Char":["113014009","123014021","213016024","223016188","233016010","243016011","3000000","3000001","3000002","3000003","3000004","3000005","3000006","3011001","3011002","3013001","3013003","3013004","301300401","3013006","3013007","3013008","3013009","3013011","301301101","3013012","3013013","3013014","3013015","3013017","3013018","3013019","3013020","3013022","3013023","3013025","3014001","3014002","3014003","3014004","3014005","3014006","3014009","301400901","3014011","301401101","3014012","3014016","3014017","3014018","3014019","3014020","3014021","301402101","3014022","301402201","3014023","301402301","3014024","301402401","3014025","301402501","301402502","3014026","3014027","3014028","3014029","3014030","301403001","3014031","301403101","3015001","301500101","3015002","301500201","3015004","301500401","301500402","3015006","301500601","3015007","301500701","3015008","301500801","301500802","3016009","301600901","301600903","301600904","3016010","301601002","3016011","3016013","301601301","3016016","3016017","3016020","301602001","3016022","301602201","3016023","3016024","301602401","3016031","301603101","3016038","3016049","301604901","3016068","301606801","3016078","301607801","3016119","3016130","301613001","3016187","301618701","3016188","301618801","3016189","3017001","301700101","3017002","301700201","CharID_0","CharID_1","CharID_10","CharID_11","CharID_12","CharID_14","CharID_15","CharID_16","CharID_17","CharID_18","CharID_19","CharID_2","CharID_20","CharID_21","CharID_22","CharID_23","CharID_24","CharID_25","CharID_26","CharID_27","CharID_28","CharID_29","CharID_3","CharID_30","CharID_32","CharID_33","CharID_34","CharID_35","CharID_36","CharID_37","CharID_38","CharID_39","CharID_4","CharID_40","CharID_41","CharID_42","CharID_43","CharID_44","CharID_45","CharID_46","CharID_47","CharID_48","CharID_49","CharID_5","CharID_50","CharID_51","CharID_52","CharID_53","CharID_55","CharID_57","CharID_58","CharID_59","CharID_6","CharID_61","CharID_62","CharID_63","CharID_64","CharID_65","CharID_66","CharID_67","CharID_68","CharID_69","CharID_7","CharID_8","abofeisi","aige","ailin","ailinna","aishier","aisitaliya","aluoruisi","aluweier","aniekesi","anjie","anpusha","asangsi","asha","baiye","banshourenshaonv","baoshi","beier","beikasi","beila","bigui","cantinglaoban","chenlongshinv","chiai","chuguai","cike","dabosiju","daibi","danni","deao","dianna","dinisha","dinisha2","diyalituo","dudadaiwei","eba_tao_huodong","effect_recruit_choukacg","egunbide","egunbide2","emokuanggongnan","emokuanggongnv","feiergaina","feilixiya","feiyu","fennubai","fennuhong","fuluola","furen_tao_huodong","gelei","guizu","guizulaotou","guizunv","heihuatao","heimiansha","heishen_xiaonvwu","heishenhefu","heishenjuexing","heishenyina","heishenyueyong","heishenziyin","heiyin","heiyin_TMSG","hongqishi","huali","jiexisi","jiladiya","jiladiya2","jiladiya_LSJR","jiladiya_SHMY","jinglingnan","jinglingnv","jinzhu","jiuwayousi","jiuwayousiwuci","jiyan","jiyan_CLHQ","kaiersi","kaluodi","kaluolin","keersuna","keleier","keluoluo","kuluoai","kuluoxin","laila","landuo","lanqishi","laonainai","layaxieerdekaerpeien","leilei","lianhua","liduo","lilibulangni","lilibulangnishitu","liliya","liliya2","liulangertong","liulangertong2","longnvguizu","luode","luoshali","luxi","luyisi","lv","maen","maerjina","maojiang","maoniangfuwuyuan","masha","masha2","meikeluoka","misheng","miya","mu","mu_DXQMY","mudeheiying","nafei","naiaomi","naiaomi_YXYL","nainaifu","nanren_tao_huodong","nanrenshoushang_tao_huodong","nian","nianshoudeshanmian","nianshourenxing","nongfu_tao_huodong","nuoweiya","nuoya","nuoya_ZCYC","nvzhongnian","peineiluopu","peineiluopu_x","pingmin","pulinpudun","putongmonv","qiujier","renxingshitu","ruibiya","ruibiya2","saileisidina","saileisidina_YDZB","sala","sala_YZXG","seyu","shaonvailinna","shaonvanna","shaonvtao","shendengjinglingR","shenguang","shenguang_QQYMZ","shuixian","tajiana","tanlan","tao","tao_SFDQC","taoshouxingtai","tianshi2","tudishen","weibulien","weilai","xiandi","xiaoanjie","xiaobeikasi","xiaobosiju","xiaoguaiheiying","xiaoheishen","xiaolingzhao","xiaomiya","xiaonanhai","xiaonanhai_qingdian","xiaonvhai","xiaonvhai_qingdian","xiaonvhai_tao_huodong","xiaoshan","xierfu","xijujia","xilai","ximengshitu","xinsun","xiongtu1","xixili","xuebugui","xuequan","xunhuimonv","yetanniya","yetanniya_ZDYS","yikaluosi","yila","yisheng","youmin","zhanbushi"],"CharFace":{"113014009":["lihui"],"123014021":["lihui"],"213016024":["lihui"],"223016188":["lihui"],"233016010":["lihui"],"243016011":["lihui"],"3000000":["lihui"],"3000001":["lihui"],"3000002":["lihui"],"3000003":["lihui"],"3000004":["lihui"],"3000005":["lihui"],"3000006":["lihui"],"3011001":["lihui"],"3011002":["lihui"],"3013001":["lihui"],"3013003":["lihui"],"3013004":["lihui"],"301300401":["lihui"],"3013006":["lihui"],"3013007":["lihui"],"3013008":["lihui"],"3013009":["lihui"],"3013011":["lihui"],"301301101":["lihui"],"3013012":["lihui"],"3013013":["lihui"],"3013014":["lihui"],"3013015":["lihui"],"3013017":["lihui"],"3013018":["lihui"],"3013019":["lihui"],"3013020":["lihui"],"3013022":["lihui"],"3013023":["lihui"],"3013025":["lihui"],"3014001":["lihui"],"3014002":["lihui"],"3014003":["lihui"],"3014004":["lihui"],"3014005":["lihui"],"3014006":["lihui"],"3014009":["lihui"],"301400901":["lihui"],"3014011":["lihui"],"301401101":["lihui"],"3014012":["lihui"],"3014016":["lihui"],"3014017":["lihui"],"3014018":["lihui"],"3014019":["lihui"],"3014020":["lihui"],"3014021":["lihui"],"301402101":["lihui"],"3014022":["lihui"],"301402201":["lihui"],"3014023":["lihui"],"301402301":["lihui"],"3014024":["lihui"],"301402401":["lihui"],"3014025":["lihui"],"301402501":["lihui"],"301402502":["lihui"],"3014026":["lihui"],"3014027":["lihui"],"3014028":["lihui"],"3014029":["lihui"],"3014030":["lihui"],"301403001":["lihui"],"3014031":["lihui"],"301403101":["lihui"],"3015001":["lihui"],"301500101":["lihui"],"3015002":["lihui"],"301500201":["lihui"],"3015004":["lihui"],"301500401":["lihui"],"301500402":["lihui"],"3015006":["lihui"],"301500601":["lihui"],"3015007":["lihui"],"301500701":["lihui"],"3015008":["lihui"],"301500801":["lihui"],"301500802":["lihui"],"3016009":["lihui"],"301600901":["lihui"],"301600903":["lihui"],"301600904":["lihui"],"3016010":["lihui"],"301601002":["lihui"],"3016011":["lihui"],"3016013":["lihui"],"301601301":["lihui"],"3016016":["lihui"],"3016017":["lihui"],"3016020":["lihui"],"301602001":["lihui"],"3016022":["lihui"],"301602201":["lihui"],"3016023":["lihui"],"3016024":["lihui"],"301602401":["lihui"],"3016031":["lihui"],"301603101":["lihui"],"3016038":["lihui"],"3016049":["lihui"],"301604901":["lihui"],"3016068":["lihui"],"301606801":["lihui"],"3016078":["lihui"],"301607801":["lihui"],"3016119":["lihui"],"3016130":["lihui"],"301613001":["lihui"],"3016187":["lihui"],"301618701":["lihui"],"3016188":["lihui"],"301618801":["lihui"],"3016189":["lihui"],"3017001":["lihui"],"301700101":["lihui"],"3017002":["lihui"],"301700201":["lihui"],"abofeisi":["gaoao","jingya","renzhen","stand","talk1","talk2","xiao","yuyue","zuijiu"],"aige":["chenyin","fuhei","jingya","renzhen","stand","talk1","talk2","talk3"],"ailin":["guli","jingya","stand","talk1","weixiao","zhihui"],"ailinna":["beishang","fennu","haixiu","jingya","kaixin","moren","stand","talk1","talk2","talk3","talk4","talk5","talk6","tongku","weixiao","yihuo"],"aishier":["jingya","lendan","renzhen","stand","talk1","talk2","xiao","xiuhong"],"aisitaliya":["haixiu","haixiu2","kaixin","ningzhong","qidao","qidao2","shangxin","shengqi","stand","talk1","talk2","talk3","talk4","talk5","talk6","talk7","talk8","weixiao","wukou","yihuo"],"aluoruisi":["moren","stand","talk1"],"aluweier":["heihuagaochao","heihuakaixin","heihuarenzhen","jingkong","kaixin","kunrao","kuqi","renzhen","shengqi","shiluodichen","stand","talk1","talk2","talk3","talk4","weixiao"],"aniekesi":["baofa","fannao","gaoxing","haoqi","renzhen","stand","yihuo"],"anjie":["action_kaixin","action_renzhen","action_xiaoji","binglenlen","expression_kaixin","expression_renzhen","expression_xiaoji","fuhei2","haixiu","kunhuo","stand","talk1","talk2","weixiao"],"anpusha":["beishang","dongyao","fennu","kaixin","lenxiao","moren","renzhen","stand","talk1","talk2","talk3","weixiao"],"asangsi":["stand"],"asha":["stand"],"baiye":["beishang","beishangdexiao","chenmo","gandongdeluolei","kuse","lianhong1","lianhong2","moren","stand","talk1","talk2","talk3","talk4","talk5","xiwang"],"banshourenshaonv":["stand"],"baoshi":["moren","stand"],"beier":["haipa","heihua","kunrao","shengqi","stand","talk1"],"beikasi":["chensi","diyin","haixiu","jingya","liulei","qidai","shengqi","stand","talk1","talk2","talk3","tongku","weiqu","weixiao","zhize"],"beila":["buman","gaoxing","liezui","renzhen","stand","talk1","talk2","xiaoxinsi","zhenjing"],"bigui":["duoshe","haixiu","nu","shoushang","stand","xi","zhengchang"],"cantinglaoban":["moren","stand","talk1"],"chenlongshinv":["stand"],"chiai":["chenyin","lendan","renzhen","stand","talk1","xuangao","xuruo","zhoumei"],"chuguai":["stand","talk1"],"cike":["stand"],"dabosiju":["beishang","haipa","haixiu","haoqi","jingya","kaixinxiao","moren","shengqi","stand","talk1","talk2","talk3","talk4","talk5","talk6","tongku","weixiao","zixin"],"daibi":["beishang","biyan","danxin","duzui","haipa","haixiu","haoqi","kaixin","moren","renzhen","shuijiao","stand","talk1","talk2","talk3","talk4","talk5","tushe","weixiao"],"danni":["beishang","dongyao","fennu","haixiu","jingya","kaixin","kuxiao","renzhen","stand","talk1","talk2","talk3","weixiao"],"deao":["stand"],"dianna":["stand","zhayan"],"dinisha":["beishang","biyan","danxin","haixiu","huaiyi","moren","moren2","renzhen","sikao","stand","stand2","talk1","talk2","talk3"],"dinisha2":["haixiu","huaixiao","moren","nuhou","qiqiu","stand","talk1","talk2","weixiao","yansu"],"diyalituo":["moren","stand","talk1"],"dudadaiwei":["beishang","haixiu","huaiyi","moren","nuhou","sikao","stand","talk1","talk2","talk3","weixiao","yansu"],"eba_tao_huodong":["stand"],"effect_recruit_choukacg":["moren"],"egunbide":["stand"],"egunbide2":["stand"],"emokuanggongnan":["stand"],"emokuanggongnv":["stand"],"feiergaina":["fennu","jingti","jingya","kaixi","lianhong","moren","qidao","shiluo","stand","talk1","talk2","talk3","talk4","talk5"],"feiyu":["haixiu","jing","le","nu","shuai","stand","xi","zhengchang"],"fennubai":["stand"],"fennuhong":["stand"],"fuluola":["dongyao","fennu","kaixin","renzhen","stand","talk1","talk2","talk3","talk4","weixiao"],"furen_tao_huodong":["stand"],"gelei":["haixiu","huaiyi","moren","renzhen","sikao","stand","talk1","talk2","talk3","talk4","talk5","weixiao"],"guizu":["stand"],"guizulaotou":["moren","stand"],"guizunv":["stand"],"heihuatao":["moren","stand"],"heimiansha":["stand","talk1"],"heishen_xiaonvwu":["fadai","jimo","jingqi","ku","putong","stand1","stand2","talk1","talk2","talk3","talk4","talk5","yukuai"],"heishenhefu":["danyou","haixiu","jingya","jusang","renzhen","shengqi","stand","talk1","talk2","weixiao"],"heishenjuexing":["moren","stand","talk1"],"heishenyina":["renzhen","stand","talk1","weixiao","wunai"],"heishenyueyong":["action_sikao","action_xiaoji","action_yansu","danyou","expression_sikao","expression_xiaoji","expression_yansu","haixiu","jingya","jusang","renzhen","shengqi","stand","still","talk1","talk2","weixiao"],"heishenziyin":["stand"],"heiyin":["chenmo","heihuabingjiao","jiaxiao","kaixin1","kaixin2","kuxiaoliulei","liulei","maimeng","mingliangdexiaorong","moren","nanguo","stand","talk1","talk2","talk3","talk4","wugu","xinxu"],"heiyin_TMSG":["bieniu","chenmo","daxiao","haixiu","jingxia","kaixin","maimeng","moren","stand","talk1","talk2","talk3","talk4","weixiao1","weixiao2","wugu","xinxu1","xinxu2"],"hongqishi":["stand"],"huali":["beishang","biyan","danxin","haixiu","huangzhang","jinzhang","kaixin","kuxiao","moren","renzhen","stand","talk1","talk10","talk11","talk2","talk3","talk4","talk5","talk6","talk7","talk8","weixiao","yihuo"],"jiexisi":["action_sikao","moren","stand","talk1"],"jiladiya":["biyan","dongyao","fennu","jingya","kaixin","lengmo","moren","renzhen","shangxin","stand","talk1","talk2","talk3","talk4","yihan"],"jiladiya2":["biyan","dongyao","fennu","jingya","kaixin","lengmo","moren","renzhen","shangxin","stand","talk1","talk2","talk3","talk4","yihan"],"jiladiya_LSJR":["beishang","dongyao","fennu","huaixiao","kaixin","lengdan","moren","renzhen","stand","talk1","talk2","talk3"],"jiladiya_SHMY":["jiaochen","jinghuang","lianhong","liulei","stand","talk1","talk2","talk3","tianmideweixiao","weixiao","xingfudeliulei","xiunao","xiuse","zhengchang"],"jinglingnan":["stand"],"jinglingnv":["stand"],"jinzhu":["huaixiao","jianzha","jiayangguang","jingqi","mimiyan","moren","muran","qingmie","shuangmuwushen","silv","stand","talk1","talk2","talk3","talk4","talk5"],"jiuwayousi":["stand"],"jiuwayousiwuci":["stand"],"jiyan":["ai","jingjie","le","moren","nu","stand","talk1","talk2","talk3","talk4","talk5","talk6","xi","xiadingjuexin1","xiadingjuexin2","zhenjing"],"jiyan_CLHQ":["biyan","haixiu","moren","renzhen","stand","talk1","talk2","talk3","talk4","talk5","talk6","talk7","xi","xinue","zhengjing","zuijiu"],"kaiersi":["stand","talk1","weixiao"],"kaluodi":["beishang","buan","haixiu","huaiyi","lengmo","moren","sikao","stand","talk1","talk2","talk3","talk4","weixiao"],"kaluolin":["chenzhuolian","fannao","jingya","lenjing","renzhen","stand","talk2","talk3","talk4","weixiao"],"keersuna":["beishang","fennu","haixiu","jingya","jinzhang","kongju","nanguo","renzhen","stand","talk1","talk2","talk3","weixiao"],"keleier":["biyandiyin","stand","talk1","talk2","weixiao","wubiaoqing"],"keluoluo":["action_haipa","action_kaixin","action_renzhen","expression_haipa","expression_kaixin","expression_renzhen","haipa","kaixin","shengqi","shuiyanxingsong","stand","talk1","talk2","tianran","yihuo"],"kuluoai":["chenzhuolian","fanzao","jingya","renzhen","stand","talk1","talk2","talk3","xiao"],"kuluoxin":["fanbaiyan","jingya","kuxiao","qiaopi","renzhen","stand","talk1","talk2","talk3","weixiao"],"landuo":["beishang","danqie","fakun","fennu","ganga","jianding","jiaxiao","jingxia","kongju","sikao","stand","talk1","talk2","talk3","talk4","talk5","talk6","talk7","talk8","talk9","tanqi","xianqi","xingxingyan","xiyue","ziman"],"lanqishi":["stand"],"laonainai":["stand"],"layaxieerdekaerpeien":["stand"],"leilei":["beishang","danxin","haixiu","huangzhang","jingya","kaixin","kuqi","renzhen","stand","talk1"],"lianhua":["beishang","danxin","gankai","haixiu","huaiyi","kaixin","shengqi","shiwang","shuojiao","sikao","stand","talk1","talk2","talk3","talk4","zhengchang"],"liduo":["beishang","bunaifan","chijing","diluo","fennu","haixiu","kongju","kuxiao","stand","talk1","talk2","talk3","talk4","talk5","talk6","talk7","weixiao"],"lilibulangni":["moren","stand"],"lilibulangnishitu":["stand"],"liliya":["moren","stand","still","talk1"],"liliya2":["action_gaoxing","action_renzhen","action_wenrou","action_zixin","huaixiao","jingya","kaixin","kuxiao1","kuxiao2","moren","naobieniu","renzhen","shoushang","stand1","stand2","talk1","talk2","tushetou","weixiao2","weiyan","wenrou","yinchang","ziman"],"liulangertong":["stand"],"liulangertong2":["stand"],"longnvguizu":["stand"],"luode":["jinghuang","renzhen","stand","talk1"],"luoshali":["beishang","renzhen","stand","sushuo","talk1","talk2","talk3","weixiao","wuyu"],"luxi":["beishang","dizitai","fennu","haixiu","jialengdan","jiaoao","moren","stand","talk1","talk2","talk3","wenhe","xiyue","yanli","yanwu","youqu","youyu","zhizhuo"],"luyisi":["jingti","jingya","kaixin","ku","lianhong","moren","shiluo","stand","talk1","talk2","talk3","talk4","talk5","yihan"],"lv":["action_jinzhang","action_naobieniu","action_renzhen1","action_renzhen2","action_sajiao","deyi","expression_jinzhang","expression_naobieniu","expression_renzhen1","expression_renzhen2","expression_sajiao","expression_shengqi","expression_xinxu","expression_yongli","haixiu","jingkong","jingya","jusang","renzhen","shengqi","stand","stand2","talk1","talk2","talk3","talk4","weixiao","xingfu","yihuo"],"maen":["stand"],"maerjina":["stand"],"manao":["haixiu","moren","shangxin","shengqi","stand","talk1","talk2","talk3","weixiao","zhenjing"],"maojiang":["stand","talk1"],"maoniangfuwuyuan":["moren","stand"],"masha":["gaoxing","huaixixi","jingshenmanman","moren","qiaopi","qiaopi2","renzhen","renzhen2","shengqi","shengqi2","stand","stand2","stand3","talk1","talk2","talk3","talk4","talk5","xiuhong","xuruo","xuruo2","xuruo3"],"masha2":["gaoxing","jingshenmanman","moren","qiaopi","renzhen","shengqi","stand","stand2","talk1","talk2","talk3","talk4","talk5","xiuhong","xuruo","xuruowuli","youdianhuaixixi","zhongshangzhansun"],"meikeluoka":["moren","stand"],"misheng":["danxin","jingya","nanguo","renzhen","stand","talk1","talk2","talk3","weixiao"],"miya":["action_kaixin","action_shengqi","action_yuanqi","kaixin","renzhen","shengqi","stand","talk1","talk2","yuanqi","zixin"],"mu":["action_beishang","action_kunhuo","action_renzhen","beishang","danxin","deyi","expression_beishang","expression_kunhuo","expression_renzhen","guilian","haixiu","huaixiao","jusang","kaixin","moren","naobieniu","renzhen","shengqi","shiluo","sikao","stand","talk1","talk2","talk3","talk4","talk5","talk6","talk7","talk8","talk9","tanxi","weixiao","wunai","youyu","zhenjing","zhuangku"],"mu_DXQMY":["danxin","deyi","deyi2","feichangfennu","guilian","haixiu","huaixiao","huaixiao2","hunong","jingya","jusang","kaixin","moren","naobieniu","renzhen","shengqi","shengqi2","shiluo","stand","talk1","talk2","talk3","talk4","talk5","talk6","talk7","talk8","wunai","zhenjing","zhuangku"],"mudeheiying":["stand"],"nafei":["chaorenzhen","dishi","gaoxing","jianxiao","leiwangwang","stand","talk1","talk2","talk3","talk4","zhenjing"],"naiaomi":["beishangkuqi","beishangweixiao","bunaifan","chijing","fennu","haixiu","jusang","kongju","kuxiao","moren","stand","talk1","talk2","talk3","talk4","talk5","talk6","talk7","talk8","weixiao"],"naiaomi_YXYL":["fennu","haixiu","jingya","kaixin","moren","renzhen","shiluo","stand","talk1","talk2","talk3"],"nainaifu":["beishangkuqi","bunaifan","chijing","fennu","haixiu","huiyi","kaixin","kongju","stand","talk1","talk2","talk3","talk4","talk5","talk6","talk7","weixiao","yumen"],"nanren_tao_huodong":["stand"],"nanrenshoushang_tao_huodong":["stand"],"nian":["stand"],"nianshoudeshanmian":["stand"],"nianshourenxing":["stand"],"nongfu_tao_huodong":["stand"],"nuoweiya":["dongqing","haixiu","kongju","kongju2","miqiyanjingxiao","nu","nu2","paomeiyan","stand","talk1","talk2","talk3","yansu","yansu2","zhengchang"],"nuoya":["haixiu","jingti","jingya","kaixin","moren","qidao","sanwu","shiluo","stand","talk1","talk2","talk3","talk4","talk5","talk6"],"nuoya2":["haixiu","jingti","jingya","kaixin","moren","qidao","sanwu","shiluo","stand","talk1","talk2","talk3","talk4","talk5","talk6"],"nuoya_ZCYC":["changge","haixiu","jingti","jingya","kaixin","moren","qidao","sanwu","shiluo","stand","talk1","talk2","talk3"],"nvzhongnian":["stand"],"peineiluopu":["aishang","daxiao","haixiu","huaixiao","huangzhang","jingkong","juewang","manyi","naonu","putong","shengqi","shushui","stand","talk1","talk2","talk3","talk4","talk5","talk6","talk7","tanxi","weixiao","zhenjing"],"peineiluopu_x":["stand"],"pingmin":["stand"],"pulinpudun":["gaoxing","jingya","kuxiao","renzhen","stand","talk1","talk2","weixiao","weiyan"],"putongmonv":["stand"],"qiujier":["jingya","kelian","renzhen","stand","talk1","talk2","weixiao","zhoumei"],"renxingshitu":["stand"],"ruibiya":["beishang","chaofeng","haipa","moren","sajiao","shengqi","stand","talk1","talk2","talk3","talk4","talk5","talk6","talk7","wugu","yansu"],"ruibiya2":["beishang","fennu","haipa","haixiu","jingya","kaixin","moren","stand","talk1","talk2","talk3","talk4","talk5","talk6","wugu","wunai","yansu","yinxian","yinyou"],"saileisidina":["beishang","fadaizoushen","fennu","haipa","haixiu","haixiu2","jingya","kunrao","putong","stand","talk1","talk2","talk3","talk4","weixiao","xingfen","yansu"],"saileisidina_YDZB":["ai","biyan","haixiu1","haixiu2","haixiu3","jingya","nu","stand","takl1","talk2","talk3","xi","zhengchang"],"sala":["beishang","dongyao","fennu","renzhen","stand","talk1","talk2","weixiao"],"sala_YZXG":["fennu","huaiyi","moren","sikao","stand","talk1","talk2","talk3","talk4","xiyue","xiyue2","yanjingfaliang","yihan","zixin"],"seyu":["beishang","faqing","fennu","haipa","haixiu","heihua","jingxia","lengku","stand","talk1","talk2","talk3","talk4","talk5","talk6","tongku","weixaio","xinxiruokuang"],"shaonvailinna":["keaixiao","kuqi","moren","sanwu","stand","weixiao","yihuo"],"shaonvanna":["heihua","jinghuang","lenjing","reqinghuopo1","reqinghuopo2","stand1","stand2","talk1","talk2","talk3","weixiao1","weixiao2"],"shaonvtao":["stand"],"shendengjinglingR":["stand"],"shenguang":["chenyin","lendan","qianxiao","stand","talk1","talk2","zhoumei"],"shenguang_QQYMZ":["haixiu1","haixiu2","moren","stand","talk1","talk2","talk3","weixiao"],"shuixian":["haixiu","jidong","jingya","jusang","renzhen","stand","talk1","talk2","weixiao"],"tajiana":["beishang","haixiu","huaiyi","moren","nuhou","sikao","stand","talk1","talk2","talk3","weixiao","yansu"],"tanlan":["buan","deyi","fennu","gaoxing","haixiu","jingshen","jingya","kongju","kuqi","nanguo","shiwang","stand","talk1","talk2","talk3","talk5","talk6","talk7","tongku","weiqu","xingqu","yanwu","yihuo","yukuai"],"tao":["faqing","fuhei","gaoxing","haixiu","lengmo","renzhen","shanggan","stand","talk1","talk2","weixiao","xingfu"],"tao_SFDQC":["biyan","chenguai","haixiu","jiaohua","jingya","lengxiao","moren","renzhen","talk1","talk2","talk3","talk4"],"taoshouxingtai":["moren"],"tianshi2":["stand"],"tudishen":["stand"],"weibulien":["stand"],"xiaoanjie":["moren","stand","talk1"],"xiaobeikasi":["haipa","haixiu","kaixin","moren","nanguo","shangxin","shengqi","stand","talk1","talk2","talk3","talk4","talk5","talk6","yihuo"],"xiaobosiju":["daizhi","haipa","haixiu","moren","shengqi","shoushang","stand","talk1","talk2","talk3","talk4","talk5","weixiao","yihuo"],"xiaoguaiheiying":["stand"],"xiaoheishen":["stand"],"xiaolingzhao":["stand"],"xiaomiya":["moren","stand","talk1"],"xiaonanhai":["stand"],"xiaonanhai_qingdian":["stand"],"xiaonvhai":["stand"],"xiaonvhai_qingdian":["stand"],"xiaonvhai_tao_huodong":["stand"],"xiaoshan":["baoyuan","jingya","renzhen","stand","talk1","talk2","talk3","weixiao","yihuo"],"xierfu":["stand"],"xijujia":["equwei","jiabeishang","jiahaipa","jiahaixiu","jiashengqi","jiayouchou","moren","moxing","qingmie","raoyouxingzhi","stand","stand2","talk1","talk2","talk3","yukuai","ziwoxinshang"],"xilai":["haipa","haixiu","jingya","jusang","kaixin","kuqi","qianyi","renzhen","shengqi","stand","talk1","talk2","talk3","talk4","weixiao","xiaozheku","yihuo"],"ximengshitu":["stand"],"xinsun":["stand"],"xiongtu1":["stand"],"xixili":["beishang","dongyao","fennu","kaixin","renzhen","stand","talk1","talk2","weixiao"],"xuebugui":["biyan","danxin","renzhen","stand","talk1","weixiao","zhengchang"],"xuequan":["biyan","danxin","renzhen","stand","talk1","weixiao"],"xunhuimonv":["stand"],"yetanniya":["beishang","fennu","haixiu","huaixiao","huangzhang","jingya","kaixin","kaixin2","kongju","renzhen","stand","talk1","talk2","talk3","weixiao"],"yetanniya_ZDYS":["ai1","ai2","jingya","lianhong1","lianhong2","nu1","nu2","stand","talk1","talk2","talk3","talk4","xi","zhengchang"],"yikaluosi":["jingya","kaixin","renzhen","shengqi","stand","talk1","talk2","talk3","talk4","weixiao","yihuo"],"yila":["aojiao","baozao","bukezhixin","chengqiang","chouhen","haixiu","jimo","juexin","lianaizhong","mianwubiaoqing","mimang","renzhen","stand","stand2","stand3","talk1","talk2","talk3","talk4","talk5","talk6","xianwu","xuruo"],"yisheng":["stand"],"youmin":["stand"],"zhanbushi":["stand"]}}