{"CHAT":[{"content":"呀~真是惬意呀","replyDepth":0,"type":"chat","sCharacter":{"no":0,"index":1}},{"file":"GameData/BLDA/CharFace/aru/9.webp","content":"CharFace","replyDepth":0,"type":"image","sCharacter":{"no":"0","index":"1"},"isFirst":false,"name":"","isLeft":false,"isCenter":false,"isRight":true,"is_breaking":false,"time":"","style":false},{"content":"我们便利屋出外勤的机会可不多","replyDepth":0,"type":"chat","sCharacter":{"no":0,"index":1}},{"content":"说来都要感谢老师呢","replyDepth":0,"type":"chat","sCharacter":{"no":0,"index":1}},{"content":"和我倒没什么关系…","replyDepth":0,"type":"chat","sCharacter":{"no":"老师","index":"Sensei"}},{"content":"要谢的话就谢那个发现无人岛的人吧","replyDepth":0,"type":"chat","sCharacter":{"no":"老师","index":"Sensei"}},{"content":"话说回来，老师","replyDepth":0,"type":"chat","sCharacter":{"no":"鬼方佳代子","index":"Kayoko_BG"}},{"content":"您对这件事怎么看呢","replyDepth":0,"type":"chat","sCharacter":{"no":"鬼方佳代子","index":"Kayoko_BG"}},{"content":"哪件事","replyDepth":0,"type":"chat","sCharacter":{"no":"老师","index":"Sensei"}},{"content":"就是无人岛的发现","replyDepth":0,"type":"chat","sCharacter":{"no":"鬼方佳代子","index":"Kayoko_BG"}},{"content":"不觉得有些奇怪吗","replyDepth":0,"type":"chat","sCharacter":{"no":"鬼方佳代子","index":"Kayoko_BG"}},{"content":"这么说确实","replyDepth":0,"type":"chat","sCharacter":{"no":0,"index":1}},{"content":"连新闻部的人都要坐直升机，拿望远镜才能找到","replyDepth":0,"type":"chat","sCharacter":{"no":0,"index":1}},{"content":"那个人能抢先发现也挺奇怪的","replyDepth":0,"type":"chat","sCharacter":{"no":0,"index":1}},{"file":"GameData/BLDA/Emoji/2zh_tw5.webp","content":"Emoji","replyDepth":0,"type":"image","sCharacter":{"no":"鬼方佳代子","index":"Kayoko_BG"}},{"content":"？","replyDepth":0,"type":"chat","sCharacter":{"no":"老师","index":"Sensei"}},{"file":"GameData/BLDA/Emoji/1zh_tw9.webp","content":"Emoji","replyDepth":0,"type":"image","sCharacter":{"no":0,"index":1}},{"content":"怎么了吗","replyDepth":0,"type":"chat","sCharacter":{"no":0,"index":1}},{"content":"阿露你的分析能力…","replyDepth":0,"type":"chat","sCharacter":{"no":"老师","index":"Sensei"}},{"content":"什么时候这么强了","replyDepth":0,"type":"chat","sCharacter":{"no":"鬼方佳代子","index":"Kayoko_BG"}},{"file":"GameData/BLDA/CharFace/kayoko/2.webp","content":"CharFace","replyDepth":0,"type":"image","sCharacter":{"no":"鬼方佳代子","index":"Kayoko_BG"}},{"content":"那是自然…","replyDepth":0,"type":"chat","sCharacter":{"no":0,"index":1}},{"content":"作为你们的社长，我也是会进步的","replyDepth":0,"type":"chat","sCharacter":{"no":0,"index":1}},{"file":"GameData/BLDA/CharFace/aru/9.webp","content":"CharFace","replyDepth":0,"type":"image","sCharacter":{"no":"0","index":"1"},"isFirst":false,"name":"","isLeft":false,"isCenter":false,"isRight":true,"is_breaking":false,"time":"","style":false},{"content":"那阿露你觉得呢","replyDepth":0,"type":"chat","sCharacter":{"no":"老师","index":"Sensei"}},{"content":"照我看…","replyDepth":0,"type":"chat","sCharacter":{"no":0,"index":1}},{"content":"发现这个岛的一定是海盗的后裔！","replyDepth":0,"type":"chat","sCharacter":{"no":0,"index":1}},{"content":"？","replyDepth":0,"type":"chat","sCharacter":{"no":"老师","index":"Sensei"}},{"content":"？","replyDepth":0,"type":"chat","sCharacter":{"no":"鬼方佳代子","index":"Kayoko_BG"}},{"content":"你们想啊，如果是在先辈留下的海图上发现的藏宝地点","replyDepth":0,"type":"chat","sCharacter":{"no":0,"index":1}},{"content":"不是很合理吗！","replyDepth":0,"type":"chat","sCharacter":{"no":0,"index":1}},{"content":"天才！","replyDepth":0,"type":"chat","sCharacter":{"no":"老师","index":"Sensei"}},{"file":"GameData/BLDA/CharFace/kayoko/6.webp","content":"CharFace","replyDepth":0,"type":"image","sCharacter":{"no":"鬼方佳代子","index":"Kayoko_BG"}},{"content":"这时车厢的门被打开了","replyDepth":0,"type":"info","sCharacter":{"no":"鬼方佳代子","index":"Kayoko_BG"}},{"content":"锵锵","replyDepth":0,"type":"chat","sCharacter":{"no":"浅黄睦月","index":"Mutsuki_BG"}},{"content":"海警来喽！","replyDepth":0,"type":"chat","sCharacter":{"no":"浅黄睦月","index":"Mutsuki_BG"}},{"content":"","type":"image","file":"Emoji-6-0","replyDepth":0,"sCharacter":{"no":"浅黄睦月","index":"Mutsuki_BG"}},{"content":"哪里有海盗！","replyDepth":0,"type":"chat","sCharacter":{"no":"浅黄睦月","index":"Mutsuki_BG"}},{"content":"怎么睦月你变成警察了？","replyDepth":0,"type":"chat","sCharacter":{"no":0,"index":1}},{"file":"GameData/BLDA/CharFace/aru/4.webp","content":"CharFace","replyDepth":0,"type":"image","sCharacter":{"no":"0","index":"1"},"isFirst":false,"name":"","isLeft":false,"isCenter":false,"isRight":true,"is_breaking":false,"time":"","style":false},{"content":"这是恶作剧对的吧","replyDepth":0,"type":"chat","sCharacter":{"no":"0","index":"1"},"isFirst":true,"name":"","isLeft":false,"isCenter":false,"isRight":true,"is_breaking":false,"file":"","time":"","style":false},{"content":"不是哦，阿露酱，我是来抓你的","replyDepth":0,"type":"chat","sCharacter":{"no":"浅黄睦月","index":"Mutsuki_BG"}},{"file":"GameData/BLDA/CharFace/mutsuki/10.webp","content":"CharFace","replyDepth":0,"type":"image","sCharacter":{"no":"浅黄睦月","index":"Mutsuki_BG"}},{"file":"GameData/BLDA/CharFace/kayoko/6.webp","content":"CharFace","replyDepth":0,"type":"image","sCharacter":{"no":"鬼方佳代子","index":"Kayoko_BG"}},{"content":"又开始了","replyDepth":0,"type":"chat","sCharacter":{"no":"鬼方佳代子","index":"Kayoko_BG"}},{"content":"啊哈哈…车厢间要慢点跑哦","replyDepth":0,"type":"chat","sCharacter":{"no":"老师","index":"Sensei"}},{"content":"我被睦月追着跑了出去","replyDepth":0,"type":"info","sCharacter":{"no":"老师","index":"Sensei"}},{"content":"一段时间后","replyDepth":0,"type":"info","sCharacter":{"no":"老师","index":"Sensei"}},{"content":"","type":"image","file":"Emoji-6-1","replyDepth":0,"sCharacter":{"no":"伊草遥香","index":"Haruka_BG"}},{"content":"老师…","replyDepth":0,"type":"chat","sCharacter":{"no":"伊草遥香","index":"Haruka_BG"}},{"content":"是您的女仆哦…","replyDepth":0,"type":"chat","sCharacter":{"no":"伊草遥香","index":"Haruka_BG"}},{"content":"老师虽然没回应什么，但是就连我都能看出老师眼神都要拉丝了","replyDepth":0,"type":"info","sCharacter":{"no":"伊草遥香","index":"Haruka_BG"}},{"content":"我实在是不想破坏两人间暧昧的氛围，奈何这里有人比我更不解风情","replyDepth":0,"type":"info","sCharacter":{"no":"伊草遥香","index":"Haruka_BG"}},{"content":"哇哦…小春香这身衣服…","replyDepth":0,"type":"chat","sCharacter":{"no":"浅黄睦月","index":"Mutsuki_BG"}},{"content":"真是大胆呢…","replyDepth":0,"type":"chat","sCharacter":{"no":"浅黄睦月","index":"Mutsuki_BG"}},{"file":"GameData/BLDA/CharFace/mutsuki/4.webp","content":"CharFace","replyDepth":0,"type":"image","sCharacter":{"no":"浅黄睦月","index":"Mutsuki_BG"}},{"file":"GameData/BLDA/CharFace/haruka/13.webp","content":"CharFace","replyDepth":0,"type":"image","sCharacter":{"no":"伊草遥香","index":"Haruka_BG"}},{"content":"你们什么时候回来的…","replyDepth":0,"type":"chat","sCharacter":{"no":"伊草遥香","index":"Haruka_BG"}},{"content":"完了完了完了，看到老师和我这样的学生独处，老师的声名一定会败光的……","replyDepth":0,"type":"chat","sCharacter":{"no":"伊草遥香","index":"Haruka_BG"}},{"content":"对不起对不起对不起对不起……","replyDepth":0,"type":"chat","sCharacter":{"no":"伊草遥香","index":"Haruka_BG"}},{"content":"我看老师倒是不介意吧…","replyDepth":0,"type":"chat","sCharacter":{"no":0,"index":1}},{"content":"说的没错哦","replyDepth":0,"type":"chat","sCharacter":{"no":"老师","index":"Sensei"}},{"content":"我还挺喜欢小春香这身衣服的","replyDepth":0,"type":"chat","sCharacter":{"no":"老师","index":"Sensei"}},{"content":"但是话说小春香为什么要穿成这样呢","replyDepth":0,"type":"chat","sCharacter":{"no":"老师","index":"Sensei"}},{"content":"那个…是睦月说老师您会喜欢…","replyDepth":0,"type":"chat","sCharacter":{"no":"伊草遥香","index":"Haruka_BG"}},{"content":"原来都是小月干的","replyDepth":0,"type":"chat","sCharacter":{"no":"老师","index":"Sensei"}},{"content":"好啊你","replyDepth":0,"type":"chat","sCharacter":{"no":0,"index":1}},{"content":"我看向正试图溜出车厢的睦月","replyDepth":0,"type":"info","sCharacter":{"no":0,"index":1}},{"content":"啊哈哈…","replyDepth":0,"type":"chat","sCharacter":{"no":"浅黄睦月","index":"Mutsuki_BG"}},{"content":"我不打扰…","replyDepth":0,"type":"chat","sCharacter":{"no":"浅黄睦月","index":"Mutsuki_BG"}},{"content":"先走了…","replyDepth":0,"type":"chat","sCharacter":{"no":"浅黄睦月","index":"Mutsuki_BG"}},{"content":"你不能走","replyDepth":0,"type":"chat","sCharacter":{"no":"老师","index":"Sensei"}},{"content":"你不能走","replyDepth":0,"type":"chat","sCharacter":{"no":0,"index":1}},{"content":"一阵鸡飞狗跳之后，大家终于都累了","replyDepth":0,"type":"info","sCharacter":{"no":0,"index":1}},{"content":"于是也都回到自己的位置上","replyDepth":0,"type":"info","sCharacter":{"no":0,"index":1}},{"content":"老师坐在了我旁边","replyDepth":0,"type":"info","sCharacter":{"no":0,"index":1}},{"content":"阿露？","replyDepth":0,"type":"chat","sCharacter":{"no":"老师","index":"Sensei"}},{"content":"怎么了","replyDepth":0,"type":"chat","sCharacter":{"no":0,"index":1}},{"content":"能说说你认识的春香是什么样的人吗","replyDepth":0,"type":"chat","sCharacter":{"no":"老师","index":"Sensei"}},{"file":"GameData/BLDA/Emoji/1zh_tw9.webp","content":"Emoji","replyDepth":0,"type":"image","sCharacter":{"no":0,"index":1}},{"content":"一旁的睦月似乎瞪了我一眼","replyDepth":0,"type":"info","sCharacter":{"no":0,"index":1}},{"content":"我们从不提起她的过去","replyDepth":0,"type":"chat","sCharacter":{"no":0,"index":1}},{"content":"但老师您知道的","replyDepth":0,"type":"chat","sCharacter":{"no":0,"index":1}},{"content":"嗯……","replyDepth":0,"type":"chat","sCharacter":{"no":"老师","index":"Sensei"}},{"content":"她是一个被…","replyDepth":0,"type":"chat","sCharacter":{"no":"老师","index":"Sensei"}},{"content":"“霸凌”两个字老师没说出口","replyDepth":0,"type":"info","sCharacter":{"no":"老师","index":"Sensei"}},{"content":"好了别说了…","replyDepth":0,"type":"chat","sCharacter":{"no":"浅黄睦月","index":"Mutsuki_BG"}},{"content":"……","replyDepth":0,"type":"chat","sCharacter":{"no":"老师","index":"Sensei"}},{"content":"她现在愿意把便利屋当成一个家","replyDepth":0,"type":"chat","sCharacter":{"no":0,"index":1}},{"content":"这已经是我做的最大努力了","replyDepth":0,"type":"chat","sCharacter":{"no":0,"index":1}},{"content":"谢谢你，阿露…","replyDepth":0,"type":"chat","sCharacter":{"no":"老师","index":"Sensei"}},{"content":"老师走到春香和佳代子身边","replyDepth":0,"type":"info","sCharacter":{"no":"老师","index":"Sensei"}},{"content":"视线被座椅挡住了，我什么也看不见","replyDepth":0,"type":"info","sCharacter":{"no":"老师","index":"Sensei"}},{"content":"阿露，在想什么呢","replyDepth":0,"type":"chat","sCharacter":{"no":"浅黄睦月","index":"Mutsuki_BG"}},{"content":"提到春香，你也认真起来了吧","replyDepth":0,"type":"chat","sCharacter":{"no":0,"index":1}},{"content":"平时都叫我阿露酱来着","replyDepth":0,"type":"chat","sCharacter":{"no":0,"index":1}},{"content":"这样认真的阿露还真不像我认识的阿露","replyDepth":0,"type":"chat","sCharacter":{"no":"浅黄睦月","index":"Mutsuki_BG"}},{"content":"认真起来的我可是很帅气的","replyDepth":0,"type":"chat","sCharacter":{"no":0,"index":1}},{"content":"果然作为社长我也可以很帅的对吧","replyDepth":0,"type":"chat","sCharacter":{"no":0,"index":1}},{"file":"GameData/BLDA/CharFace/aru/14.webp","content":"CharFace","replyDepth":0,"type":"image","sCharacter":{"no":"0","index":"1"},"isFirst":false,"name":"","isLeft":false,"isCenter":false,"isRight":true,"is_breaking":false,"time":"","style":false},{"content":"哈哈","replyDepth":0,"type":"chat","sCharacter":{"no":"浅黄睦月","index":"Mutsuki_BG"}},{"content":"这才对嘛","replyDepth":0,"type":"chat","sCharacter":{"no":"浅黄睦月","index":"Mutsuki_BG"}},{"content":"我看向窗外","replyDepth":0,"type":"info","sCharacter":{"no":"浅黄睦月","index":"Mutsuki_BG"}},{"content":"鸟在湛蓝的天空中飞翔，不一会儿就被火车甩在身后","replyDepth":0,"type":"info","sCharacter":{"no":"浅黄睦月","index":"Mutsuki_BG"}},{"content":"我不去看他们，他们承受烈日的炙烤，当然也应得自由的翱翔","replyDepth":0,"type":"info","sCharacter":{"no":"浅黄睦月","index":"Mutsuki_BG"}},{"content":"我想他们的内心当然也不会愧疚","replyDepth":0,"type":"info","sCharacter":{"no":"浅黄睦月","index":"Mutsuki_BG"}},{"content":"如果把春香比作飞鸟，她大概就是唯一一只会因为自己的自由而愧疚的鸟吧","replyDepth":0,"type":"info","sCharacter":{"no":"浅黄睦月","index":"Mutsuki_BG"}},{"content":"如果把春香比作我，她大概像我这样，不会去羡慕别人应得的自由","replyDepth":0,"type":"info","sCharacter":{"no":"浅黄睦月","index":"Mutsuki_BG"}}],"MoeTalk":"6-3"}