{"CHAT":[{"content":"海的声音很轻，浪花和礁石共同组成轻盈的交响。\n\n海的声音很重，一鲸落时，属于庞然大物的听觉之外的挽歌会伴随着万物生长的旋律，为海的长子，送上最后一程。\n\n是从哪里开始喜欢海的呢？\n\n不记得了，或许是那是和学生们一同去的度假岛，亦或是陪那帮孩子吗一同去的小渔村？\n\n不重要了。\n\n人在失去的路上走得很远，所以仍拥有的的才更需重视。\n\n就像此时眼前的女孩，就算朝阳的碎片在海面上抛起万片碎光，她的身形依旧能遮住如此美的景色，不，准确来说，是让它们黯然失色。\n\n“老师，快到了。”\n\n“收到，日奈酱。”\n\n“...都说了，没必要...这么称呼。”\n\n只是也不讨厌就是了...\n\n后面的半句很小声，像是在自言自语。我带着一抹浅笑，跟着她走上这片全新的空间。\n\n \n\n时间回到三天前\n\n“所以，她们的意思是，歌赫娜的海区外围发现了一座海图上没有的小岛？”日奈脸上的黑线越布越密。“那边根本就不是自管区的范围吧，甚至都不是基沃托斯。”\n\n“额...嗯...就万魔殿送过来的报告来看，是这样，然后她们还希望...”亚子睁眼看了看这位已连续工作18个小时的风纪委员长，低头继续说，“她们说什么岛上大概会有未知的宝藏，这次就便宜我们了...”“总之测绘的工作是压到我们头上了对吧。”日奈的眼睛在黑线里透着危险的光芒。“要是您没时间的话，我来去。”亚子感受到周围的怒火几乎压成实体，立刻补充，“不过她们还说，为了提高效率和应对突发情况，把老师也叫着了。”“？”沉默了几秒，日奈重新抬头，叹气，“算了，就当外出活动一下，这几天的安排比较满，麻烦帮我通知麻烦帮我通知一下老师，问他能不能在三天后上午出发。”\n\n走出委员长办公室的大门，那种压迫感终于从亚子的心里消失“还好，如果提到老师，会长她的心情会稍微好一点。”她轻拍胸口，“但是，万魔殿那帮头发倒长缠住脑子的东西，根本就没有提到老师，也就是说，我还得亲自去跟老师谈判。”思量些许，一声长叹过后，亚子拿着一副项圈前往了沙勒。\n\n【出乎亚子的意料，老师很顺利的就同意了三天后的出行，并没有出现负项圈请罪的环节】\n\n \n\n现在\n\n测绘的过程无比专业，身为老师，我并没有在日奈摆弄那些仪器的过程中帮上任何忙，这次的目的只是为了确认岛上大致的地形，岛不大，过程很顺利，或许本该就这样结束今天的行程，只是...\n\n“抱歉，老师。”一个大白团子从船上跳下来。\n\n“不行吗。”\n\n“不行，船身依旧漏水，考虑到船本身就挺旧的了，大概是在停靠的时候不小心触到了什么石头。”日奈的声音好像比印象中慌乱一点，“没事的，我通知了亚子，很快就会有人来接的，只是...她工作大概很忙，具体什么时候能看到还是未知数。”\n\n“对不起，老师。”“嗯？不用不用。”我轻笑，“能和可爱的日奈在一起多待一会也不错。”\n\n红晕很快浮现在少女的脸上“老师总是这样，虽然您这样说我很高兴，但我明明和可爱这种词不搭边吧。”“我觉得真的很可爱。”【真诚的眼神jpg.】\n\n日奈被逗笑了，一个大人和一个白毛团子并排坐在沙滩上。\n\n“歌赫娜平时没什么有趣的...净是些麻烦事罢了，您说没关系，想听我讲故事？”日奈愣了一下，“那好吧，上次新年的时候，枫香...”\n\n时间渐渐显得不那么重要了，日奈的话，比想象中多得多。\n\n到底有多久没有像这样和一个人在一起聊天了呢，日奈突然想到。不记得了。\n\n这样的感觉，真好。\n\n“日奈，你喜欢海吗？”当所有的故事倾泻一空的时候，我问了一个让日奈始料未及的问题。\n\n“我....我不知道，像我这样的人，大概很少会去关注这些东西吧。”日奈的表情有些尴尬，“而且我还不会游泳，对不起，我这样的人...很无趣吧。”\n\n“才没有哦，日奈只是忙而已，现在来下水试试吧，上次的游泳课，不是还没结束吗。”\n\n少女的身形定格了一瞬，随后轻轻点了点头。\n\n白色的长发如丝绸般散落在水面上，我轻扶着日奈的双手，带她感受大海的浮力。由于比她高不少，带着她在浅海处练习倒是比想象中简单。\n\n“老师，你是不是在内心笑我个子小。”日奈眯眼看着我。“没有，绝对没有。”“老师的眼神和嘴角出卖了老师哦。”“欸，好吧，那就...有一点点。”\n\n在夕阳与现实的交接处，我和日奈感受着与彼此，与大海相接触的喜悦。\n\n【那是世间随处可见的美好，对日奈来说，亦是不知于何时遗失的宝藏。】\n\n我们伴着落日躺在沙滩上，感受着风蒸发着身上的海水。\n\n先前看到日奈时，她的脸上总是带着微笑\n\n但，我感受不到她的快乐\n\n她有着风纪委员长的威严，有着一流的领导才华，有着震慑四方的实力。\n\n却唯独没有她这个年纪当有的那种纯粹的快乐。\n\n我暗自庆幸，我带她找回来了，哪怕只有一瞬。\n\n亚子的船来的不算太晚，我和日奈告别，匆匆回到沙勒，夜幕里，我第一次收到她专门发的晚安。“嗯，晚安，下次，有时间再出来玩吧。”我敲出几个字，将手机放到一边。\n\n“虽然堆积了一天的工作，但这样的日子，也不亏？”我轻笑，她发自内心的那个笑容，我大概会印在脑海里一辈子。\n\n \n\n拜您所赐，我现在，也挺喜欢海了吧。日奈收回思绪，将手机放下，回头看向亚子。“测绘完成了，明天复印一份给万魔殿那边送过去，工作还剩多少，嗯，亚子？”\n\n【顶替委员长连续工作了18个小时的亚子jpg.】","replyDepth":0,"type":"info","sCharacter":{"no":"0","index":"1"},"isFirst":false,"name":"","isLeft":true,"isCenter":false,"isRight":false,"is_breaking":false,"file":"","time":"","style":false}],"MoeTalk":"5-0"}