{"CHAT":[{"content":"？","replyDepth":0,"type":"chat","sCharacter":{"no":"空崎日奈","index":"CH0063_BG"}},{"content":"回想着当时","replyDepth":0,"type":"info","sCharacter":{"no":"空崎日奈","index":"CH0063_BG"}},{"content":"一花同学，我这次派你去的目的，并不是为了得到更多的奖赏…","replyDepth":0,"type":"chat","sCharacter":{"no":"桐藤渚","index":"Nagisa_BG"}},{"content":"诶…？那是为了","replyDepth":0,"type":"chat","sCharacter":{"no":"一花","index":"CH0071_BG"}},{"content":"我从老师口中，得知你的交际能力很不错……","replyDepth":0,"type":"chat","sCharacter":{"no":"桐藤渚","index":"Nagisa_BG"},"isFirst":false,"name":"","isLeft":true,"isCenter":false,"isRight":false,"is_breaking":false,"file":"","time":"","style":false},{"content":"既然是老师推荐的，那我是一定会相信的…","replyDepth":0,"type":"chat","sCharacter":{"no":"桐藤渚","index":"Nagisa_BG"}},{"file":"GameData/BLDA/CharFace/nagisa/3.webp","content":"CharFace","replyDepth":0,"type":"image","sCharacter":{"no":"桐藤渚","index":"Nagisa_BG"}},{"content":"您的意思是……？","replyDepth":0,"type":"chat","sCharacter":{"no":"一花","index":"CH0071_BG"}},{"content":"赢得奖赏不重要，重要的是…","replyDepth":0,"type":"chat","sCharacter":{"no":"桐藤渚","index":"Nagisa_BG"}},{"file":"GameData/BLDA/CharFace/nagisa/8.webp","content":"CharFace","replyDepth":0,"type":"image","sCharacter":{"no":"桐藤渚","index":"Nagisa_BG"}},{"content":"希望你可以，改善一下各个学院与我们的关系","replyDepth":0,"type":"chat","sCharacter":{"no":"桐藤渚","index":"Nagisa_BG"}},{"content":"尤其是那群长角的恶魔","replyDepth":0,"type":"chat","sCharacter":{"no":"桐藤渚","index":"Nagisa_BG"}},{"content":"啊……嗯…","replyDepth":0,"type":"chat","sCharacter":{"no":"一花","index":"CH0071_BG"}},{"content":"回到现在","replyDepth":0,"type":"info","sCharacter":{"no":"一花","index":"CH0071_BG"}},{"content":"我们，不如合作吧？","replyDepth":0,"type":"chat","sCharacter":{"no":"一花","index":"CH0292_BG"}},{"content":"毕竟三个人总比一个人强…","replyDepth":0,"type":"chat","sCharacter":{"no":"一花","index":"CH0292_BG"}},{"content":"……","replyDepth":0,"type":"chat","sCharacter":{"no":"飞鸟马时","index":"NP0078_BG"}},{"content":"……","replyDepth":0,"type":"chat","sCharacter":{"no":"天雨亚子","index":"Ako_BG"}},{"content":"额……那个…","replyDepth":0,"type":"chat","sCharacter":{"no":"一花","index":"CH0292_BG"}},{"content":"嗯，我同意这位圣三一的她的意见","replyDepth":0,"type":"chat","sCharacter":{"no":"空崎日奈","index":"CH0063_BG"}},{"file":"GameData/BLDA/CharFace/ako/3.webp","content":"CharFace","replyDepth":0,"type":"image","sCharacter":{"no":"天雨亚子","index":"Ako_BG"}},{"content":"那我们三方联合调查，到时候奖赏平分，如何？","replyDepth":0,"type":"chat","sCharacter":{"no":"天雨亚子","index":"Ako_BG"}},{"content":"……我赞同","replyDepth":0,"type":"chat","sCharacter":{"no":"飞鸟马时","index":"NP0078_BG"}},{"content":"诶……那就这么定了？","replyDepth":0,"type":"chat","sCharacter":{"no":"一花","index":"CH0292_BG"}},{"content":"那我们负责外围调查…","replyDepth":0,"type":"chat","sCharacter":{"no":"一花","index":"CH0292_BG"}},{"content":"我注意到这个岛有一座很大的山，就由我来吧","replyDepth":0,"type":"chat","sCharacter":{"no":"飞鸟马时","index":"NP0078_BG"}},{"content":"那我和委员长就进到附近的山洞内了…","replyDepth":0,"type":"chat","sCharacter":{"no":"天雨亚子","index":"Ako_BG"}},{"content":"于是，兵分三路的联合调查开了","replyDepth":0,"type":"info","sCharacter":{"no":"天雨亚子","index":"Ako_BG"}},{"content":"圣三一的人居然也来参加了……","replyDepth":0,"type":"chat","sCharacter":{"no":"锭前纱织","index":"CH0266_BG"}},{"content":"只要拿到一些情报……大家……","replyDepth":0,"type":"chat","sCharacter":{"no":"锭前纱织","index":"CH0266_BG"}},{"file":"GameData/BLDA/CharFace/CH0266/5.webp","content":"CharFace","replyDepth":0,"type":"image","sCharacter":{"no":"锭前纱织","index":"CH0266_BG"}},{"content":"纱织也在这里呢…","replyDepth":0,"type":"chat","sCharacter":{"no":"秤亚津子","index":"CH0267_BG"}},{"file":"GameData/BLDA/CharFace/CH0267/0.webp","content":"CharFace","replyDepth":0,"type":"image","sCharacter":{"no":"秤亚津子","index":"CH0267_BG"}},{"content":"公主，你怎么……","replyDepth":0,"type":"chat","sCharacter":{"no":"锭前纱织","index":"CH0266_BG"}},{"content":"纱织总是刻意躲着大家呢…","replyDepth":0,"type":"chat","sCharacter":{"no":"秤亚津子","index":"CH0267_BG"}},{"file":"GameData/BLDA/CharFace/CH0267/5.webp","content":"CharFace","replyDepth":0,"type":"image","sCharacter":{"no":"秤亚津子","index":"CH0267_BG"}},{"content":"为什么非要如此呢…？","replyDepth":0,"type":"chat","sCharacter":{"no":"秤亚津子","index":"CH0267_BG"}},{"content":"总是在背后偷偷帮助大家却又不图回报","replyDepth":0,"type":"chat","sCharacter":{"no":"秤亚津子","index":"CH0267_BG"}},{"content":"公主…我","replyDepth":0,"type":"chat","sCharacter":{"no":"锭前纱织","index":"CH0266_BG"}},{"content":"不过，既然都遇到了，那么就不在意其他的了","replyDepth":0,"type":"chat","sCharacter":{"no":"秤亚津子","index":"CH0267_BG"}},{"file":"GameData/BLDA/CharFace/CH0267/3.webp","content":"CharFace","replyDepth":0,"type":"image","sCharacter":{"no":"秤亚津子","index":"CH0267_BG"}},{"file":"GameData/BLDA/CharFace/CH0266/3.webp","content":"CharFace","replyDepth":0,"type":"image","sCharacter":{"no":"锭前纱织","index":"CH0266_BG"}},{"content":"是","replyDepth":0,"type":"chat","sCharacter":{"no":"锭前纱织","index":"CH0266_BG"}},{"content":"一花这边","replyDepth":0,"type":"info","sCharacter":{"no":"锭前纱织","index":"CH0266_BG"}},{"content":"这个岛这么大……而且一看就荒无人烟啊……","replyDepth":0,"type":"chat","sCharacter":{"no":"一花","index":"CH0292_BG"}},{"file":"GameData/BLDA/CharFace/CH0292/4.webp","content":"CharFace","replyDepth":0,"type":"image","sCharacter":{"no":"一花","index":"CH0292_BG"}},{"content":"真的会有什么有价值的东西吗？","replyDepth":0,"type":"chat","sCharacter":{"no":"一花","index":"CH0292_BG"}},{"content":"不用着急哦，我们可以再慢慢找找","replyDepth":0,"type":"chat","sCharacter":{"no":"鹫见芹娜","index":"NP0075_BG"}},{"file":"GameData/BLDA/CharFace/NP0075/3.webp","content":"CharFace","replyDepth":0,"type":"image","sCharacter":{"no":"鹫见芹娜","index":"NP0075_BG"}},{"content":"嗯…","replyDepth":0,"type":"chat","sCharacter":{"no":"一花","index":"CH0292_BG"}},{"content":"时这边","replyDepth":0,"type":"info","sCharacter":{"no":"飞鸟马时","index":"NP0078_BG"}},{"file":"GameData/BLDA/CharFace/NP0078/2.webp","content":"CharFace","replyDepth":0,"type":"image","sCharacter":{"no":"飞鸟马时","index":"NP0078_BG"}},{"content":"这座山真是有足够高呢……","replyDepth":0,"type":"chat","sCharacter":{"no":"飞鸟马时","index":"NP0078_BG"}},{"content":"甚至有生火的痕迹……真是奇怪","replyDepth":0,"type":"chat","sCharacter":{"no":"飞鸟马时","index":"NP0078_BG"}},{"content":"委员长，我这里发现一些异常","replyDepth":0,"type":"chat","sCharacter":{"no":"天雨亚子","index":"Ako_BG"}},{"content":"怎么了，亚子？","replyDepth":0,"type":"chat","sCharacter":{"no":"空崎日奈","index":"CH0063_BG"}},{"file":"GameData/BLDA/CharFace/CH0063/0.webp","content":"CharFace","replyDepth":0,"type":"image","sCharacter":{"no":"空崎日奈","index":"CH0063_BG"}},{"content":"出什么问题了？","replyDepth":0,"type":"chat","sCharacter":{"no":"空崎日奈","index":"CH0063_BG"}},{"content":"你看地上，散落着很多电线…","replyDepth":0,"type":"chat","sCharacter":{"no":"天雨亚子","index":"Ako_BG"}},{"file":"GameData/BLDA/CharFace/ako/9.webp","content":"CharFace","replyDepth":0,"type":"image","sCharacter":{"no":"天雨亚子","index":"Ako_BG"}},{"content":"但是里面很黑……","replyDepth":0,"type":"chat","sCharacter":{"no":"天雨亚子","index":"Ako_BG"}},{"content":"初步探索已经差不多了，不然和另外哪个学院的分享一下情报吧？","replyDepth":0,"type":"chat","sCharacter":{"no":"空崎日奈","index":"CH0063_BG"}},{"content":"是！","replyDepth":0,"type":"chat","sCharacter":{"no":"天雨亚子","index":"Ako_BG"}},{"content":"三方汇合后","replyDepth":0,"type":"info","sCharacter":{"no":"天雨亚子","index":"Ako_BG"}},{"content":"额，我们…找到了一些机甲的碎片…","replyDepth":0,"type":"chat","sCharacter":{"no":"一花","index":"CH0292_BG"}},{"content":"但海水应该不能把机甲碎片冲得这么远吧…？","replyDepth":0,"type":"chat","sCharacter":{"no":"一花","index":"CH0292_BG"}},{"file":"GameData/BLDA/CharFace/CH0292/7.webp","content":"CharFace","replyDepth":0,"type":"image","sCharacter":{"no":"一花","index":"CH0292_BG"}},{"content":"我这里发现了生火的痕迹，但是这么高的山顶上……难以置信","replyDepth":0,"type":"chat","sCharacter":{"no":"飞鸟马时","index":"NP0078_BG"}},{"content":"我们在洞里发现了很多电线…","replyDepth":0,"type":"chat","sCharacter":{"no":"空崎日奈","index":"CH0063_BG"}},{"content":"电线…？","replyDepth":0,"type":"chat","sCharacter":{"no":"一花","index":"CH0292_BG"},"isFirst":false,"name":"","isLeft":true,"isCenter":false,"isRight":false,"is_breaking":false,"file":"","time":"","style":false},{"content":"这种荒无人烟的岛上，一般来说，不可能存在电线","replyDepth":0,"type":"chat","sCharacter":{"no":"飞鸟马时","index":"NP0078_BG"}},{"content":"或许洞里有什么不为人知的秘密也说不定吧？","replyDepth":0,"type":"chat","sCharacter":{"no":"飞鸟马时","index":"NP0078_BG"}},{"file":"GameData/BLDA/CharFace/NP0078/99.webp","content":"CharFace","replyDepth":0,"type":"image","sCharacter":{"no":"飞鸟马时","index":"NP0078_BG"}},{"content":"那我们，不如进去看看？","replyDepth":0,"type":"chat","sCharacter":{"no":"一花","index":"CH0292_BG"}},{"file":"GameData/BLDA/CharFace/CH0292/0.webp","content":"CharFace","replyDepth":0,"type":"image","sCharacter":{"no":"一花","index":"CH0292_BG"}},{"content":"提议不错","replyDepth":0,"type":"chat","sCharacter":{"no":"飞鸟马时","index":"NP0078_BG"}},{"content":"委员长…","replyDepth":0,"type":"chat","sCharacter":{"no":"天雨亚子","index":"Ako_BG"}},{"content":"放心吧亚子…","replyDepth":0,"type":"chat","sCharacter":{"no":"空崎日奈","index":"CH0063_BG"}},{"file":"GameData/BLDA/CharFace/CH0063/99.webp","content":"CharFace","replyDepth":0,"type":"image","sCharacter":{"no":"空崎日奈","index":"CH0063_BG"}},{"content":"舞，你听到没有？三大学院准备进入到这个神秘的洞内呢…","replyDepth":0,"type":"chat","sCharacter":{"no":"川流诗乃","index":"Shinon_BG"}},{"content":"我当然知道…","replyDepth":0,"type":"chat","sCharacter":{"no":"舞","index":"Mai_BG"}},{"content":"不如，我们趁机偷偷跟踪拍摄如何？","replyDepth":0,"type":"chat","sCharacter":{"no":"川流诗乃","index":"Shinon_BG"}},{"content":"摄像机没电了…","replyDepth":0,"type":"chat","sCharacter":{"no":"舞","index":"Mai_BG"}},{"file":"GameData/BLDA/CharFace/mai/4.webp","content":"CharFace","replyDepth":0,"type":"image","sCharacter":{"no":"舞","index":"Mai_BG"}},{"file":"GameData/BLDA/CharFace/shinon/6.webp","content":"CharFace","replyDepth":0,"type":"image","sCharacter":{"no":"川流诗乃","index":"Shinon_BG"}},{"content":"纱织这边","replyDepth":0,"type":"info","sCharacter":{"no":"川流诗乃","index":"Shinon_BG"}},{"content":"公主，走慢点…这些遗迹的碎片散落的到处都是","replyDepth":0,"type":"chat","sCharacter":{"no":"锭前纱织","index":"CH0266_BG"}},{"file":"GameData/BLDA/CharFace/CH0266/7.webp","content":"CharFace","replyDepth":0,"type":"image","sCharacter":{"no":"锭前纱织","index":"CH0266_BG"}},{"content":"纱酱不用太担心我","replyDepth":0,"type":"chat","sCharacter":{"no":"秤亚津子","index":"CH0267_BG"}},{"file":"GameData/BLDA/CharFace/CH0267/3.webp","content":"CharFace","replyDepth":0,"type":"image","sCharacter":{"no":"秤亚津子","index":"CH0267_BG"}},{"content":"三一的人也在这里……刚刚差点就与她们碰上…","replyDepth":0,"type":"chat","sCharacter":{"no":"锭前纱织","index":"CH0266_BG"}},{"content":"视线回到洞内","replyDepth":0,"type":"info","sCharacter":{"no":"锭前纱织","index":"CH0266_BG"}},{"content":"这个洞真是黑暗呢…","replyDepth":0,"type":"chat","sCharacter":{"no":"飞鸟马时","index":"NP0078_BG"}},{"content":"（打开手电）","replyDepth":0,"type":"chat","sCharacter":{"no":"飞鸟马时","index":"NP0078_BG"}},{"content":"委员长，请小心…","replyDepth":0,"type":"chat","sCharacter":{"no":"天雨亚子","index":"Ako_BG"}},{"content":"虽然有点老旧失修…但问题不大","replyDepth":0,"type":"chat","sCharacter":{"no":"空崎日奈","index":"CH0063_BG"}},{"file":"GameData/BLDA/CharFace/CH0063/3.webp","content":"CharFace","replyDepth":0,"type":"image","sCharacter":{"no":"空崎日奈","index":"CH0063_BG"}},{"content":"一花同学怎么还不下去呢？","replyDepth":0,"type":"chat","sCharacter":{"no":"鹫见芹娜","index":"NP0075_BG"}},{"content":"哦哦，我来了…","replyDepth":0,"type":"chat","sCharacter":{"no":"一花","index":"CH0292_BG"}},{"content":"（这里看着不像有人啊……可是千禧年的人说生火的痕迹……）","replyDepth":0,"type":"chat","sCharacter":{"no":"一花","index":"CH0292_BG"}},{"file":"GameData/BLDA/CharFace/CH0292/19.webp","content":"CharFace","replyDepth":0,"type":"image","sCharacter":{"no":"一花","index":"CH0292_BG"}},{"content":"总感觉有点诡异呢…","replyDepth":0,"type":"chat","sCharacter":{"no":"一花","index":"CH0292_BG"}},{"content":"对了，克洛诺斯的那两位记者呢？","replyDepth":0,"type":"chat","sCharacter":{"no":"天雨亚子","index":"Ako_BG"}},{"content":"啊，她们说摄像机没电了，说要回去取电池再回来","replyDepth":0,"type":"chat","sCharacter":{"no":"一花","index":"CH0292_BG"}},{"content":"也就是说…我们回不去了？","replyDepth":0,"type":"chat","sCharacter":{"no":"天雨亚子","index":"Ako_BG"}}],"MoeTalk":"1-1"}