{"CHAT":[{"content":"Chapter:荒岛历险记","replyDepth":0,"type":"info","sCharacter":{"no":"飞鸟马时","index":"NP0078_BG"},"file":""},{"content":"202x.9.16 01:17:45 基沃托斯某处","replyDepth":0,"type":"info","sCharacter":{"no":"飞鸟马时","index":"NP0078_BG"},"file":""},{"content":"你去找军需官了吗？","replyDepth":0,"type":"chat","sCharacter":{"no":"custom-250916-011829","index":"custom-250916-011829"},"file":"","isFirst":false,"name":"","isLeft":true,"isCenter":false,"isRight":false,"is_breaking":false,"time":"","style":false},{"file":"GameData/BLDA/CharFace/Automata_PMC1/Idle_01.webp","content":"CharFace","replyDepth":0,"type":"image","sCharacter":{"no":"custom-250916-011829","index":"custom-250916-011829"}},{"content":"还没，你这是又犯了哪门子的病？","replyDepth":0,"type":"chat","sCharacter":{"no":"custom-250916-011901","index":"custom-250916-011901"},"file":"","isFirst":false,"name":"","isLeft":true,"isCenter":false,"isRight":false,"is_breaking":false,"time":"","style":false},{"content":"你这混蛋，我不是让你去找吗！？","replyDepth":0,"type":"chat","sCharacter":{"no":"custom-250916-011829","index":"custom-250916-011829"},"isFirst":false,"name":"","isLeft":true,"isCenter":false,"isRight":false,"is_breaking":false,"file":"","time":"","style":false},{"content":"我忙的很，没时间去找那家伙","replyDepth":0,"type":"chat","sCharacter":{"no":"custom-250916-011901","index":"custom-250916-011901"},"file":""},{"content":"哎呀，没事的，咱手上的枪我都修理过了","replyDepth":0,"type":"chat","sCharacter":{"no":"custom-250916-011901","index":"custom-250916-011901"},"file":""},{"file":"GameData/BLDA/CharFace/Automata_PMC1/Idle_01.webp","content":"CharFace","replyDepth":0,"type":"image","sCharacter":{"no":"custom-250916-011901","index":"custom-250916-011901"}},{"content":"唉，这座小岛要资源没资源，理事为什么要把我们安排在这种地方执勤！？","replyDepth":0,"type":"chat","sCharacter":{"no":"custom-250916-011829","index":"custom-250916-011829"},"file":""},{"content":"还有上面派发给我们的枪，每开两枪就卡一次壳,这难道是你我的问题吗？","replyDepth":0,"type":"chat","sCharacter":{"no":"custom-250916-011829","index":"custom-250916-011829"},"isFirst":false,"name":"","isLeft":true,"isCenter":false,"isRight":false,"is_breaking":false,"file":"","time":"","style":false},{"content":"好了，都跟你说我清理过了","replyDepth":0,"type":"chat","sCharacter":{"no":"custom-250916-011901","index":"custom-250916-011901"},"file":""},{"content":"我觉得是不会再出问题了","replyDepth":0,"type":"chat","sCharacter":{"no":"custom-250916-011901","index":"custom-250916-011901"},"file":""},{"content":"那这最好是不会再出问题了...","replyDepth":0,"type":"chat","sCharacter":{"no":"custom-250916-011829","index":"custom-250916-011829"},"file":""},{"content":"你说，会不会是弹匣的问题？","replyDepth":0,"type":"chat","sCharacter":{"no":"custom-250916-011829","index":"custom-250916-011829"},"file":""},{"file":"GameData/BLDA/CharFace/Automata_PMC1/Idle_01.webp","content":"CharFace","replyDepth":0,"type":"image","sCharacter":{"no":"custom-250916-011829","index":"custom-250916-011829"}},{"content":"那我不知道，但这些老古董步枪是真的垃圾","replyDepth":0,"type":"chat","sCharacter":{"no":"custom-250916-011901","index":"custom-250916-011901"},"file":""},{"content":"还不如那些混混们手里的枪呢","replyDepth":0,"type":"chat","sCharacter":{"no":"custom-250916-011901","index":"custom-250916-011901"},"file":""},{"content":"是啊，还有这地方到底有什么东西，能吸引理事派大批人马过来？","replyDepth":0,"type":"chat","sCharacter":{"no":"custom-250916-011829","index":"custom-250916-011829"},"file":"","isFirst":false,"name":"","isLeft":true,"isCenter":false,"isRight":false,"is_breaking":false,"time":"","style":false},{"content":"结果除了一个附带废弃游乐场的废弃度假村，什么都没有","replyDepth":0,"type":"chat","sCharacter":{"no":"custom-250916-011829","index":"custom-250916-011829"},"file":"","isFirst":false,"name":"","isLeft":true,"isCenter":false,"isRight":false,"is_breaking":false,"time":"","style":false},{"content":"我们一直在给他打下手，他自己倒是真的来这里度假的呢","replyDepth":0,"type":"chat","sCharacter":{"no":"custom-250916-011829","index":"custom-250916-011829"},"file":"","isFirst":false,"name":"","isLeft":true,"isCenter":false,"isRight":false,"is_breaking":false,"time":"","style":false},{"content":"嘘——你还想不想干了，要是被督察员听到怎么办！？","replyDepth":0,"type":"chat","sCharacter":{"no":"custom-250916-011901","index":"custom-250916-011901"},"isFirst":false,"name":"","isLeft":true,"isCenter":false,"isRight":false,"is_breaking":false,"file":"","time":"","style":false},{"content":"那咱们可都得吃不了兜着走的！","replyDepth":0,"type":"chat","sCharacter":{"no":"custom-250916-011901","index":"custom-250916-011901"},"file":""},{"content":"那有什么可怕的，大不了我回黑龟组里继续混日子去了...","replyDepth":0,"type":"chat","sCharacter":{"no":"custom-250916-011829","index":"custom-250916-011829"},"file":""},{"content":"天空开始下起倾盆大雨，哪怕是这座偏远的小岛也无法幸免","replyDepth":0,"type":"info","sCharacter":{"no":"custom-250916-011829","index":"custom-250916-011829"},"file":""},{"content":"天呐，这雨怎么下得这么大！","replyDepth":0,"type":"chat","sCharacter":{"no":"custom-250916-011901","index":"custom-250916-011901"},"file":"","isFirst":false,"name":"","isLeft":true,"isCenter":false,"isRight":false,"is_breaking":false,"time":"","style":false},{"content":"我们得赶紧回去，这帐篷都要被淹了！","replyDepth":0,"type":"chat","sCharacter":{"no":"custom-250916-011901","index":"custom-250916-011901"},"file":""},{"content":"快点，我可记得那台比我们都贵的终端还在里面呢","replyDepth":0,"type":"chat","sCharacter":{"no":"custom-250916-011829","index":"custom-250916-011829"},"file":""},{"file":"GameData/BLDA/CharFace/Automata_PMC1/Idle_01.webp","content":"CharFace","replyDepth":0,"type":"image","sCharacter":{"no":"custom-250916-011829","index":"custom-250916-011829"}},{"content":"我的天，这地面怎么这么滑...哇啊啊——","replyDepth":0,"type":"chat","sCharacter":{"no":"custom-250916-011829","index":"custom-250916-011829"},"file":""},{"content":"(一个踉跄砸到终端上)","replyDepth":0,"type":"chat","sCharacter":{"no":"custom-250916-011829","index":"custom-250916-011829"},"file":""},{"content":"啊哈...可恶，好疼啊！","replyDepth":0,"type":"chat","sCharacter":{"no":"custom-250916-011829","index":"custom-250916-011829"},"isFirst":false,"name":"","isLeft":true,"isCenter":false,"isRight":false,"is_breaking":false,"file":"","time":"","style":false},{"content":"哔哔哔——哔哔哔——","replyDepth":0,"type":"info","sCharacter":{"no":"custom-250916-011901","index":"custom-250916-011901"},"file":""},{"content":"嘿，你这家伙干了什么，这玩意怎么在响！？","replyDepth":0,"type":"chat","sCharacter":{"no":"custom-250916-011901","index":"custom-250916-011901"},"file":""},{"content":"你是不是把那个信号屏蔽器给关了？","replyDepth":0,"type":"chat","sCharacter":{"no":"custom-250916-011901","index":"custom-250916-011901"},"file":""},{"content":"理事那台大机器，发出的信号强度很高的","replyDepth":0,"type":"chat","sCharacter":{"no":"custom-250916-011901","index":"custom-250916-011901"},"file":""},{"content":"没有这玩意，我们很快就会被发现的！","replyDepth":0,"type":"chat","sCharacter":{"no":"custom-250916-011901","index":"custom-250916-011901"},"file":""},{"content":"要是惹了联邦学生会那些小孩子...","replyDepth":0,"type":"chat","sCharacter":{"no":"custom-250916-011901","index":"custom-250916-011901"},"file":""},{"content":"我，我不知道这些，我不懂啊...","replyDepth":0,"type":"chat","sCharacter":{"no":"custom-250916-011829","index":"custom-250916-011829"},"isFirst":false,"name":"","isLeft":true,"isCenter":false,"isRight":false,"is_breaking":false,"file":"","time":"","style":false},{"content":"那现在我们怎么办？","replyDepth":0,"type":"chat","sCharacter":{"no":"custom-250916-011829","index":"custom-250916-011829"},"file":""},{"file":"GameData/BLDA/CharFace/Automata_PMC1/Idle_01.webp","content":"CharFace","replyDepth":0,"type":"image","sCharacter":{"no":"custom-250916-011829","index":"custom-250916-011829"}},{"content":"还能咋办，趁别人发现之前赶紧把屏蔽器重新开了啊！","replyDepth":0,"type":"chat","sCharacter":{"no":"custom-250916-011901","index":"custom-250916-011901"},"file":"","isFirst":false,"name":"","isLeft":true,"isCenter":false,"isRight":false,"is_breaking":false,"time":"","style":false},{"content":"可...我，我不会操作啊...","replyDepth":0,"type":"chat","sCharacter":{"no":"custom-250916-011829","index":"custom-250916-011829"},"file":""},{"content":"你的脑子平时都用来干啥了去了，快，你先按这个试试...","replyDepth":0,"type":"chat","sCharacter":{"no":"custom-250916-011901","index":"custom-250916-011901"},"file":""},{"content":"我看看，诶...怎么更响了？","replyDepth":0,"type":"chat","sCharacter":{"no":"custom-250916-011829","index":"custom-250916-011829"},"file":""},{"content":"你不是说你会操作的吗？","replyDepth":0,"type":"chat","sCharacter":{"no":"custom-250916-011829","index":"custom-250916-011829"},"file":""},{"content":"谁跟你说我会操作了，我刚刚也只是猜想罢了","replyDepth":0,"type":"chat","sCharacter":{"no":"custom-250916-011901","index":"custom-250916-011901"},"file":""},{"content":"诶不是，你...","replyDepth":0,"type":"chat","sCharacter":{"no":"custom-250916-011829","index":"custom-250916-011829"},"file":""},{"content":"别管那么多了，先继续捣鼓吧","replyDepth":0,"type":"chat","sCharacter":{"no":"custom-250916-011901","index":"custom-250916-011901"},"file":""},{"content":"唉，怎么就让我们两个摊上这事啊...","replyDepth":0,"type":"chat","sCharacter":{"no":"custom-250916-011829","index":"custom-250916-011829"},"file":""},{"content":"几小时后\n202x.9.16 08:42:21 基沃托斯，圣所之塔内，交通室","replyDepth":0,"type":"info","sCharacter":{"no":"custom-250916-011829","index":"custom-250916-011829"},"file":"","isFirst":false,"name":"","isLeft":false,"isCenter":true,"isRight":false,"is_breaking":false,"time":"","style":false},{"content":"桃香慢悠悠地来到交通室，准备和往常一样，精神地迎接新的一天...","replyDepth":0,"type":"info","sCharacter":{"no":"由良木桃香","index":"Momoka_BG"},"isFirst":false,"name":"","isLeft":false,"isCenter":true,"isRight":false,"is_breaking":false,"file":"","time":"","style":false},{"content":"呼啊...好困啊...","replyDepth":0,"type":"chat","sCharacter":{"no":"由良木桃香","index":"Momoka_BG"},"file":""},{"content":"今天也是不想上班的一天啊","replyDepth":0,"type":"chat","sCharacter":{"no":"由良木桃香","index":"Momoka_BG"},"file":""},{"file":"GameData/BLDA/CharFace/momoka/15.webp","content":"CharFace","replyDepth":0,"type":"image","sCharacter":{"no":"由良木桃香","index":"Momoka_BG"}},{"content":"让我来看看今天有什么...诶？","replyDepth":0,"type":"chat","sCharacter":{"no":"由良木桃香","index":"Momoka_BG"},"file":""},{"content":"这...这是真的吗？","replyDepth":0,"type":"chat","sCharacter":{"no":"由良木桃香","index":"Momoka_BG"},"file":""},{"content":"在这个地方，怎么会有如此高强度的信号请求？","replyDepth":0,"type":"chat","sCharacter":{"no":"由良木桃香","index":"Momoka_BG"},"file":""},{"content":"等等，这地方真的存在吗！？","replyDepth":0,"type":"chat","sCharacter":{"no":"由良木桃香","index":"Momoka_BG"},"file":""},{"file":"GameData/BLDA/CharFace/momoka/1.webp","content":"CharFace","replyDepth":0,"type":"image","sCharacter":{"no":"由良木桃香","index":"Momoka_BG"}},{"content":"(手指在键盘上敲击着)","replyDepth":0,"type":"chat","sCharacter":{"no":"由良木桃香","index":"Momoka_BG"},"file":""},{"content":"哦，这地方还真的有座岛啊...","replyDepth":0,"type":"chat","sCharacter":{"no":"由良木桃香","index":"Momoka_BG"},"file":""},{"content":"感觉不是我这个级别的人能处理的事情...","replyDepth":0,"type":"chat","sCharacter":{"no":"由良木桃香","index":"Momoka_BG"},"file":""},{"content":"还是赶紧告诉我们亲爱的凛行政官吧...","replyDepth":0,"type":"chat","sCharacter":{"no":"由良木桃香","index":"Momoka_BG"},"file":""},{"content":"桃香掏出手机准备打电话过去，但脚下有一个吃完了明太子包装袋...\n桃香踩到了它，随即向后滑倒开","replyDepth":0,"type":"info","sCharacter":{"no":"由良木桃香","index":"Momoka_BG"},"isFirst":false,"name":"","isLeft":false,"isCenter":true,"isRight":false,"is_breaking":false,"file":"","time":"","style":false},{"content":"咿呀——","replyDepth":0,"type":"chat","sCharacter":{"no":"由良木桃香","index":"Momoka_BG"},"file":""},{"file":"GameData/BLDA/CharFace/momoka/4.webp","content":"CharFace","replyDepth":0,"type":"image","sCharacter":{"no":"由良木桃香","index":"Momoka_BG"}},{"content":"(试图用手臂支撑到什么)","replyDepth":0,"type":"chat","sCharacter":{"no":"由良木桃香","index":"Momoka_BG"},"isFirst":false,"name":"","isLeft":true,"isCenter":false,"isRight":false,"is_breaking":false,"file":"","time":"","style":false},{"content":"嘿呀，呼，好险啊——","replyDepth":0,"type":"chat","sCharacter":{"no":"由良木桃香","index":"Momoka_BG"},"file":""},{"content":"差点就碰到终端了，要是出了什么事就不好了啊...","replyDepth":0,"type":"chat","sCharacter":{"no":"由良木桃香","index":"Momoka_BG"},"file":""},{"file":"GameData/BLDA/CharFace/momoka/7.webp","content":"CharFace","replyDepth":0,"type":"image","sCharacter":{"no":"由良木桃香","index":"Momoka_BG"}},{"content":"那么，桃香同学，究竟是发生了什么事情呢？","replyDepth":0,"type":"chat","sCharacter":{"no":"七神凛","index":"Rin_BG"},"file":""},{"file":"GameData/BLDA/CharFace/rin/14.webp","content":"CharFace","replyDepth":0,"type":"image","sCharacter":{"no":"七神凛","index":"Rin_BG"}},{"content":"呜哇，凛行政官！？","replyDepth":0,"type":"chat","sCharacter":{"no":"由良木桃香","index":"Momoka_BG"},"file":""},{"content":"什，什么时候接通的电话？","replyDepth":0,"type":"chat","sCharacter":{"no":"由良木桃香","index":"Momoka_BG"},"file":""},{"content":"你打过来的时候我就立马接通了","replyDepth":0,"type":"chat","sCharacter":{"no":"七神凛","index":"Rin_BG"},"file":""},{"content":"明天我会亲自到交通室一趟看看情况的","replyDepth":0,"type":"chat","sCharacter":{"no":"七神凛","index":"Rin_BG"},"file":""},{"file":"GameData/BLDA/CharFace/rin/12.webp","content":"CharFace","replyDepth":0,"type":"image","sCharacter":{"no":"七神凛","index":"Rin_BG"}},{"content":"等，等一下！我还有事情跟行政官您说呢！","replyDepth":0,"type":"chat","sCharacter":{"no":"由良木桃香","index":"Momoka_BG"},"file":""},{"content":"还请先让我说完，拜托了！","replyDepth":0,"type":"chat","sCharacter":{"no":"由良木桃香","index":"Momoka_BG"},"file":""},{"content":"202x.9.16 09:07:56 夏莱大楼","replyDepth":0,"type":"info","sCharacter":{"no":"由良木桃香","index":"Momoka_BG"},"file":""},{"content":"事情就是这样子的，老师","replyDepth":0,"type":"chat","sCharacter":{"no":"扇喜葵","index":"NP0032_BG"},"file":""},{"file":"GameData/BLDA/CharFace/NP0032/99.webp","content":"CharFace","replyDepth":0,"type":"image","sCharacter":{"no":"扇喜葵","index":"NP0032_BG"}},{"content":"鉴于情况紧急，学生会直接到夏莱跟您进行交流","replyDepth":0,"type":"chat","sCharacter":{"no":"扇喜葵","index":"NP0032_BG"},"file":""},{"content":"在基沃托斯附近的一座岛屿，侦测到了异常的高强度信号","replyDepth":0,"type":"chat","sCharacter":{"no":"扇喜葵","index":"NP0032_BG"},"isFirst":false,"name":"","isLeft":true,"isCenter":false,"isRight":false,"is_breaking":false,"file":"","time":"","style":false},{"content":"经过交通室室长的调查，这座岛屿的归属权属于我们联邦学生会","replyDepth":0,"type":"chat","sCharacter":{"no":"扇喜葵","index":"NP0032_BG"},"file":""},{"content":"因此，联邦学生会方面委托夏莱，协助前往该岛屿，确认其归属权","replyDepth":0,"type":"chat","sCharacter":{"no":"扇喜葵","index":"NP0032_BG"},"file":""},{"content":"老师，我们需要您的帮助！","replyDepth":0,"type":"chat","sCharacter":{"no":"扇喜葵","index":"NP0032_BG"},"file":""},{"file":"GameData/BLDA/CharFace/NP0032/7.webp","content":"CharFace","replyDepth":0,"type":"image","sCharacter":{"no":"扇喜葵","index":"NP0032_BG"}},{"content":"就是说，你们又有一座岛屿等待收复了？","replyDepth":0,"type":"chat","sCharacter":{"no":0,"index":"1"},"file":""},{"content":"起码这次是提前说一声了，而不是到最后才提上一嘴","replyDepth":0,"type":"chat","sCharacter":{"no":0,"index":"1"},"file":""},{"content":"这个...确实是我们这边的失误，没能提前和老师您知会一声","replyDepth":0,"type":"chat","sCharacter":{"no":"扇喜葵","index":"NP0032_BG"},"file":""},{"content":"凛行政官那次也是迫不得已而为之...","replyDepth":0,"type":"chat","sCharacter":{"no":"扇喜葵","index":"NP0032_BG"},"isFirst":false,"name":"","isLeft":true,"isCenter":false,"isRight":false,"is_breaking":false,"file":"","time":"","style":false},{"content":"不过之后我们也各位同学进行了交流和致歉，以后不会再有这种情况出现了","replyDepth":0,"type":"chat","sCharacter":{"no":"扇喜葵","index":"NP0032_BG"},"file":""},{"file":"GameData/BLDA/CharFace/NP0032/Idle_01.webp","content":"CharFace","replyDepth":0,"type":"image","sCharacter":{"no":"扇喜葵","index":"NP0032_BG"}},{"content":"好吧，不过我需要一些时间来召集人手来帮忙","replyDepth":0,"type":"chat","sCharacter":{"no":0,"index":"1"},"file":""},{"content":"总不可能就我一个人跑去勘察吧","replyDepth":0,"type":"chat","sCharacter":{"no":0,"index":"1"},"file":""},{"content":"这是自然，这边会给您四个小时的时间","replyDepth":0,"type":"chat","sCharacter":{"no":"扇喜葵","index":"NP0032_BG"},"file":""},{"file":"GameData/BLDA/CharFace/NP0032/99.webp","content":"CharFace","replyDepth":0,"type":"image","sCharacter":{"no":"扇喜葵","index":"NP0032_BG"}},{"content":"等等，只有...有四个小时？","replyDepth":0,"type":"chat","sCharacter":{"no":0,"index":"1"},"file":""},{"content":"会不会，太赶了些","replyDepth":0,"type":"chat","sCharacter":{"no":0,"index":"1"},"file":""},{"content":"抱歉，因为这件事比较紧迫，联邦学生会方面迫切需要知晓岛上的情况","replyDepth":0,"type":"chat","sCharacter":{"no":"扇喜葵","index":"NP0032_BG"},"file":""},{"content":"所有能给到的时间就只有这么多了","replyDepth":0,"type":"chat","sCharacter":{"no":"扇喜葵","index":"NP0032_BG"},"file":""},{"content":"我也只是与老师通知此事，若给老师您造成不便的话...","replyDepth":0,"type":"chat","sCharacter":{"no":"扇喜葵","index":"NP0032_BG"},"file":""},{"content":"我代表联邦学生会方面给您致歉","replyDepth":0,"type":"chat","sCharacter":{"no":"扇喜葵","index":"NP0032_BG"},"file":""},{"file":"GameData/BLDA/CharFace/NP0032/6.webp","content":"CharFace","replyDepth":0,"type":"image","sCharacter":{"no":"扇喜葵","index":"NP0032_BG"}},{"content":"道歉啥的就没必要了...","replyDepth":0,"type":"chat","sCharacter":{"no":0,"index":"1"},"file":""},{"content":"那我尽快把名单给你们\n我现在就去召集人手","replyDepth":0,"type":"reply","sCharacter":{"no":0,"index":"1"},"file":""},{"content":"好的，辛苦老师您了","replyDepth":0,"type":"chat","sCharacter":{"no":"扇喜葵","index":"NP0032_BG"},"file":""},{"file":"GameData/BLDA/CharFace/NP0032/3.webp","content":"CharFace","replyDepth":0,"type":"image","sCharacter":{"no":"扇喜葵","index":"NP0032_BG"}},{"content":"（四个小时？这莫不是在说笑！）","replyDepth":0,"type":"chat","sCharacter":{"no":0,"index":"1"},"file":""},{"content":"（但现在抱怨也没用，我必须重新集结我的学生...）","replyDepth":0,"type":"chat","sCharacter":{"no":0,"index":"1"},"file":""},{"content":"几分钟后，Momotalk上\n[S.C.H.A.L.E_Sensei发布了一个帖子]\n“请本周负责值日的七位学生，现在立即前往夏莱，原因会在稍后说明 :)”","replyDepth":0,"type":"info","sCharacter":{"no":"0","index":"1"},"isFirst":false,"name":"","isLeft":false,"isCenter":true,"isRight":false,"is_breaking":false,"file":"","time":"","style":false},{"content":"与此同时，在基沃托斯的各个地方","replyDepth":0,"type":"info","sCharacter":{"no":"扇喜葵","index":"NP0032_BG"},"file":""},{"content":"这次，我陆八魔阿露，定将为我们便利屋68赢得上上签！","replyDepth":0,"type":"chat","sCharacter":{"no":"陆八魔阿露","index":"Aru_Newyear_BG"},"file":""},{"file":"GameData/BLDA/CharFace/aru_newyear/8.webp","content":"CharFace","replyDepth":0,"type":"image","sCharacter":{"no":"陆八魔阿露","index":"Aru_Newyear_BG"}},{"content":"阿...阿露大人加油！","replyDepth":0,"type":"chat","sCharacter":{"no":"伊草遥香","index":"CH0087_BG"},"file":""},{"content":"咯呵呵，阿露酱又要展现自己的运气了吗？","replyDepth":0,"type":"chat","sCharacter":{"no":"浅黄睦月","index":"Mutsuki_Newyear_BG"},"file":""},{"content":"这已经是社长抽的第五次签了...","replyDepth":0,"type":"chat","sCharacter":{"no":"鬼方佳代子","index":"CH0086_BG"},"file":""},{"file":"GameData/BLDA/CharFace/CH0086/4.webp","content":"CharFace","replyDepth":0,"type":"image","sCharacter":{"no":"鬼方佳代子","index":"CH0086_BG"}},{"content":"这次绝对没问题的，佳代子课长","replyDepth":0,"type":"chat","sCharacter":{"no":"陆八魔阿露","index":"Aru_Newyear_BG"},"isFirst":false,"name":"","isLeft":true,"isCenter":false,"isRight":false,"is_breaking":false,"file":"","time":"","style":false},{"content":"啊，到我了...","replyDepth":0,"type":"chat","sCharacter":{"no":"陆八魔阿露","index":"Aru_Newyear_BG"},"file":""},{"content":"只要抽到上上签...呃...","replyDepth":0,"type":"chat","sCharacter":{"no":"陆八魔阿露","index":"Aru_Newyear_BG"},"file":""},{"file":"GameData/BLDA/CharFace/aru_newyear/15.webp","content":"CharFace","replyDepth":0,"type":"image","sCharacter":{"no":"陆八魔阿露","index":"Aru_Newyear_BG"}}],"MoeTalk":"4-0"}