{"K":{"school":"犹格索托斯的庭院","club":"犹格索托斯的庭院","head":"2109,2114,2149","name":{"zh_cn":"","zh_tw":"","jp":"","en":"","kr":"","pinyin":"K"}},"主持人":{"school":"犹格索托斯的庭院","club":"犹格索托斯的庭院","head":"2107,2166","name":{"zh_cn":"","zh_tw":"","jp":"","en":"","kr":"","pinyin":"zhuchiren"}},"兔子女士":{"school":"犹格索托斯的庭院","club":"犹格索托斯的庭院","head":"2112","name":{"zh_cn":"","zh_tw":"","jp":"","en":"","kr":"","pinyin":"tuzinvshi"}},"加白":{"school":"犹格索托斯的庭院","club":"犹格索托斯的庭院","head":"2153","name":{"zh_cn":"","zh_tw":"","jp":"","en":"","kr":"","pinyin":"jiabai"}},"小叶子":{"school":"犹格索托斯的庭院","club":"犹格索托斯的庭院","head":"2105.2,2105.3,2105.4,2105","name":{"zh_cn":"","zh_tw":"","jp":"","en":"","kr":"","pinyin":"xiaoyezi"}},"张析木":{"school":"犹格索托斯的庭院","club":"犹格索托斯的庭院","head":"2128","name":{"zh_cn":"","zh_tw":"","jp":"","en":"","kr":"","pinyin":"zhangximu"}},"星野":{"school":"犹格索托斯的庭院","club":"犹格索托斯的庭院","head":"2119","name":{"zh_cn":"","zh_tw":"","jp":"","en":"","kr":"","pinyin":"xingye"}},"牙牙":{"school":"犹格索托斯的庭院","club":"犹格索托斯的庭院","head":"2126","name":{"zh_cn":"","zh_tw":"","jp":"","en":"","kr":"","pinyin":"yaya"}},"特莉波卡":{"school":"犹格索托斯的庭院","club":"犹格索托斯的庭院","head":"2106.1,2106.2,2106.3,2106.4,2106.5,2106,2176","name":{"zh_cn":"","zh_tw":"","jp":"","en":"","kr":"","pinyin":"teliboka"}},"猫山王":{"school":"犹格索托斯的庭院","club":"犹格索托斯的庭院","head":"2116","name":{"zh_cn":"","zh_tw":"","jp":"","en":"","kr":"","pinyin":"maoshanwang"}},"耶芙娜":{"school":"犹格索托斯的庭院","club":"犹格索托斯的庭院","head":"2103.1,2103.2,2103.3,2103,2103A","name":{"zh_cn":"","zh_tw":"","jp":"","en":"","kr":"","pinyin":"yefuna"}},"蒲越桃":{"school":"犹格索托斯的庭院","club":"犹格索托斯的庭院","head":"2148","name":{"zh_cn":"","zh_tw":"","jp":"","en":"","kr":"","pinyin":"puyuetao"}},"霞露零":{"school":"犹格索托斯的庭院","club":"犹格索托斯的庭院","head":"2104.2,2104.3,2104,2104_11","name":{"zh_cn":"","zh_tw":"","jp":"","en":"","kr":"","pinyin":"xialuling"}}}