{"CHAT":[{"replyDepth":0,"sCharacter":{"no":0,"index":"1"},"content":"去旅游吧","type":"chat"},{"replyDepth":0,"sCharacter":{"no":"调月莉音","index":"CH0158"},"content":"啊？嗯？","type":"chat"},{"replyDepth":0,"sCharacter":{"no":"调月莉音","index":"CH0158"},"content":"你说什么？","type":"chat"},{"replyDepth":0,"sCharacter":{"no":"0","index":"1"},"content":"我说，我们去旅游吧","type":"chat","isFirst":false,"name":"","isLeft":true,"isCenter":false,"isRight":false,"is_breaking":false,"file":"","time":"","style":false},{"replyDepth":0,"sCharacter":{"no":0,"index":"1"},"content":"这只是稀松平常的一天，很像是会在基沃托斯反复上演的某一天","type":"info"},{"replyDepth":0,"sCharacter":{"no":0,"index":"1"},"content":"我正在夏莱重复每日枯燥乏味的工作","type":"info"},{"replyDepth":0,"sCharacter":{"no":0,"index":"1"},"content":"甚至今日的20小费步梦都还没结算给我","type":"info"},{"replyDepth":0,"sCharacter":{"no":0,"index":"1"},"content":"好了，牢骚也发过了，事先声明我并不是出于想翘班之类的原因才说要去旅游的","type":"info"},{"replyDepth":0,"sCharacter":{"no":0,"index":"1"},"content":"毕竟，虽然工作很无聊，但有她陪我","type":"info"},{"replyDepth":0,"sCharacter":{"no":0,"index":"1"},"content":"莉音，我指定的长期值日生","type":"info"},{"replyDepth":0,"sCharacter":{"no":0,"index":"1"},"content":"你问我为什么……当然是因为我喜欢她呀","type":"info"},{"replyDepth":0,"sCharacter":{"no":0,"index":"1"},"content":"非常喜欢","type":"info"},{"replyDepth":0,"sCharacter":{"no":0,"index":"1"},"content":"但我们还不是那样的关系","type":"info"},{"replyDepth":0,"sCharacter":{"no":0,"index":"1"},"content":"我能坦率地对任何人承认我喜欢她，唯独在她面前我却羞于启齿","type":"info"},{"replyDepth":0,"sCharacter":{"no":0,"index":"1"},"content":"她是怎么看我的呢，这个问题也同样问不出口","type":"info"},{"replyDepth":0,"sCharacter":{"no":0,"index":"1"},"content":"来夏莱值日的最初几天，她虽有些局促，但落落大方的姿态早已令我一见倾心","type":"info"},{"replyDepth":0,"sCharacter":{"no":0,"index":"1"},"content":"可最近几日，总觉得她心事重重的样子，工作时常望着窗外天空出神","type":"info"},{"replyDepth":0,"sCharacter":{"no":0,"index":"1"},"content":"我有些担心，所以","type":"info"},{"replyDepth":0,"sCharacter":{"no":0,"index":"1"},"content":"正好，看在我最近工作效率极高的份上","type":"chat"},{"replyDepth":0,"sCharacter":{"no":0,"index":"1"},"content":"找凛酱批个长假没啥问题吧","type":"chat"},{"replyDepth":0,"sCharacter":{"no":0,"index":"1"},"content":"……应该？","type":"chat"},{"replyDepth":0,"sCharacter":{"no":0,"index":"1"},"content":"","type":"image","file":"GameData/BLDA/Emoji/stamps/ClanChat_Emoji_15_Jp.webp"},{"replyDepth":0,"sCharacter":{"no":"调月莉音","index":"CH0158"},"content":"噗","type":"chat"},{"replyDepth":0,"sCharacter":{"no":"调月莉音","index":"CH0158"},"content":"好呀","type":"chat"},{"replyDepth":0,"sCharacter":{"no":"调月莉音","index":"CH0158"},"content":"偶尔出去转转也挺好的","type":"chat"},{"replyDepth":0,"sCharacter":{"no":"调月莉音","index":"CH0158"},"content":"那么sensei想去哪里？","type":"chat"},{"replyDepth":0,"sCharacter":{"no":"调月莉音","index":"CH0158"},"content":"","type":"image","file":"GameData/BLDA/CharFace/CH0158/8.webp"},{"replyDepth":0,"sCharacter":{"no":0,"index":"1"},"content":"有很多地方哦","type":"chat"},{"replyDepth":0,"sCharacter":{"no":0,"index":"1"},"content":"我都想去","type":"chat"},{"replyDepth":0,"sCharacter":{"no":0,"index":"1"},"content":"想带你一起去","type":"info"},{"replyDepth":0,"sCharacter":{"no":0,"index":"1"},"content":"机会难得，我们计划个大的吧","type":"chat"},{"replyDepth":0,"sCharacter":{"no":0,"index":"1"},"content":"比如花一个月时间来场环基沃托斯旅行","type":"chat"},{"replyDepth":0,"sCharacter":{"no":0,"index":"1"},"content":"莉音你先回去收拾行李","type":"chat"},{"replyDepth":0,"sCharacter":{"no":0,"index":"1"},"content":"假期的事，我来搞定就好","type":"chat"},{"replyDepth":0,"sCharacter":{"no":"调月莉音","index":"CH0158"},"content":"？","type":"chat"},{"replyDepth":0,"sCharacter":{"no":0,"index":"1"},"content":"莉音歪着头，所幸没有提出什么异议","type":"info"}],"MoeTalk":"0-0"}