{"丁礼田 舞":[[["CFID_0/CharID_0-0",["10"]]],[["CFID_0/CharID_0-1",["12"]]],[["CFID_0/CharID_0-2",["13"]]],[["CFID_0/CharID_0-3",["13"]]],[["CFID_0/CharID_0-4",["13"]]]],"三头 慧之子":[[["CFID_0/CharID_1-0",["10"]]],[["CFID_0/CharID_1-1",["12"]]],[["CFID_0/CharID_1-2",["13"]]],[["CFID_0/CharID_1-3",["13"]]],[["CFID_0/CharID_1-4",["13"]]]],"上白泽 慧音":[[["CFID_0/CharID_2-0",["10"]]],[["CFID_0/CharID_2-1",["19"]]],[["CFID_0/CharID_2-5",["19"]]],[["CFID_0/CharID_2-2",["15"]]],[["CFID_0/CharID_2-3",["15"]]],[["CFID_0/CharID_2-4",["13"]]],[["CFID_0/CharID_2-6",["15"]]]],"东风谷 早苗":[[["CFID_0/CharID_3-0",["10"]]],[["CFID_0/CharID_3-1",["15"]]],[["CFID_0/CharID_3-7",["26"]]],[["CFID_0/CharID_3-8",["15"]]],[["CFID_0/CharID_3-3",["14"]]],[["CFID_0/CharID_3-4",["32"]]]],"丰聪耳 神子":[[["CFID_0/CharID_4-0",["10"]]],[["CFID_0/CharID_4-1",["29"]]],[["CFID_0/CharID_4-2",["14"]]],[["CFID_0/CharID_4-3",["14"]]],[["CFID_0/CharID_4-4",["27"]]]],"九十九 八桥":[[["CFID_0/CharID_5-0",["10"]]],[["CFID_0/CharID_5-9",["21"]]],[["CFID_0/CharID_5-1",["19"]]],[["CFID_0/CharID_5-2",["15"]]],[["CFID_0/CharID_5-3",["21"]]]],"九十九 弁弁":[[["CFID_0/CharID_6-0",["10"]]],[["CFID_0/CharID_6-9",["21"]]],[["CFID_0/CharID_6-1",["19"]]],[["CFID_0/CharID_6-2",["15"]]],[["CFID_0/CharID_6-3",["21"]]]],"二岩 猯藏":[[["CFID_0/CharID_7-0",["10"]]],[["CFID_0/CharID_7-1",["19"]]],[["CFID_0/CharID_7-2",["14"]]],[["CFID_0/CharID_7-3",["21"]]],[["CFID_0/CharID_7-4",["13"]]],[["CFID_0/CharID_7-10",["16"]]]],"云居 一轮":[[["CFID_0/CharID_8-0",["9"]]],[["CFID_0/CharID_8-1",["12"]]],[["CFID_0/CharID_8-2",["8"]]],[["CFID_0/CharID_8-11",["9"]]],[["CFID_0/CharID_8-12",["9"]]],[["CFID_0/CharID_8-13",["13"]]],[["CFID_0/CharID_8-14",["9"]]],[["CFID_0/CharID_8-4",["13"]]]],"云山":[[["CFID_0/CharID_9-15",["7"]]]],"今泉 影狼":[[["CFID_0/CharID_10-0",["10"]]],[["CFID_0/CharID_10-1",["19"]]],[["CFID_0/CharID_10-2",["15"]]],[["CFID_0/CharID_10-3",["21"]]],[["CFID_0/CharID_10-4",["15"]]]],"伊吹 萃香":[[["CFID_0/CharID_11-0",["10"]]],[["CFID_0/CharID_11-1",["14"]]],[["CFID_0/CharID_11-2",["15"]]],[["CFID_0/CharID_11-3",["14"]]],[["CFID_0/CharID_11-4",["15"]]],[["CFID_0/CharID_11-16",["13"]]]],"依神 女苑":[[["CFID_0/CharID_12-0",["10"]]],[["CFID_0/CharID_12-1",["14"]]],[["CFID_0/CharID_12-2",["17"]]],[["CFID_0/CharID_12-3",["15"]]],[["CFID_0/CharID_12-4",["14"]]]],"依神 紫苑":[[["CFID_0/CharID_13-0",["10"]]],[["CFID_0/CharID_13-1",["14"]]],[["CFID_0/CharID_13-2",["16"]]],[["CFID_0/CharID_13-3",["15"]]],[["CFID_0/CharID_13-4",["15"]]]],"依莉斯":[[["CFID_0/CharID_14-1",["12"]]],[["CFID_0/CharID_14-2",["23"]]],[["CFID_0/CharID_14-3",["14"]]],[["CFID_0/CharID_14-4",["14"]]]],"克劳恩皮丝":[[["CFID_0/CharID_15-0",["10"]]],[["CFID_0/CharID_15-1",["19"]]],[["CFID_0/CharID_15-2",["13"]]],[["CFID_0/CharID_15-3",["21"]]],[["CFID_0/CharID_15-4",["11"]]]],"兔妖怪":[[["CFID_0/CharID_16-17",["13"]]],[["CFID_0/CharID_16-18",["13"]]],[["CFID_0/CharID_16-19",["13"]]]],"八云 紫":[[["CFID_0/CharID_17-0",["10"]]],[["CFID_0/CharID_17-9",["13"]]],[["CFID_0/CharID_17-1",["14"]]],[["CFID_0/CharID_17-20",["13"]]],[["CFID_0/CharID_17-21",["13"]]],[["CFID_0/CharID_17-22",["31"]]],[["CFID_0/CharID_17-23",["25"]]],[["CFID_0/CharID_17-3",["14"]]],[["CFID_0/CharID_17-4",["14"]]]],"八云 蓝":[[["CFID_0/CharID_18-0",["10"]]],[["CFID_0/CharID_18-1",["14"]]],[["CFID_0/CharID_18-2",["16"]]],[["CFID_0/CharID_18-3",["15"]]],[["CFID_0/CharID_18-4",["25"]]]],"八坂 神奈子":[[["CFID_0/CharID_19-0",["10"]]],[["CFID_0/CharID_19-1",["19"]]],[["CFID_0/CharID_19-24",["26"]]],[["CFID_0/CharID_19-25",["15"]]],[["CFID_0/CharID_19-3",["21"]]],[["CFID_0/CharID_19-4",["15"]]]],"八意 永琳":[[["CFID_0/CharID_20-0",["10"]]],[["CFID_0/CharID_20-1",["12"]]],[["CFID_0/CharID_20-2",["13"]]],[["CFID_0/CharID_20-3",["13"]]],[["CFID_0/CharID_20-4",["13"]]],[["CFID_0/CharID_20-26",["13"]]]],"冈崎 梦美":[[["CFID_0/CharID_21-1",["11"]]],[["CFID_0/CharID_21-2",["21"]]],[["CFID_0/CharID_21-3",["13"]]],[["CFID_0/CharID_21-4",["13"]]]],"冴月 麟":[[["CFID_0/CharID_22-0",["10"]]],[["CFID_0/CharID_22-1",["12"]]],[["CFID_0/CharID_22-2",["13"]]],[["CFID_0/CharID_22-3",["13"]]],[["CFID_0/CharID_22-27",["13"]]]],"北白河 千百合":[[["CFID_0/CharID_23-1",["12"]]],[["CFID_0/CharID_23-2",["21"]]],[["CFID_0/CharID_23-3",["13"]]],[["CFID_0/CharID_23-4",["13"]]]],"十六夜 咲夜":[[["CFID_0/CharID_24-0",["10"]]],[["CFID_0/CharID_24-1",["13"]]],[["CFID_0/CharID_24-2",["15"]]],[["CFID_0/CharID_24-3",["13"]]],[["CFID_0/CharID_24-4",["4"]]],[["CFID_0/CharID_24-28",["13"]]]],"博丽 灵梦":[[["CFID_0/CharID_25-0",["9"]]],[["CFID_0/CharID_25-29",["14"]]],[["CFID_0/CharID_25-30",["22"]]],[["CFID_0/CharID_25-31",["14"]]],[["CFID_0/CharID_25-32",["15"]]],[["CFID_0/CharID_25-1",["31"]]],[["CFID_0/CharID_25-33",["29"]]],[["CFID_0/CharID_25-34",["29"]]],[["CFID_0/CharID_25-35",["12"]]],[["CFID_0/CharID_25-36",["17"]]],[["CFID_0/CharID_25-27",["15"]]],[["CFID_0/CharID_25-4",["16"]]],[["CFID_0/CharID_25-37",["9"]]],[["CFID_0/CharID_25-38",["13"]]],[["CFID_0/CharID_25-10",["14"]]]],"卡娜·安娜贝拉尔":[[["CFID_0/CharID_26-1",["12"]]],[["CFID_0/CharID_26-2",["21"]]],[["CFID_0/CharID_26-3",["13"]]],[["CFID_0/CharID_26-4",["13"]]]],"古明地 恋":[[["CFID_0/CharID_27-0",["10"]]],[["CFID_0/CharID_27-39",["16"]]],[["CFID_0/CharID_27-40",["4"]]],[["CFID_0/CharID_27-41",["4"]]],[["CFID_0/CharID_27-42",["4"]]],[["CFID_0/CharID_27-1",["24"]]],[["CFID_0/CharID_27-2",["15"]]],[["CFID_0/CharID_27-3",["26"]]]],"古明地 觉":[[["CFID_0/CharID_28-0",["10"]]],[["CFID_0/CharID_28-1",["24"]]],[["CFID_0/CharID_28-13",["15"]]],[["CFID_0/CharID_28-43",["30"]]],[["CFID_0/CharID_28-3",["26"]]],[["CFID_0/CharID_28-4",["16"]]]],"吉弔 八千慧":[[["CFID_0/CharID_29-0",["10"]]],[["CFID_0/CharID_29-1",["12"]]],[["CFID_0/CharID_29-2",["13"]]],[["CFID_0/CharID_29-3",["13"]]],[["CFID_0/CharID_29-4",["14"]]]],"哆来咪·苏伊特":[[["CFID_0/CharID_30-0",["10"]]],[["CFID_0/CharID_30-1",["19"]]],[["CFID_0/CharID_30-2",["15"]]],[["CFID_0/CharID_30-3",["21"]]],[["CFID_0/CharID_30-4",["16"]]]],"四季 映姬":[[["CFID_0/CharID_31-0",["10"]]],[["CFID_0/CharID_31-1",["16"]]],[["CFID_0/CharID_31-2",["15"]]],[["CFID_0/CharID_31-3",["17"]]],[["CFID_0/CharID_31-4",["15"]]]],"因幡 帝":[[["CFID_0/CharID_32-0",["10"]]],[["CFID_0/CharID_32-9",["14"]]],[["CFID_0/CharID_32-1",["20"]]],[["CFID_0/CharID_32-2",["16"]]],[["CFID_0/CharID_32-3",["21"]]]],"土蜘蛛":[[["CFID_0/CharID_33-2",["53"]]]],"圣 白莲":[[["CFID_0/CharID_34-0",["10"]]],[["CFID_0/CharID_34-1",["12"]]],[["CFID_0/CharID_34-2",["13"]]],[["CFID_0/CharID_34-3",["13"]]],[["CFID_0/CharID_34-4",["15"]]],[["CFID_0/CharID_34-26",["15"]]]],"坂田 合欢乃":[[["CFID_0/CharID_35-0",["10"]]],[["CFID_0/CharID_35-1",["12"]]],[["CFID_0/CharID_35-2",["13"]]],[["CFID_0/CharID_35-3",["13"]]],[["CFID_0/CharID_35-4",["13"]]]],"埴安神 袿姬":[[["CFID_0/CharID_36-0",["10"]]],[["CFID_0/CharID_36-1",["12"]]],[["CFID_0/CharID_36-2",["12"]]],[["CFID_0/CharID_36-3",["13"]]],[["CFID_0/CharID_36-4",["15"]]]],"堀川 雷鼓":[[["CFID_0/CharID_37-0",["10"]]],[["CFID_0/CharID_37-1",["19"]]],[["CFID_0/CharID_37-150",["6"]]],[["CFID_0/CharID_37-151",["21"]]],[["CFID_0/CharID_37-3",["22"]]],[["CFID_0/CharID_37-4",["14"]]]],"多多良 小伞":[[["CFID_0/CharID_38-0",["10"]]],[["CFID_0/CharID_38-44",["28"]]],[["CFID_0/CharID_38-45",["19"]]],[["CFID_0/CharID_38-1",["25"]]],[["CFID_0/CharID_38-46",["24"]]],[["CFID_0/CharID_38-47",["18"]]],[["CFID_0/CharID_38-3",["28"]]],[["CFID_0/CharID_38-48",["12"]]]],"大妖精":[[["CFID_0/CharID_39-0",["10"]]],[["CFID_0/CharID_39-9",["21"]]],[["CFID_0/CharID_39-1",["12"]]],[["CFID_0/CharID_39-2",["26"]]],[["CFID_0/CharID_39-3",["13"]]]],"大鲶鱼":[[["CFID_0/CharID_40-2",["8"]]]],"天弓 千亦":[[["CFID_0/CharID_41-0",["11"]]],[["CFID_0/CharID_41-1",["12"]]],[["CFID_0/CharID_41-2",["13"]]],[["CFID_0/CharID_41-3",["14"]]],[["CFID_0/CharID_41-4",["14"]]]],"天火人 血枪":[[["CFID_0/CharID_42-0",["11"]]],[["CFID_0/CharID_42-1",["12"]]],[["CFID_0/CharID_42-2",["13"]]],[["CFID_0/CharID_42-3",["13"]]],[["CFID_0/CharID_42-4",["13"]]]],"天狗":[[["CFID_0/CharID_43-2",["53"]]]],"奥莲姬":[[["CFID_0/CharID_44-1",["12"]]],[["CFID_0/CharID_44-2",["21"]]],[["CFID_0/CharID_44-3",["13"]]],[["CFID_0/CharID_44-4",["14"]]]],"奥野田 美宵":[[["CFID_0/CharID_45-0",["10"]]],[["CFID_0/CharID_45-2",["13"]]],[["CFID_0/CharID_45-3",["13"]]],[["CFID_0/CharID_45-27",["13"]]]],"妖精":[[["CFID_0/CharID_46-49",["13"]]],[["CFID_0/CharID_46-50",["13"]]],[["CFID_0/CharID_46-51",["13"]]]],"妖精女仆":[[["CFID_0/CharID_47-17",["13"]]],[["CFID_0/CharID_47-18",["13"]]],[["CFID_0/CharID_47-19",["13"]]]],"姬海棠 果":[[["CFID_0/CharID_48-0",["10"]]],[["CFID_0/CharID_48-1",["19"]]],[["CFID_0/CharID_48-2",["13"]]],[["CFID_0/CharID_48-3",["21"]]],[["CFID_0/CharID_48-4",["15"]]]],"姬虫 百百世":[[["CFID_0/CharID_49-0",["11"]]],[["CFID_0/CharID_49-1",["12"]]],[["CFID_0/CharID_49-2",["14"]]],[["CFID_0/CharID_49-3",["14"]]],[["CFID_0/CharID_49-4",["14"]]]],"孙 美天":[[["CFID_0/CharID_50-0",["10"]]],[["CFID_0/CharID_50-1",["12"]]],[["CFID_0/CharID_50-2",["13"]]],[["CFID_0/CharID_50-3",["13"]]],[["CFID_0/CharID_50-4",["13"]]]],"宇佐见 堇子":[[["CFID_0/CharID_51-0",["10"]]],[["CFID_0/CharID_51-1",["19"]]],[["CFID_0/CharID_51-2",["15"]]],[["CFID_0/CharID_51-3",["21"]]],[["CFID_0/CharID_51-4",["16"]]]],"宇佐见 莲子":[[["CFID_0/CharID_52-0",["10"]]],[["CFID_0/CharID_52-2",["15"]]],[["CFID_0/CharID_52-3",["13"]]],[["CFID_0/CharID_52-27",["22"]]],[["CFID_0/CharID_52-52",["14"]]],[["CFID_0/CharID_52-53",["22"]]]],"宫出口 瑞灵":[[["CFID_0/CharID_53-0",["10"]]],[["CFID_0/CharID_53-1",["12"]]],[["CFID_0/CharID_53-2",["13"]]],[["CFID_0/CharID_53-3",["13"]]],[["CFID_0/CharID_53-4",["13"]]]],"宫古 芳香":[[["CFID_0/CharID_54-0",["10"]]],[["CFID_0/CharID_54-9",["15"]]],[["CFID_0/CharID_54-1",["23"]]],[["CFID_0/CharID_54-2",["19"]]],[["CFID_0/CharID_54-3",["24"]]]],"寅丸 星":[[["CFID_0/CharID_55-0",["10"]]],[["CFID_0/CharID_55-1",["20"]]],[["CFID_0/CharID_55-2",["13"]]],[["CFID_0/CharID_55-54",["22"]]],[["CFID_0/CharID_55-27",["24"]]],[["CFID_0/CharID_55-4",["14"]]]],"封兽 魑魅":[[["CFID_0/CharID_186-1",["12"]]],[["CFID_0/CharID_186-2",["14"]]],[["CFID_0/CharID_186-3",["14"]]],[["CFID_0/CharID_186-4",["14"]]]],"封兽 鵺":[[["CFID_0/CharID_56-0",["10"]]],[["CFID_0/CharID_56-1",["13"]]],[["CFID_0/CharID_56-2",["13"]]],[["CFID_0/CharID_56-3",["15"]]],[["CFID_0/CharID_56-4",["13"]]]],"射命丸 文":[[["CFID_0/CharID_57-0",["10"]]],[["CFID_0/CharID_57-1",["23"]]],[["CFID_0/CharID_57-2",["13"]]],[["CFID_0/CharID_57-3",["25"]]],[["CFID_0/CharID_57-4",["13"]]],[["CFID_0/CharID_57-38",["13"]]],[["CFID_0/CharID_57-10",["14"]]]],"小兔姬":[[["CFID_0/CharID_58-1",["12"]]],[["CFID_0/CharID_58-2",["21"]]],[["CFID_0/CharID_58-3",["13"]]],[["CFID_0/CharID_58-4",["12"]]]],"小恶魔":[[["CFID_0/CharID_59-0",["10"]]],[["CFID_0/CharID_59-1",["21"]]],[["CFID_0/CharID_59-2",["20"]]],[["CFID_0/CharID_59-33",["13"]]],[["CFID_0/CharID_59-34",["13"]]],[["CFID_0/CharID_59-3",["23"]]],[["CFID_0/CharID_59-4",["20"]]]],"小野塚 小町":[[["CFID_0/CharID_60-0",["10"]]],[["CFID_0/CharID_60-1",["12"]]],[["CFID_0/CharID_60-2",["13"]]],[["CFID_0/CharID_60-3",["13"]]],[["CFID_0/CharID_60-4",["13"]]]],"少名 针妙丸":[[["CFID_0/CharID_61-0",["10"]]],[["CFID_0/CharID_61-1",["11"]]],[["CFID_0/CharID_61-2",["7"]]],[["CFID_0/CharID_61-3",["13"]]],[["CFID_0/CharID_61-4",["12"]]]],"尔子田 里乃":[[["CFID_0/CharID_62-0",["11"]]],[["CFID_0/CharID_62-1",["13"]]],[["CFID_0/CharID_62-2",["13"]]],[["CFID_0/CharID_62-3",["13"]]],[["CFID_0/CharID_62-4",["13"]]]],"尘塚 姥芽":[[["CFID_0/CharID_187-0",["10"]]],[["CFID_0/CharID_187-1",["12"]]],[["CFID_0/CharID_187-2",["13"]]],[["CFID_0/CharID_187-3",["13"]]],[["CFID_0/CharID_187-4",["14"]]]],"山城 高岭":[[["CFID_0/CharID_63-0",["10"]]],[["CFID_0/CharID_63-1",["12"]]],[["CFID_0/CharID_63-2",["12"]]],[["CFID_0/CharID_63-3",["13"]]],[["CFID_0/CharID_63-4",["14"]]]],"帕秋莉·诺蕾姬":[[["CFID_0/CharID_64-0",["10"]]],[["CFID_0/CharID_64-1",["9"]]],[["CFID_0/CharID_64-2",["19"]]],[["CFID_0/CharID_64-3",["9"]]],[["CFID_0/CharID_64-4",["13"]]],[["CFID_0/CharID_64-38",["13"]]]],"幻月":[[["CFID_0/CharID_65-1",["12"]]],[["CFID_0/CharID_65-2",["21"]]],[["CFID_0/CharID_65-3",["13"]]],[["CFID_0/CharID_65-4",["13"]]]],"幽幻魔眼":[[["CFID_0/CharID_66-1",["13"]]],[["CFID_0/CharID_66-2",["15"]]],[["CFID_0/CharID_66-3",["15"]]],[["CFID_0/CharID_66-4",["24"]]]],"幽灵":[[["CFID_0/CharID_67-2",["53"]]]],"幽谷 响子":[[["CFID_0/CharID_68-0",["10"]]],[["CFID_0/CharID_68-9",["13"]]],[["CFID_0/CharID_68-1",["19"]]],[["CFID_0/CharID_68-2",["15"]]],[["CFID_0/CharID_68-3",["21"]]]],"座敷童子":[[["CFID_0/CharID_69-2",["13"]]]],"庭渡 久侘歌":[[["CFID_0/CharID_70-0",["11"]]],[["CFID_0/CharID_70-1",["12"]]],[["CFID_0/CharID_70-2",["15"]]],[["CFID_0/CharID_70-3",["13"]]],[["CFID_0/CharID_70-4",["16"]]]],"戎 璎花":[[["CFID_0/CharID_71-0",["10"]]],[["CFID_0/CharID_71-1",["12"]]],[["CFID_0/CharID_71-2",["13"]]],[["CFID_0/CharID_71-3",["13"]]],[["CFID_0/CharID_71-4",["14"]]]],"摩多罗 隐岐奈":[[["CFID_0/CharID_72-0",["10"]]],[["CFID_0/CharID_72-1",["12"]]],[["CFID_0/CharID_72-2",["13"]]],[["CFID_0/CharID_72-3",["13"]]],[["CFID_0/CharID_72-4",["15"]]]],"斯塔萨菲雅":[[["CFID_0/CharID_73-0",["10"]]],[["CFID_0/CharID_73-1",["19"]]],[["CFID_0/CharID_73-2",["15"]]],[["CFID_0/CharID_73-3",["21"]]],[["CFID_0/CharID_73-4",["21"]]]],"日白 残无":[[["CFID_0/CharID_74-0",["10"]]],[["CFID_0/CharID_74-1",["12"]]],[["CFID_0/CharID_74-2",["13"]]],[["CFID_0/CharID_74-3",["13"]]],[["CFID_0/CharID_74-4",["13"]]]],"明罗":[[["CFID_0/CharID_75-1",["15"]]],[["CFID_0/CharID_75-2",["22"]]],[["CFID_0/CharID_75-3",["15"]]],[["CFID_0/CharID_75-4",["17"]]]],"易者":[[["CFID_0/CharID_76-0",["9"]]],[["CFID_0/CharID_76-1",["20"]]],[["CFID_0/CharID_76-2",["20"]]],[["CFID_0/CharID_76-3",["18"]]],[["CFID_0/CharID_76-4",["18"]]]],"星熊 勇仪":[[["CFID_0/CharID_77-0",["10"]]],[["CFID_0/CharID_77-1",["24"]]],[["CFID_0/CharID_77-2",["15"]]],[["CFID_0/CharID_77-3",["27"]]],[["CFID_0/CharID_77-4",["15"]]],[["CFID_0/CharID_77-55",["13"]]]],"月兔士兵":[[["CFID_0/CharID_78-15",["5"]]]],"朝仓 理香子":[[["CFID_0/CharID_79-1",["12"]]],[["CFID_0/CharID_79-2",["21"]]],[["CFID_0/CharID_79-3",["13"]]],[["CFID_0/CharID_79-4",["15"]]]],"本居 小铃":[[["CFID_0/CharID_80-0",["10"]]],[["CFID_0/CharID_80-56",["26"]]],[["CFID_0/CharID_80-57",["15"]]],[["CFID_0/CharID_80-3",["14"]]],[["CFID_0/CharID_80-27",["13"]]]],"朱鹭子":[[["CFID_0/CharID_81-0",["10"]]],[["CFID_0/CharID_81-1",["12"]]],[["CFID_0/CharID_81-2",["13"]]],[["CFID_0/CharID_81-3",["13"]]],[["CFID_0/CharID_81-4",["13"]]]],"村纱 水蜜":[[["CFID_0/CharID_82-0",["10"]]],[["CFID_0/CharID_82-1",["19"]]],[["CFID_0/CharID_82-58",["26"]]],[["CFID_0/CharID_82-59",["15"]]],[["CFID_0/CharID_82-3",["21"]]],[["CFID_0/CharID_82-4",["13"]]]],"杖刀偶 磨弓":[[["CFID_0/CharID_83-0",["10"]]],[["CFID_0/CharID_83-1",["12"]]],[["CFID_0/CharID_83-2",["12"]]],[["CFID_0/CharID_83-3",["13"]]],[["CFID_0/CharID_83-4",["13"]]]],"桑尼米尔克":[[["CFID_0/CharID_84-0",["10"]]],[["CFID_0/CharID_84-1",["19"]]],[["CFID_0/CharID_84-2",["14"]]],[["CFID_0/CharID_84-3",["22"]]],[["CFID_0/CharID_84-4",["22"]]]],"梅蒂欣·梅兰科莉":[[["CFID_0/CharID_85-0",["10"]]],[["CFID_0/CharID_85-1",["19"]]],[["CFID_0/CharID_85-2",["13"]]],[["CFID_0/CharID_85-3",["21"]]],[["CFID_0/CharID_85-4",["13"]]]],"梅露兰·普莉兹姆利巴":[[["CFID_0/CharID_86-60",["10"]]],[["CFID_0/CharID_86-61",["19"]]],[["CFID_0/CharID_86-62",["16"]]],[["CFID_0/CharID_86-63",["22"]]],[["CFID_0/CharID_86-64",["13"]]]],"梦子":[[["CFID_0/CharID_87-1",["11"]]],[["CFID_0/CharID_87-2",["21"]]],[["CFID_0/CharID_87-3",["13"]]],[["CFID_0/CharID_87-4",["13"]]]],"梦月":[[["CFID_0/CharID_88-1",["12"]]],[["CFID_0/CharID_88-2",["21"]]],[["CFID_0/CharID_88-3",["13"]]],[["CFID_0/CharID_88-4",["13"]]]],"森近 霖之助":[[["CFID_0/CharID_89-0",["10"]]],[["CFID_0/CharID_89-9",["13"]]],[["CFID_0/CharID_89-1",["16"]]],[["CFID_0/CharID_89-2",["15"]]],[["CFID_0/CharID_89-3",["15"]]]],"橙":[[["CFID_0/CharID_90-0",["10"]]],[["CFID_0/CharID_90-1",["19"]]],[["CFID_0/CharID_90-65",["26"]]],[["CFID_0/CharID_90-66",["15"]]],[["CFID_0/CharID_90-3",["21"]]],[["CFID_0/CharID_90-4",["13"]]]],"比那名居 天子":[[["CFID_0/CharID_91-0",["10"]]],[["CFID_0/CharID_91-1",["13"]]],[["CFID_0/CharID_91-2",["13"]]],[["CFID_0/CharID_91-3",["14"]]],[["CFID_0/CharID_91-4",["13"]]]],"水桥 帕露西":[[["CFID_0/CharID_92-0",["11"]]],[["CFID_0/CharID_92-1",["24"]]],[["CFID_0/CharID_92-2",["16"]]],[["CFID_0/CharID_92-3",["25"]]],[["CFID_0/CharID_92-4",["15"]]]],"永江 衣玖":[[["CFID_0/CharID_93-0",["10"]]],[["CFID_0/CharID_93-1",["19"]]],[["CFID_0/CharID_93-2",["15"]]],[["CFID_0/CharID_93-3",["20"]]],[["CFID_0/CharID_93-4",["13"]]]],"河城 荷取":[[["CFID_0/CharID_94-0",["10"]]],[["CFID_0/CharID_94-1",["23"]]],[["CFID_0/CharID_94-2",["26"]]],[["CFID_0/CharID_94-3",["26"]]],[["CFID_0/CharID_94-67",["9"]]],[["CFID_0/CharID_94-68",["6"]]],[["CFID_0/CharID_94-6",["15"]]],[["CFID_0/CharID_94-16",["13"]]]],"河城 见取":[[["CFID_0/CharID_95-2",["13"]]]],"河童":[[["CFID_0/CharID_96-17",["13"]]],[["CFID_0/CharID_96-18",["13"]]],[["CFID_0/CharID_96-19",["13"]]]],"洩矢 诹访子":[[["CFID_0/CharID_97-0",["10"]]],[["CFID_0/CharID_97-1",["25"]]],[["CFID_0/CharID_97-2",["15"]]],[["CFID_0/CharID_97-3",["26"]]],[["CFID_0/CharID_97-69",["6"]]],[["CFID_0/CharID_97-70",["13"]]]],"清兰":[[["CFID_0/CharID_98-0",["10"]]],[["CFID_0/CharID_98-1",["11"]]],[["CFID_0/CharID_98-71",["13"]]],[["CFID_0/CharID_98-3",["14"]]],[["CFID_0/CharID_98-4",["13"]]]],"渡里 妮娜":[[["CFID_0/CharID_189-1",["14"]]],[["CFID_0/CharID_189-2",["15"]]],[["CFID_0/CharID_189-3",["15"]]],[["CFID_0/CharID_189-4",["15"]]]],"瀨笈 叶":[[["CFID_0/CharID_99-2",["13"]]]],"火焰猫 燐":[[["CFID_0/CharID_100-0",["10"]]],[["CFID_0/CharID_100-1",["23"]]],[["CFID_0/CharID_100-72",["26"]]],[["CFID_0/CharID_100-73",["15"]]],[["CFID_0/CharID_100-4",["15"]]]],"灵乌路 空":[[["CFID_0/CharID_101-0",["10"]]],[["CFID_0/CharID_101-1",["19"]]],[["CFID_0/CharID_101-2",["21"]]],[["CFID_0/CharID_101-3",["20"]]],[["CFID_0/CharID_101-74",["13"]]],[["CFID_0/CharID_101-75",["15"]]],[["CFID_0/CharID_101-76",["15"]]]],"爱丽丝":[[["CFID_0/CharID_102-1",["12"]]],[["CFID_0/CharID_102-2",["21"]]],[["CFID_0/CharID_102-3",["13"]]],[["CFID_0/CharID_102-4",["13"]]]],"爱丽丝·玛格特洛依德":[[["CFID_0/CharID_103-0",["10"]]],[["CFID_0/CharID_103-1",["22"]]],[["CFID_0/CharID_103-2",["15"]]],[["CFID_0/CharID_103-3",["16"]]],[["CFID_0/CharID_103-4",["23"]]],[["CFID_0/CharID_103-77",["8"]]]],"爱塔尼提拉尔瓦":[[["CFID_0/CharID_104-0",["10"]]],[["CFID_0/CharID_104-1",["12"]]],[["CFID_0/CharID_104-2",["14"]]],[["CFID_0/CharID_104-3",["13"]]],[["CFID_0/CharID_104-4",["14"]]]],"爱莲":[[["CFID_0/CharID_105-1",["12"]]],[["CFID_0/CharID_105-2",["21"]]],[["CFID_0/CharID_105-3",["13"]]],[["CFID_0/CharID_105-4",["14"]]]],"牛崎 润美":[[["CFID_0/CharID_106-0",["10"]]],[["CFID_0/CharID_106-1",["12"]]],[["CFID_0/CharID_106-2",["13"]]],[["CFID_0/CharID_106-3",["13"]]],[["CFID_0/CharID_106-4",["13"]]]],"物部 布都":[[["CFID_0/CharID_107-0",["10"]]],[["CFID_0/CharID_107-1",["22"]]],[["CFID_0/CharID_107-2",["14"]]],[["CFID_0/CharID_107-3",["25"]]],[["CFID_0/CharID_107-4",["17"]]]],"犬走 椛":[[["CFID_0/CharID_108-0",["10"]]],[["CFID_0/CharID_108-1",["24"]]],[["CFID_0/CharID_108-78",["9"]]],[["CFID_0/CharID_108-13",["15"]]],[["CFID_0/CharID_108-3",["25"]]],[["CFID_0/CharID_108-4",["10"]]]],"狐女":[[["CFID_0/CharID_109-2",["53"]]]],"狸猫":[[["CFID_0/CharID_110-17",["13"]]],[["CFID_0/CharID_110-18",["13"]]],[["CFID_0/CharID_110-19",["14"]]],[["CFID_0/CharID_110-79",["13"]]]],"猫又":[[["CFID_0/CharID_111-2",["53"]]]],"玄爷":[[["CFID_0/CharID_112-15",["8"]]],[["CFID_0/CharID_112-4",["5"]]]],"玉造 魅须丸":[[["CFID_0/CharID_113-0",["10"]]],[["CFID_0/CharID_113-1",["12"]]],[["CFID_0/CharID_113-2",["12"]]],[["CFID_0/CharID_113-3",["13"]]],[["CFID_0/CharID_113-4",["14"]]]],"玛艾露贝莉·赫恩":[[["CFID_0/CharID_114-0",["10"]]],[["CFID_0/CharID_114-2",["15"]]],[["CFID_0/CharID_114-3",["13"]]],[["CFID_0/CharID_114-27",["13"]]]],"琪斯美":[[["CFID_0/CharID_115-0",["10"]]],[["CFID_0/CharID_115-148",["15"]]],[["CFID_0/CharID_115-1",["12"]]],[["CFID_0/CharID_115-80",["26"]]],[["CFID_0/CharID_115-81",["14"]]],[["CFID_0/CharID_115-3",["13"]]],[["CFID_0/CharID_115-4",["15"]]]],"琪露诺":[[["CFID_0/CharID_116-0",["10"]]],[["CFID_0/CharID_116-1",["23"]]],[["CFID_0/CharID_116-2",["25"]]],[["CFID_0/CharID_116-3",["26"]]],[["CFID_0/CharID_116-4",["15"]]],[["CFID_0/CharID_116-82",["19"]]]],"留琴":[[["CFID_0/CharID_117-83",["14"]]],[["CFID_0/CharID_117-1",["12"]]],[["CFID_0/CharID_117-2",["21"]]],[["CFID_0/CharID_117-3",["13"]]]],"矜羯罗":[[["CFID_0/CharID_118-1",["12"]]],[["CFID_0/CharID_118-2",["22"]]],[["CFID_0/CharID_118-3",["13"]]],[["CFID_0/CharID_118-4",["13"]]]],"矢田寺 成美":[[["CFID_0/CharID_119-0",["10"]]],[["CFID_0/CharID_119-1",["12"]]],[["CFID_0/CharID_119-2",["13"]]],[["CFID_0/CharID_119-3",["13"]]],[["CFID_0/CharID_119-4",["13"]]]],"磐永 阿梨夜":[[["CFID_0/CharID_190-1",["12"]]],[["CFID_0/CharID_190-2",["16"]]],[["CFID_0/CharID_190-3",["13"]]],[["CFID_0/CharID_190-4",["15"]]]],"神玉":[[["CFID_0/CharID_120-84",["10"]]],[["CFID_0/CharID_120-85",["22"]]],[["CFID_0/CharID_120-86",["15"]]],[["CFID_0/CharID_120-87",["10"]]],[["CFID_0/CharID_120-88",["22"]]],[["CFID_0/CharID_120-89",["15"]]],[["CFID_0/CharID_120-90",["10"]]],[["CFID_0/CharID_120-91",["15"]]]],"神绮":[[["CFID_0/CharID_121-1",["11"]]],[["CFID_0/CharID_121-2",["22"]]],[["CFID_0/CharID_121-3",["12"]]],[["CFID_0/CharID_121-4",["14"]]]],"秋 穰子":[[["CFID_0/CharID_122-0",["10"]]],[["CFID_0/CharID_122-1",["19"]]],[["CFID_0/CharID_122-65",["26"]]],[["CFID_0/CharID_122-66",["15"]]],[["CFID_0/CharID_122-3",["22"]]],[["CFID_0/CharID_122-4",["23"]]]],"秋 静叶":[[["CFID_0/CharID_123-0",["10"]]],[["CFID_0/CharID_123-1",["19"]]],[["CFID_0/CharID_123-2",["15"]]],[["CFID_0/CharID_123-3",["22"]]],[["CFID_0/CharID_123-4",["24"]]]],"秦心":[[["CFID_0/CharID_124-0",["8"]]],[["CFID_0/CharID_124-1",["18"]]],[["CFID_0/CharID_124-92",["33"]]],[["CFID_0/CharID_124-93",["14"]]],[["CFID_0/CharID_124-2",["19"]]],[["CFID_0/CharID_124-3",["15"]]],[["CFID_0/CharID_124-4",["16"]]]],"稀神 探女":[[["CFID_0/CharID_125-0",["10"]]],[["CFID_0/CharID_125-1",["20"]]],[["CFID_0/CharID_125-2",["13"]]],[["CFID_0/CharID_125-3",["19"]]],[["CFID_0/CharID_125-4",["13"]]]],"稗田 阿求":[[["CFID_0/CharID_126-0",["10"]]],[["CFID_0/CharID_126-94",["15"]]],[["CFID_0/CharID_126-2",["15"]]],[["CFID_0/CharID_126-3",["22"]]],[["CFID_0/CharID_126-27",["15"]]]],"米斯蒂娅·萝蕾拉":[[["CFID_0/CharID_127-0",["10"]]],[["CFID_0/CharID_127-1",["19"]]],[["CFID_0/CharID_127-2",["15"]]],[["CFID_0/CharID_127-3",["22"]]],[["CFID_0/CharID_127-4",["22"]]],[["CFID_0/CharID_127-95",["15"]]]],"红 美铃":[[["CFID_0/CharID_128-0",["10"]]],[["CFID_0/CharID_128-1",["25"]]],[["CFID_0/CharID_128-2",["13"]]],[["CFID_0/CharID_128-3",["25"]]],[["CFID_0/CharID_128-4",["16"]]]],"纯狐":[[["CFID_0/CharID_129-0",["9"]]],[["CFID_0/CharID_129-1",["21"]]],[["CFID_0/CharID_129-2",["15"]]],[["CFID_0/CharID_129-4",["16"]]]],"纳兹玲":[[["CFID_0/CharID_130-0",["10"]]],[["CFID_0/CharID_130-1",["19"]]],[["CFID_0/CharID_130-96",["23"]]],[["CFID_0/CharID_130-97",["2"]]],[["CFID_0/CharID_130-98",["15"]]],[["CFID_0/CharID_130-3",["21"]]],[["CFID_0/CharID_130-4",["12"]]]],"维缦·浅间":[[["CFID_0/CharID_191-1",["12"]]],[["CFID_0/CharID_191-2",["15"]]],[["CFID_0/CharID_191-3",["13"]]],[["CFID_0/CharID_191-4",["15"]]]],"绵月 丰姬":[[["CFID_0/CharID_131-0",["10"]]],[["CFID_0/CharID_131-1",["20"]]],[["CFID_0/CharID_131-99",["25"]]],[["CFID_0/CharID_131-100",["26"]]],[["CFID_0/CharID_131-3",["22"]]],[["CFID_0/CharID_131-4",["22"]]]],"绵月 依姬":[[["CFID_0/CharID_132-0",["10"]]],[["CFID_0/CharID_132-1",["19"]]],[["CFID_0/CharID_132-101",["17"]]],[["CFID_0/CharID_132-102",["17"]]],[["CFID_0/CharID_132-3",["21"]]],[["CFID_0/CharID_132-4",["21"]]]],"罪♂袋":[[["CFID_0/CharID_133-0",["9"]]],[["CFID_0/CharID_133-2",["3"]]]],"胡桃":[[["CFID_0/CharID_134-1",["12"]]],[["CFID_0/CharID_134-2",["21"]]],[["CFID_0/CharID_134-3",["13"]]],[["CFID_0/CharID_134-4",["13"]]]],"舞":[[["CFID_0/CharID_135-1",["12"]]],[["CFID_0/CharID_135-2",["21"]]],[["CFID_0/CharID_135-3",["13"]]],[["CFID_0/CharID_135-4",["13"]]]],"艾丽":[[["CFID_0/CharID_136-1",["14"]]],[["CFID_0/CharID_136-2",["24"]]],[["CFID_0/CharID_136-3",["15"]]],[["CFID_0/CharID_136-4",["16"]]]],"芙兰朵露·斯卡雷特":[[["CFID_0/CharID_137-0",["10"]]],[["CFID_0/CharID_137-1",["13"]]],[["CFID_0/CharID_137-2",["15"]]],[["CFID_0/CharID_137-3",["13"]]],[["CFID_0/CharID_137-4",["7"]]]],"苏我 屠自古":[[["CFID_0/CharID_138-0",["10"]]],[["CFID_0/CharID_138-1",["19"]]],[["CFID_0/CharID_138-2",["15"]]],[["CFID_0/CharID_138-3",["25"]]],[["CFID_0/CharID_138-27",["21"]]],[["CFID_0/CharID_138-4",["13"]]]],"若鹭姬":[[["CFID_0/CharID_139-0",["10"]]],[["CFID_0/CharID_139-1",["19"]]],[["CFID_0/CharID_139-2",["17"]]],[["CFID_0/CharID_139-3",["21"]]],[["CFID_0/CharID_139-4",["13"]]]],"茨木 华扇":[[["CFID_0/CharID_140-0",["10"]]],[["CFID_0/CharID_140-1",["12"]]],[["CFID_0/CharID_140-2",["13"]]],[["CFID_0/CharID_140-3",["12"]]],[["CFID_0/CharID_140-103",["13"]]],[["CFID_0/CharID_140-4",["13"]]],[["CFID_0/CharID_140-104",["13"]]]],"莉格露·奈特巴格":[[["CFID_0/CharID_141-0",["10"]]],[["CFID_0/CharID_141-1",["19"]]],[["CFID_0/CharID_141-105",["17"]]],[["CFID_0/CharID_141-106",["26"]]],[["CFID_0/CharID_141-3",["22"]]],[["CFID_0/CharID_141-4",["15"]]]],"莉莉卡·普莉兹姆利巴":[[["CFID_0/CharID_142-107",["10"]]],[["CFID_0/CharID_142-108",["14"]]],[["CFID_0/CharID_142-109",["15"]]],[["CFID_0/CharID_142-110",["15"]]],[["CFID_0/CharID_142-111",["15"]]]],"莉莉白":[[["CFID_0/CharID_143-0",["10"]]],[["CFID_0/CharID_143-1",["19"]]],[["CFID_0/CharID_143-112",["13"]]],[["CFID_0/CharID_143-2",["15"]]],[["CFID_0/CharID_143-3",["21"]]],[["CFID_0/CharID_143-4",["13"]]]],"莉莉黑":[[["CFID_0/CharID_144-1",["19"]]],[["CFID_0/CharID_144-2",["26"]]],[["CFID_0/CharID_144-3",["21"]]],[["CFID_0/CharID_144-4",["21"]]]],"菅牧 典":[[["CFID_0/CharID_145-0",["11"]]],[["CFID_0/CharID_145-1",["12"]]],[["CFID_0/CharID_145-2",["13"]]],[["CFID_0/CharID_145-3",["13"]]],[["CFID_0/CharID_145-4",["14"]]]],"菊理":[[["CFID_0/CharID_146-1",["1"]]],[["CFID_0/CharID_146-2",["22"]]],[["CFID_0/CharID_146-4",["15"]]]],"萨丽爱尔":[[["CFID_0/CharID_147-1",["12"]]],[["CFID_0/CharID_147-2",["22"]]],[["CFID_0/CharID_147-3",["12"]]],[["CFID_0/CharID_147-4",["13"]]]],"萨拉":[[["CFID_0/CharID_148-113",["13"]]],[["CFID_0/CharID_148-1",["12"]]],[["CFID_0/CharID_148-2",["21"]]],[["CFID_0/CharID_148-3",["13"]]]],"蓬莱山 辉夜":[[["CFID_0/CharID_149-0",["10"]]],[["CFID_0/CharID_149-1",["19"]]],[["CFID_0/CharID_149-2",["13"]]],[["CFID_0/CharID_149-3",["21"]]],[["CFID_0/CharID_149-4",["15"]]]],"蕾米莉亚·斯卡雷特":[[["CFID_0/CharID_150-0",["10"]]],[["CFID_0/CharID_150-114",["8"]]],[["CFID_0/CharID_150-1",["24"]]],[["CFID_0/CharID_150-5",["20"]]],[["CFID_0/CharID_150-2",["15"]]],[["CFID_0/CharID_150-3",["26"]]],[["CFID_0/CharID_150-27",["49"]]],[["CFID_0/CharID_150-4",["23"]]],[["CFID_0/CharID_150-6",["23"]]],[["CFID_0/CharID_150-38",["13"]]],[["CFID_0/CharID_150-115",["13"]]],[["CFID_0/CharID_150-28",["13"]]]],"蕾蒂·霍瓦特洛克":[[["CFID_0/CharID_151-0",["10"]]],[["CFID_0/CharID_151-1",["19"]]],[["CFID_0/CharID_151-2",["15"]]],[["CFID_0/CharID_151-3",["22"]]],[["CFID_0/CharID_151-4",["15"]]]],"藤原 妹红":[[["CFID_0/CharID_152-0",["10"]]],[["CFID_0/CharID_152-1",["23"]]],[["CFID_0/CharID_152-116",["18"]]],[["CFID_0/CharID_152-117",["18"]]],[["CFID_0/CharID_152-3",["26"]]],[["CFID_0/CharID_152-4",["19"]]]],"蟒蛇":[[["CFID_0/CharID_153-0",["9"]]],[["CFID_0/CharID_153-2",["14"]]]],"西行寺 幽幽子":[[["CFID_0/CharID_154-0",["9"]]],[["CFID_0/CharID_154-9",["5"]]],[["CFID_0/CharID_154-1",["24"]]],[["CFID_0/CharID_154-65",["26"]]],[["CFID_0/CharID_154-66",["15"]]],[["CFID_0/CharID_154-3",["26"]]],[["CFID_0/CharID_154-118",["15"]]],[["CFID_0/CharID_154-119",["26"]]],[["CFID_0/CharID_154-120",["15"]]]],"豪德寺 三花":[[["CFID_0/CharID_155-0",["10"]]],[["CFID_0/CharID_155-1",["12"]]],[["CFID_0/CharID_155-2",["13"]]],[["CFID_0/CharID_155-3",["13"]]],[["CFID_0/CharID_155-4",["14"]]]],"豫母都 日狭美":[[["CFID_0/CharID_156-0",["10"]]],[["CFID_0/CharID_156-1",["12"]]],[["CFID_0/CharID_156-2",["13"]]],[["CFID_0/CharID_156-3",["13"]]],[["CFID_0/CharID_156-4",["13"]]]],"赤蛮奇":[[["CFID_0/CharID_157-0",["10"]]],[["CFID_0/CharID_157-1",["22"]]],[["CFID_0/CharID_157-2",["16"]]],[["CFID_0/CharID_157-3",["22"]]],[["CFID_0/CharID_157-4",["14"]]]],"赫卡提亚·拉碧斯拉祖利":[[["CFID_0/CharID_158-121",["10"]]],[["CFID_0/CharID_158-149",["13"]]],[["CFID_0/CharID_158-1",["12"]]],[["CFID_0/CharID_158-2",["13"]]],[["CFID_0/CharID_158-3",["3"]]],[["CFID_0/CharID_158-4",["22"]]]],"道神 驯子":[[["CFID_0/CharID_188-1",["14"]]],[["CFID_0/CharID_188-2",["14"]]],[["CFID_0/CharID_188-3",["16"]]],[["CFID_0/CharID_188-4",["16"]]]],"里香":[[["CFID_0/CharID_159-122",["12"]]],[["CFID_0/CharID_159-123",["21"]]],[["CFID_0/CharID_159-124",["13"]]],[["CFID_0/CharID_159-125",["26"]]]],"铃仙·优昙华院·因幡":[[["CFID_0/CharID_160-0",["11"]]],[["CFID_0/CharID_160-1",["22"]]],[["CFID_0/CharID_160-126",["14"]]],[["CFID_0/CharID_160-3",["25"]]],[["CFID_0/CharID_160-4",["14"]]],[["CFID_0/CharID_160-127",["38"]]]],"铃仙二号":[[["CFID_0/CharID_161-0",["10"]]],[["CFID_0/CharID_161-1",["19"]]],[["CFID_0/CharID_161-2",["15"]]],[["CFID_0/CharID_161-128",["21"]]],[["CFID_0/CharID_161-4",["13"]]]],"铃瑚":[[["CFID_0/CharID_162-0",["11"]]],[["CFID_0/CharID_162-1",["14"]]],[["CFID_0/CharID_162-13",["17"]]],[["CFID_0/CharID_162-129",["27"]]],[["CFID_0/CharID_162-3",["14"]]],[["CFID_0/CharID_162-4",["16"]]]],"键山 雏":[[["CFID_0/CharID_163-0",["10"]]],[["CFID_0/CharID_163-1",["14"]]],[["CFID_0/CharID_163-2",["13"]]],[["CFID_0/CharID_163-3",["15"]]],[["CFID_0/CharID_163-4",["16"]]]],"长颈女":[[["CFID_0/CharID_164-2",["53"]]]],"雪":[[["CFID_0/CharID_165-1",["12"]]],[["CFID_0/CharID_165-2",["21"]]],[["CFID_0/CharID_165-3",["13"]]],[["CFID_0/CharID_165-4",["13"]]]],"雪女":[[["CFID_0/CharID_166-2",["53"]]]],"雾雨 魔理沙":[[["CFID_0/CharID_167-0",["9"]]],[["CFID_0/CharID_167-29",["12"]]],[["CFID_0/CharID_167-30",["21"]]],[["CFID_0/CharID_167-31",["13"]]],[["CFID_0/CharID_167-32",["13"]]],[["CFID_0/CharID_167-130",["15"]]],[["CFID_0/CharID_167-1",["30"]]],[["CFID_0/CharID_167-131",["26"]]],[["CFID_0/CharID_167-132",["33"]]],[["CFID_0/CharID_167-3",["15"]]],[["CFID_0/CharID_167-27",["15"]]],[["CFID_0/CharID_167-4",["12"]]],[["CFID_0/CharID_167-133",["5"]]],[["CFID_0/CharID_167-69",["5"]]],[["CFID_0/CharID_167-134",["5"]]],[["CFID_0/CharID_167-38",["13"]]],[["CFID_0/CharID_167-10",["13"]]]],"霍 青娥":[[["CFID_0/CharID_168-0",["10"]]],[["CFID_0/CharID_168-1",["19"]]],[["CFID_0/CharID_168-135",["26"]]],[["CFID_0/CharID_168-136",["15"]]],[["CFID_0/CharID_168-3",["22"]]],[["CFID_0/CharID_168-4",["14"]]]],"露娜切露德":[[["CFID_0/CharID_169-0",["10"]]],[["CFID_0/CharID_169-1",["19"]]],[["CFID_0/CharID_169-2",["13"]]],[["CFID_0/CharID_169-3",["21"]]],[["CFID_0/CharID_169-4",["21"]]]],"露娜萨·普莉兹姆利巴":[[["CFID_0/CharID_170-137",["10"]]],[["CFID_0/CharID_170-138",["20"]]],[["CFID_0/CharID_170-139",["14"]]],[["CFID_0/CharID_170-140",["22"]]],[["CFID_0/CharID_170-141",["15"]]]],"露易兹":[[["CFID_0/CharID_171-1",["14"]]],[["CFID_0/CharID_171-2",["22"]]],[["CFID_0/CharID_171-3",["16"]]],[["CFID_0/CharID_171-4",["17"]]]],"露米娅":[[["CFID_0/CharID_172-142",["13"]]],[["CFID_0/CharID_172-0",["10"]]],[["CFID_0/CharID_172-1",["21"]]],[["CFID_0/CharID_172-143",["15"]]],[["CFID_0/CharID_172-144",["27"]]],[["CFID_0/CharID_172-3",["25"]]],[["CFID_0/CharID_172-4",["15"]]]],"非想天则":[[["CFID_0/CharID_173-0",["9"]]],[["CFID_0/CharID_173-2",["9"]]],[["CFID_0/CharID_173-4",["9"]]]],"风见 幽香":[[["CFID_0/CharID_174-0",["10"]]],[["CFID_0/CharID_174-29",["11"]]],[["CFID_0/CharID_174-30",["22"]]],[["CFID_0/CharID_174-31",["13"]]],[["CFID_0/CharID_174-32",["15"]]],[["CFID_0/CharID_174-1",["12"]]],[["CFID_0/CharID_174-145",["28"]]],[["CFID_0/CharID_174-146",["16"]]],[["CFID_0/CharID_174-3",["13"]]],[["CFID_0/CharID_174-4",["16"]]]],"饕餮 尤魔":[[["CFID_0/CharID_175-0",["10"]]],[["CFID_0/CharID_175-1",["12"]]],[["CFID_0/CharID_175-2",["13"]]],[["CFID_0/CharID_175-3",["13"]]],[["CFID_0/CharID_175-4",["13"]]]],"饭纲丸 龙":[[["CFID_0/CharID_176-0",["11"]]],[["CFID_0/CharID_176-1",["12"]]],[["CFID_0/CharID_176-2",["14"]]],[["CFID_0/CharID_176-3",["13"]]],[["CFID_0/CharID_176-4",["14"]]]],"驹草 山如":[[["CFID_0/CharID_177-0",["10"]]],[["CFID_0/CharID_177-1",["11"]]],[["CFID_0/CharID_177-2",["14"]]],[["CFID_0/CharID_177-3",["14"]]],[["CFID_0/CharID_177-4",["14"]]]],"骊驹 早鬼":[[["CFID_0/CharID_178-0",["10"]]],[["CFID_0/CharID_178-1",["12"]]],[["CFID_0/CharID_178-2",["15"]]],[["CFID_0/CharID_178-3",["13"]]],[["CFID_0/CharID_178-4",["15"]]]],"高丽野 阿吽":[[["CFID_0/CharID_179-0",["12"]]],[["CFID_0/CharID_179-1",["14"]]],[["CFID_0/CharID_179-2",["17"]]],[["CFID_0/CharID_179-3",["15"]]],[["CFID_0/CharID_179-4",["17"]]]],"鬼":[[["CFID_0/CharID_180-2",["53"]]]],"鬼人 正邪":[[["CFID_0/CharID_181-0",["10"]]],[["CFID_0/CharID_181-1",["14"]]],[["CFID_0/CharID_181-2",["25"]]],[["CFID_0/CharID_181-3",["16"]]],[["CFID_0/CharID_181-26",["14"]]]],"魂魄 妖忌":[[["CFID_0/CharID_182-0",["9"]]],[["CFID_0/CharID_182-2",["15"]]]],"魂魄 妖梦":[[["CFID_0/CharID_183-0",["10"]]],[["CFID_0/CharID_183-1",["24"]]],[["CFID_0/CharID_183-5",["12"]]],[["CFID_0/CharID_183-2",["13"]]],[["CFID_0/CharID_183-3",["13"]]],[["CFID_0/CharID_183-27",["26"]]],[["CFID_0/CharID_183-147",["26"]]],[["CFID_0/CharID_183-4",["14"]]],[["CFID_0/CharID_183-6",["13"]]]],"魅魔":[[["CFID_0/CharID_184-1",["15"]]],[["CFID_0/CharID_184-2",["15"]]],[["CFID_0/CharID_184-128",["22"]]],[["CFID_0/CharID_184-4",["14"]]]],"黑谷 山女":[[["CFID_0/CharID_185-0",["10"]]],[["CFID_0/CharID_185-1",["19"]]],[["CFID_0/CharID_185-2",["15"]]],[["CFID_0/CharID_185-3",["21"]]],[["CFID_0/CharID_185-4",["14"]]]]}