{"CHAT":[{"content":"嘛总之，不是真的毁灭世界的恶魔就好，哈哈哈","replyDepth":0,"type":"chat","sCharacter":{"no":"0","index":"1"},"isFirst":false,"file":"","name":"","time":"","is_breaking":false,"isLeft":false,"isCenter":false,"isRight":false,"style":false},{"content":"是的呢","replyDepth":0,"type":"chat","sCharacter":{"no":"普拉娜","index":"NP0035_BG"},"isFirst":true,"file":""},{"file":"GameData/BLDA/CharFace/NP0035/16.webp","content":"CharFace","replyDepth":0,"type":"image","sCharacter":{"no":"普拉娜","index":"NP0035_BG"},"isFirst":false},{"content":"哇啊啊啊！","replyDepth":0,"type":"chat","sCharacter":{"no":"阿罗娜","index":"Arona_BG"},"isFirst":true,"file":""},{"content":"我还是第一次，亲口喝到别人手工制作的草莓牛奶呢！！！","replyDepth":0,"type":"chat","sCharacter":{"no":"阿罗娜","index":"Arona_BG"},"isFirst":false,"file":"","name":"","time":"","is_breaking":false,"isLeft":false,"isCenter":false,"isRight":false,"style":false},{"file":"GameData/BLDA/CharFace/arona/23.webp","content":"CharFace","replyDepth":0,"type":"image","sCharacter":{"no":"阿罗娜","index":"Arona_BG"},"isFirst":false},{"content":"太好喝了，这才是真正的美味啊！","replyDepth":0,"type":"chat","sCharacter":{"no":"阿罗娜","index":"Arona_BG"},"isFirst":false,"file":""},{"content":"普拉娜酱你也尝尝！","replyDepth":0,"type":"chat","sCharacter":{"no":"阿罗娜","index":"Arona_BG"},"isFirst":false,"file":""},{"content":"啊，谢谢阿罗娜前辈... ","replyDepth":0,"type":"chat","sCharacter":{"no":"普拉娜","index":"NP0035_BG"},"isFirst":true,"file":""},{"content":"我的手艺怎么样呢... ","replyDepth":0,"type":"chat","sCharacter":{"no":"板垣庚","index":"CH0306_BG"},"isFirst":true,"file":""},{"content":"太棒了，庚前辈！！","replyDepth":0,"type":"chat","sCharacter":{"no":"阿罗娜","index":"Arona_BG"},"isFirst":true,"file":""},{"file":"GameData/BLDA/CharFace/arona/21.webp","content":"CharFace","replyDepth":0,"type":"image","sCharacter":{"no":"阿罗娜","index":"Arona_BG"},"isFirst":false},{"content":"简直是人间美味！","replyDepth":0,"type":"chat","sCharacter":{"no":"阿罗娜","index":"Arona_BG"},"isFirst":false,"file":""},{"content":"阿罗娜酱，想听听音乐吗？","replyDepth":0,"type":"chat","sCharacter":{"no":"椎名䌷","index":"CH0252_BG"},"isFirst":true,"file":""},{"content":"音乐吗，好诶！","replyDepth":0,"type":"chat","sCharacter":{"no":"阿罗娜","index":"Arona_BG"},"isFirst":true,"file":""},{"content":"等下她还只是个小女孩呀——","replyDepth":0,"type":"chat","sCharacter":{"no":"衣斐莱娜","index":"CH0305_BG"},"file":"","name":"","time":"","is_breaking":false,"isFirst":true,"isLeft":false,"isCenter":false,"isRight":false,"style":false},{"content":"阿罗娜和普拉娜和大家一起玩到后半夜，最后一起睡觉了","replyDepth":0,"type":"info","sCharacter":{"no":"椎名䌷","index":"CH0252_BG"},"isFirst":true,"file":""},{"content":"...","replyDepth":0,"type":"info","sCharacter":{"no":"椎名䌷","index":"CH0252_BG"},"isFirst":true,"file":""}],"MoeTalk":"3-65"}