{"CHAT":[{"file":"GameData/BLDA/CharFace/CH0304/S2_24.webp","content":"CharFace","replyDepth":0,"type":"image","sCharacter":{"no":"白尾绘里","index":"CH0304_BG"},"isFirst":false},{"content":"Master，这次我们真的是走投无路了... ","replyDepth":0,"type":"chat","sCharacter":{"no":"白尾绘里","index":"CH0304_BG"},"name":"","time":"","isFirst":false,"isCenter":false,"isRight":false,"is_breaking":false,"file":""},{"content":"看起来一切已经无可挽回了... ","replyDepth":0,"type":"chat","sCharacter":{"no":"板垣庚","index":"CH0306_BG"},"file":"","name":"","time":"","is_breaking":false,"isFirst":true,"isLeft":false,"isCenter":false,"isRight":false,"style":false},{"file":"GameData/BLDA/CharFace/CH0306/6.webp","content":"CharFace","replyDepth":0,"type":"image","sCharacter":{"no":"板垣庚","index":"CH0306_BG"},"isFirst":false},{"content":"我们来世再做恋人吧，老师... ","replyDepth":0,"type":"chat","sCharacter":{"no":"板垣庚","index":"CH0306_BG"},"file":"","isFirst":false},{"content":"呜啊，大家怎么就放弃了啊！ ","replyDepth":0,"type":"chat","sCharacter":{"no":"0","index":"1"},"file":"","isFirst":true,"name":"","time":"","is_breaking":false,"isLeft":false,"isCenter":false,"isRight":false,"style":false},{"file":"GameData/BLDA/Emoji/423.webp","content":"Emoji","replyDepth":0,"type":"image","sCharacter":{"no":0,"index":"1"},"isFirst":false},{"content":"呜呜呜呜呜呜呜呜呜哇啊啊啊！ ","replyDepth":0,"type":"chat","sCharacter":{"no":"衣斐莱娜","index":"CH0305_BG"},"file":"","isFirst":true,"name":"","time":"","is_breaking":false,"isLeft":false,"isCenter":false,"isRight":false,"style":false},{"file":"GameData/BLDA/CharFace/CH0305/18.webp","content":"CharFace","replyDepth":0,"type":"image","sCharacter":{"no":"衣斐莱娜","index":"CH0305_BG"},"isFirst":false},{"content":"我，我就不应该一起跟到这个岛上面来啊啊啊！","replyDepth":0,"type":"chat","sCharacter":{"no":"衣斐莱娜","index":"CH0305_BG"},"file":"","isFirst":false},{"content":"天知道那个魔法居然是真的啊！岛上真的有破除封印的... ","replyDepth":0,"type":"chat","sCharacter":{"no":"衣斐莱娜","index":"CH0305_BG"},"name":"","time":"","isFirst":false,"isCenter":false,"isRight":false,"is_breaking":false,"file":"","isLeft":false,"style":false}],"MoeTalk":"3-1"}