{"NPC角色":{"剧情NPC":{"zh_cn":"","zh_tw":"","jp":"","en":"","kr":"","pinyin":"juqingNPC"},"反派角色":{"zh_cn":"","zh_tw":"","jp":"","en":"","kr":"","pinyin":"fanpaijiaose"},"怪物(无差分)":{"zh_cn":"","zh_tw":"","jp":"","en":"","kr":"","pinyin":"guaiwu(wuchafen)"},"龙套":{"zh_cn":"","zh_tw":"","jp":"","en":"","kr":"","pinyin":"longtao"}},"你的后宫":{"星痕":{"zh_cn":"","zh_tw":"","jp":"","en":"","kr":"","pinyin":"xinghen"},"魔女及剧情角色":{"zh_cn":"","zh_tw":"","jp":"","en":"","kr":"","pinyin":"monvjijuqingjiaose"}}}