{"CHAT":[{"content":"你们是怎么，呃，从平板里面出来的？","replyDepth":0,"type":"chat","sCharacter":{"no":0,"index":"1"},"isFirst":true,"file":""},{"content":"我们一开始也很惊讶呢","replyDepth":0,"type":"chat","sCharacter":{"no":"普拉娜","index":"NP0035_BG"},"isFirst":true,"file":""},{"file":"GameData/BLDA/CharFace/NP0035/7.webp","content":"CharFace","replyDepth":0,"type":"image","sCharacter":{"no":"普拉娜","index":"NP0035_BG"},"isFirst":false},{"content":"阿罗娜前辈和我本来在什庭之匣里休息，突然一阵眩晕，我们就出现在岛上面的树林里了... ","replyDepth":0,"type":"chat","sCharacter":{"no":"普拉娜","index":"NP0035_BG"},"isFirst":false,"file":"","name":"","time":"","is_breaking":false,"isLeft":false,"isCenter":false,"isRight":false,"style":false},{"content":"怎么会这样？","replyDepth":0,"type":"chat","sCharacter":{"no":0,"index":"1"},"isFirst":true,"file":""},{"content":"嗯... ","replyDepth":0,"type":"chat","sCharacter":{"no":"普拉娜","index":"NP0035_BG"},"isFirst":true,"file":""},{"content":"老师你还记得在那边的山丘上面发现的那颗陨石吗？","replyDepth":0,"type":"chat","sCharacter":{"no":"普拉娜","index":"NP0035_BG"},"isFirst":false,"file":""},{"content":"啊，那个神奇的黑色石头？","replyDepth":0,"type":"chat","sCharacter":{"no":0,"index":"1"},"isFirst":true,"file":""},{"content":"那不是陨石，是“方舟”的一部分碎片哦","replyDepth":0,"type":"chat","sCharacter":{"no":"普拉娜","index":"NP0035_BG"},"isFirst":true,"file":""},{"content":"什么，是那个时候的... ？","replyDepth":0,"type":"chat","sCharacter":{"no":0,"index":"1"},"isFirst":true,"file":""},{"file":"GameData/BLDA/Emoji/48.webp","content":"Emoji","replyDepth":0,"type":"image","sCharacter":{"no":0,"index":"1"},"isFirst":false},{"content":"看起来方舟被摧毁之后，它的残骸并没有全部被大气层烧毁，一部分碎片掉在了海里... ","replyDepth":0,"type":"chat","sCharacter":{"no":"普拉娜","index":"NP0035_BG"},"isFirst":true,"file":""},{"content":"这一块就刚好掉在这座海岛上面","replyDepth":0,"type":"chat","sCharacter":{"no":"普拉娜","index":"NP0035_BG"},"isFirst":false,"file":""},{"content":"所以说，你们能变成实体，就是因为这个碎片吗？","replyDepth":0,"type":"chat","sCharacter":{"no":0,"index":"1"},"isFirst":true,"file":""},{"content":"是的，那块碎片里还有残余的能量，可以把我和阿罗娜前辈变成实体，还能制造一些发光的投影","replyDepth":0,"type":"chat","sCharacter":{"no":"普拉娜","index":"NP0035_BG"},"file":"","name":"","time":"","is_breaking":false,"isFirst":true,"isLeft":false,"isCenter":false,"isRight":false,"style":false},{"content":"但是因为能量马上耗尽，估计也只能维持几个小时","replyDepth":0,"type":"chat","sCharacter":{"no":"普拉娜","index":"NP0035_BG"},"file":"","name":"","time":"","is_breaking":false,"isFirst":false,"isLeft":false,"isCenter":false,"isRight":false,"style":false},{"content":"哦哦哦，这么神奇！","replyDepth":0,"type":"chat","sCharacter":{"no":0,"index":"1"},"isFirst":true,"file":""},{"content":"阿罗娜前辈发现自己变成实体之后特别兴奋，说要给大家一个“惊喜”","replyDepth":0,"type":"chat","sCharacter":{"no":"普拉娜","index":"NP0035_BG"},"isFirst":true,"file":""},{"file":"GameData/BLDA/CharFace/NP0035/8.webp","content":"CharFace","replyDepth":0,"type":"image","sCharacter":{"no":"普拉娜","index":"NP0035_BG"},"isFirst":false},{"content":"我觉得挺有意思也加入了，不过阿罗娜前辈似乎有点玩过头了... ","replyDepth":0,"type":"chat","sCharacter":{"no":"普拉娜","index":"NP0035_BG"},"isFirst":false,"file":"","name":"","time":"","is_breaking":false,"isLeft":false,"isCenter":false,"isRight":false,"style":false}],"MoeTalk":"3-64"}