{"CHAT":[{"content":"... ","replyDepth":0,"type":"chat","sCharacter":{"no":0,"index":"1"},"file":"","isFirst":true},{"file":"GameData/BLDA/Emoji/411.webp","content":"Emoji","replyDepth":0,"type":"image","sCharacter":{"no":0,"index":"1"},"isFirst":false},{"content":"所以你是说，在使用魔法的时候，不小心召唤了一个恐怖的恶魔？","replyDepth":0,"type":"chat","sCharacter":{"no":0,"index":"1"},"file":"","isFirst":false},{"content":"是的！ ","replyDepth":0,"type":"chat","sCharacter":{"no":"白尾绘里","index":"CH0304_BG"},"file":"","isFirst":true,"name":"","time":"","is_breaking":false,"isLeft":false,"isCenter":false,"isRight":false,"style":false},{"file":"GameData/BLDA/CharFace/CH0304/23.webp","content":"CharFace","replyDepth":0,"type":"image","sCharacter":{"no":"白尾绘里","index":"CH0304_BG"},"isFirst":false},{"content":"都怪我，呜呜呜... ","replyDepth":0,"type":"chat","sCharacter":{"no":"白尾绘里","index":"CH0304_BG"},"file":"","isFirst":false},{"content":"然后那个恶魔就在那个岛上面？ ","replyDepth":0,"type":"chat","sCharacter":{"no":"0","index":"1"},"file":"","isFirst":false,"name":"","time":"","is_breaking":false,"isLeft":false,"isCenter":false,"isRight":false,"style":false},{"content":"嗯... ","replyDepth":0,"type":"chat","sCharacter":{"no":"白尾绘里","index":"CH0304_BG"},"file":"","isFirst":false},{"content":"恶魔和岛？这两者有什么关系吗？ ","replyDepth":0,"type":"chat","sCharacter":{"no":"0","index":"1"},"file":"","isFirst":false,"name":"","time":"","is_breaking":false,"isLeft":true,"isCenter":false,"isRight":false,"style":false},{"content":"根本就毫无关系... ","replyDepth":0,"type":"chat","sCharacter":{"no":"衣斐莱娜","index":"CH0305_BG"},"file":"","isFirst":true,"name":"","time":"","is_breaking":false,"isLeft":false,"isCenter":false,"isRight":false,"style":false},{"content":"我刚刚使用了召唤恶魔的魔法，隔天就在海上突然出现一个海岛！ ","replyDepth":0,"type":"chat","sCharacter":{"no":"白尾绘里","index":"CH0304_BG"},"name":"","time":"","isFirst":false,"isCenter":false,"isRight":false,"is_breaking":false,"file":"","isLeft":false,"style":false},{"file":"GameData/BLDA/CharFace/CH0304/18.webp","content":"CharFace","replyDepth":0,"type":"image","sCharacter":{"no":"白尾绘里","index":"CH0304_BG"},"isFirst":false},{"content":"一个海岛怎么会毫无缘由地突然出现在海上，这肯定是有关系的呀！","replyDepth":0,"type":"chat","sCharacter":{"no":"白尾绘里","index":"CH0304_BG"},"name":"","time":"","isFirst":false,"isCenter":false,"isRight":false,"is_breaking":false,"file":""},{"content":"突然出现的海岛可能是因为海底火山喷发或者地壳运动，也可能是之前就存在只是最近才被人发现... ","replyDepth":0,"type":"chat","sCharacter":{"no":"衣斐莱娜","index":"CH0305_BG"},"name":"","time":"","isFirst":false,"isCenter":false,"isRight":false,"is_breaking":false,"file":"","isLeft":false,"style":false},{"file":"GameData/BLDA/CharFace/CH0305/27.webp","content":"CharFace","replyDepth":0,"type":"image","sCharacter":{"no":"衣斐莱娜","index":"CH0305_BG"},"isFirst":false}],"MoeTalk":"3-9"}