{"ServiceWorker.js":"ad1c6c75967c4f3a2ccb58b3252ac06b","index.html":"ec04ea2a33ddca6ec9f9251a565a277f","setting.html":"f5d5abe5f0d3063d5a98929bfb265028","capture.html":"120b646ec72d12bae798253ce96dc679","index_old.html":"d099b51995c0763d9fff9e106749fcd6","MoeData/Fonts/Blueaka.woff2":"f0cacfacf5d3814d74c2f8e5a632e570","MoeData/Fonts/FontList.css":"c94a0374424c22a2d2a7d4ce04e2cf7f","MoeData/Fonts/Jalnan.ttf":"6be3d80cc02d977f57c6dacced006461","MoeData/Fonts/KaiTi.ttf":"6078b506afa793576f8a93475aab95b8","MoeData/index.html":"82fd4624d8c31ec8f122e747299bc3f0","MoeData/phpwin.js":"3380631780f3338d74544a58d616423d","MoeData/Style.css":"47ac300da5bbc29de24dce9083c2a84e","MoeData/Ui/down.webp":"093a0120f4332b3544d3aa0e486299b4","MoeData/Ui/edit.png":"56f92873cb606f7e85d689d135f05cb1","MoeData/Ui/error.webp":"6c8351f415cda3370d6c5c67d11b5553","MoeData/Ui/Favor_Schedule_Deco.webp":"f9ecfeedbebe81bbd9ccc4d131cadeb2","MoeData/Ui/hexa_back_01.webp":"374b22840244ac5346f7064a33b079e8","MoeData/Ui/make.webp":"40970cf3b3cb30ba9100fb341396ed0f","MoeData/Ui/menu.webp":"db079764835ad5e927a22a031d32a184","MoeData/Ui/pen.webp":"8d0befb9d4776d5b4bf2a9da9a8b7da0","MoeData/Ui/Popup_Img_Deco_0.webp":"8c7de4b230023033c7467f39e6c9acc8","MoeData/Ui/Popup_Img_Deco_1.webp":"243ffb95d07865ad474f1717e020cb74","MoeData/Ui/Popup_Img_Deco_2.webp":"027ced0a3df0c8094396490530eec137","MoeData/Ui/private.webp":"3f6be57d3f2413bbd84cdc34526d1c0f","MoeData/Ui/School/ABYDOS.webp":"1f956c9860795cbe9bc9dbac1b8dabe3","MoeData/Ui/School/ARIUS.webp":"9e011234bc07996a03bc9c800bba55b8","MoeData/Ui/School/CUSTOM.webp":"d3febbae02a7062de6e4820070fe85d7","MoeData/Ui/School/EXTRA.webp":"858b9f0b2d40f57b8b84b520616c2d63","MoeData/Ui/School/GEHENNA.webp":"a73c7388b3535791457f5471cbece245","MoeData/Ui/School/HIGHLANDER.webp":"1eba83821ff5035093f4626b192b07a9","MoeData/Ui/School/HYAKKIYAKO.webp":"b640183f6aaf7470ca2fe2807a50268b","MoeData/Ui/School/MILLENNIUM.webp":"e5cbddc77fb4367d53ab246fe01890d0","MoeData/Ui/School/none.webp":"889c466981a593b92e165070b100aaaa","MoeData/Ui/School/RECYCLE.webp":"d20faad0f7a59c31a64745ef427f888b","MoeData/Ui/School/REDWINTER.webp":"f956ddbb5543724f302bcc7d0f3a1b3e","MoeData/Ui/School/SHANHAIJING.webp":"15dbce4cd196ada68fa3f26bf7625643","MoeData/Ui/School/SRT.webp":"6aa252efdcd3cf226e9af5cf28e618d4","MoeData/Ui/School/TRINITY.webp":"9ac660a1746064e8d73d0622839db746","MoeData/Ui/School/VALKYRIE.webp":"364fd7f9e3aaa0a70c49f8ea7504b7f5","MoeData/Ui/School/WILDHUNT.webp":"4039dc9c1cdaa823ca3aff4c257e6228","MoeData/Ui/setting.webp":"35eacf6172d46fac5d869762c23c41f9","MoeData/Ui/up.webp":"3e3877c55865ea0f20e7d19dc3977aed","MoeData/Ui/you.webp":"f26dd76ce4d8238c66b921453c9a9188","MoeData/Ui/zhengwen.webp":"e8d1bf75819a84a95c0fe8cfe99fa2c3","MoeScript/CHAR.js":"ce9b47969ddb590648703b8667a2b9b4","MoeScript/CHAT.js":"55206306bdb13e2eec13cdb94258df9b","MoeScript/CLIENT.js":"54f94ee4963594c37ddded03ef8c69eb","MoeScript/DATA.js":"f96d55f103e44a79d9ec3c7714be2329","MoeScript/IMAGE.js":"ef7e1f14f9c38df2ea654e59af42f738","MoeScript/INIT.js":"45de41f542c5e99548f3350dc571a41c","MoeScript/MikuTap/common-2.min.js":"c69aeefc98f00e807a65576159e6372b","MoeScript/MikuTap/gsap.min.js":"7f78fce4bc00908932dfd3917b5d8ac1","MoeScript/MikuTap/main.json":"69963c8aaf78b6618fce7d74e971410e","MoeScript/MikuTap/mikutap.js":"5345b4cfaef0518696759ef1c6af0081","MoeScript/MikuTap/pixi.min.js":"6a690b6049b2fb9060e08d1d78e601ea","MoeScript/MikuTap/track.json":"12a50f74c26274b644648ee18b9dba0d","MoeScript/Mollu/APP.js":"ceb187fcbbb1541076f4e4af41589355","MoeScript/Mollu/INDEX.js":"3455601d741bb21110f2b18e79be4a3d","MoeScript/Mollu/MAIN.js":"aac2192e9b2c096f149c1ac5b89996d9","MoeScript/Mollu/TEXT.js":"bcca6df6bd21a996053856c604abca13","MoeScript/Old/Old.css":"b211c6ba08db8231181fbd630643aadc","MoeScript/Old/OLD.js":"e26f604f1a338949adec508a71cae873","MoeScript/Script/filesaver.min.js":"e4ba97b61a9ac3206aaa23562801923b","MoeScript/Script/html2canvas.min.js":"d7968224430b52a3b587c65061477737","MoeScript/Script/jquery.min.js":"41bb1ae10e01feee035041f0bfcc479f","MoeScript/Script/jszip.min.js":"124c9275daa3939c6c8cef4d26148ce7","MoeScript/Script/localforage.min.js":"fce689ed39d7db8e762a989372349a28","MoeScript/Script/pako.min.js":"36b9e8b75bab4e655477e65fbace7380","MoeScript/Script/rrweb.min.js":"64055f0757eca4f37ab35e521e0c6671","MoeScript/Script/snapdom.min.js":"8770a4472a7edf8da74eaa8ea0119605","MoeScript/Script/vconsole.min.js":"877ce44300df577b237c38b4811bdd9d","MoeScript/SETTING.js":"fd4ba2b4962c64ad2f030d4918de35a7","MoeScript/TOP.js":"2a5be4e7f6ab04071c499ea204f6fbef"}