{"index.html":"5843cfb96fc26258ee3c59114eb9642e","setting.html":"d2bd872620b2eb6c76972a232026270d","index_old.html":"dfe83e9fca7031318bae183afdac91c3","capture_font.html":"09c7d9ebd2a61445f7c4820177dd424e","capture_nofont.html":"26250a4efdd9173d9352013d514e6e6f","MoeData/Fonts/Blueaka.woff2":"f0cacfacf5d3814d74c2f8e5a632e570","MoeData/Fonts/FontList.css":"c94a0374424c22a2d2a7d4ce04e2cf7f","MoeData/Fonts/Jalnan.ttf":"6be3d80cc02d977f57c6dacced006461","MoeData/Fonts/KaiTi.ttf":"6078b506afa793576f8a93475aab95b8","MoeData/index.html":"82fd4624d8c31ec8f122e747299bc3f0","MoeData/OldScript/CHAR.js":"45101f860eef330e5920e4876be79450","MoeData/OldScript/CHAT.js":"5d13e3bc3c604d96257d19d439b004a0","MoeData/OldScript/DATA.js":"6f6dbb67c09d6300662600b378895319","MoeData/OldScript/IMAGE.js":"6344f97c310f77a1e344206e0239fcac","MoeData/OldScript/INIT.js":"1f2d6e44130f83929542aceaa2ed5bcf","MoeData/OldScript/Mollu/APP.js":"775f240661346cdcb9ab913ee474ff70","MoeData/OldScript/Mollu/CSS.js":"12a5b82524e14d36d60b0f8204c490f1","MoeData/OldScript/Mollu/INDEX.js":"76e245f236cb9444d031185f9d27f939","MoeData/OldScript/Mollu/LIBRARY.js":"958724fa40f741476b9334edb53a04c4","MoeData/OldScript/Mollu/Other/2cca2479-252e554161ba1891.js":"16d32b87816325f26bf620e6670d28f2","MoeData/OldScript/Mollu/Other/288-68932622dcf1348d.js":"05082a2171f8b4d6d8c2666a41af1fff","MoeData/OldScript/Mollu/Other/648-34d807018fc4299c.js":"a0a71585ec4a498514f793745685ee6a","MoeData/OldScript/Mollu/Other/876-d056d91d7a6271a4.js":"0951fae50855ea8fe4b23db46df88b60","MoeData/OldScript/Mollu/Other/ad7f724d-94baee9a2d394f8b.js":"062d20715d9d232933e44908c9e0c3c6","MoeData/OldScript/Mollu/Other/framework-2c79e2a64abdb08b.js":"c67b266f0994c3f005881bd5d2d7056e","MoeData/OldScript/Mollu/Other/MAIN.js":"66e1d9b8d05a2827529536d2f1c699e6","MoeData/OldScript/Mollu/Other/music-328e8f3388aab8f7.js":"13e24d7fe0ac04273d1d8d2121b8441b","MoeData/OldScript/Mollu/Other/webpack-0a2a587924e1d405.js":"e990eaa785142895c50d918fbcde0072","MoeData/OldScript/Mollu/Other/[pageNum]-64f8b3ceb0a4c91c.js":"00bc2811e68adc445e5fea693aec9748","MoeData/OldScript/Mollu/Other/_buildManifest.js":"67e314f334ff3a384416a33d4a565426","MoeData/OldScript/Mollu/PLAYER.js":"c50e46fb68140073f4854d7c4cf941a8","MoeData/OldScript/SETTING.js":"d644f0104a52cffa24799cecef7a08ee","MoeData/OldScript/Style/font.css":"57152f2fb596620aa535645fdf6a2969","MoeData/OldScript/Style/style.css":"12c6557eda260324f92e69ff9360148a","MoeData/OldScript/TEXT.js":"11a86515458c1f82392ca2b45439d45f","MoeData/OldScript/TOP.js":"c8e48fae9264d5696fc7665ed90cc8bf","MoeData/phpwin.js":"b92a4828243b1ec63e6c50301945aade","MoeData/Style.css":"64ac59f1f4c237eae40acc80c312e042","MoeData/Ui/down.webp":"093a0120f4332b3544d3aa0e486299b4","MoeData/Ui/edit.png":"56f92873cb606f7e85d689d135f05cb1","MoeData/Ui/error.webp":"6c8351f415cda3370d6c5c67d11b5553","MoeData/Ui/Favor_Schedule_Deco.webp":"f9ecfeedbebe81bbd9ccc4d131cadeb2","MoeData/Ui/hexa_back_01.webp":"374b22840244ac5346f7064a33b079e8","MoeData/Ui/make.webp":"40970cf3b3cb30ba9100fb341396ed0f","MoeData/Ui/menu.webp":"db079764835ad5e927a22a031d32a184","MoeData/Ui/pen.webp":"8d0befb9d4776d5b4bf2a9da9a8b7da0","MoeData/Ui/Popup_Img_Deco_0.webp":"8c7de4b230023033c7467f39e6c9acc8","MoeData/Ui/Popup_Img_Deco_1.webp":"243ffb95d07865ad474f1717e020cb74","MoeData/Ui/Popup_Img_Deco_2.webp":"027ced0a3df0c8094396490530eec137","MoeData/Ui/private.webp":"3f6be57d3f2413bbd84cdc34526d1c0f","MoeData/Ui/School/ABYDOS.webp":"1f956c9860795cbe9bc9dbac1b8dabe3","MoeData/Ui/School/ARIUS.webp":"9e011234bc07996a03bc9c800bba55b8","MoeData/Ui/School/CUSTOM.webp":"d3febbae02a7062de6e4820070fe85d7","MoeData/Ui/School/EXTRA.webp":"858b9f0b2d40f57b8b84b520616c2d63","MoeData/Ui/School/GEHENNA.webp":"a73c7388b3535791457f5471cbece245","MoeData/Ui/School/HIGHLANDER.webp":"1eba83821ff5035093f4626b192b07a9","MoeData/Ui/School/HYAKKIYAKO.webp":"b640183f6aaf7470ca2fe2807a50268b","MoeData/Ui/School/MILLENNIUM.webp":"e5cbddc77fb4367d53ab246fe01890d0","MoeData/Ui/School/none.webp":"889c466981a593b92e165070b100aaaa","MoeData/Ui/School/RECYCLE.webp":"d20faad0f7a59c31a64745ef427f888b","MoeData/Ui/School/REDWINTER.webp":"f956ddbb5543724f302bcc7d0f3a1b3e","MoeData/Ui/School/SHANHAIJING.webp":"15dbce4cd196ada68fa3f26bf7625643","MoeData/Ui/School/SRT.webp":"6aa252efdcd3cf226e9af5cf28e618d4","MoeData/Ui/School/TRINITY.webp":"9ac660a1746064e8d73d0622839db746","MoeData/Ui/School/VALKYRIE.webp":"364fd7f9e3aaa0a70c49f8ea7504b7f5","MoeData/Ui/School/WILDHUNT.webp":"4039dc9c1cdaa823ca3aff4c257e6228","MoeData/Ui/setting.webp":"35eacf6172d46fac5d869762c23c41f9","MoeData/Ui/up.webp":"3e3877c55865ea0f20e7d19dc3977aed","MoeData/Ui/you.webp":"f26dd76ce4d8238c66b921453c9a9188","MoeData/Ui/zhengwen.webp":"e8d1bf75819a84a95c0fe8cfe99fa2c3","MoeScript/CHAR.js":"cb49d538856c08a1133e972ef9c1e2b5","MoeScript/CHAT.js":"cc6a3fc7a283e171048259218c9e332a","MoeScript/CLIENT.js":"941fd7bf201d7219190dba9609b36640","MoeScript/DATA.js":"a0c36c88806c0e630868984c2ac071e0","MoeScript/IMAGE.js":"2e13db388a5aac1ed3d1ad84cb84fe2b","MoeScript/INIT.js":"7c9f9729409b6515989c340bd15f3077","MoeScript/MikuTap/common-2.min.js":"c69aeefc98f00e807a65576159e6372b","MoeScript/MikuTap/gsap.min.js":"7f78fce4bc00908932dfd3917b5d8ac1","MoeScript/MikuTap/main.json":"a040ecd2d3392be2f57978b103e467a0","MoeScript/MikuTap/mikutap.js":"5345b4cfaef0518696759ef1c6af0081","MoeScript/MikuTap/pixi.min.js":"6a690b6049b2fb9060e08d1d78e601ea","MoeScript/MikuTap/track.json":"b8a57288da5ef5712cd4a4ec7f6b4ce7","MoeScript/Mollu/APP.js":"78f67286a1c16ba50f8a851be90fddbf","MoeScript/Mollu/INDEX.js":"6490b906731ad67ef5cef0b006ab52b5","MoeScript/Mollu/MAIN.js":"904bb2a60fc3e2d5a205a105c7233742","MoeScript/Mollu/TEXT.js":"bcca6df6bd21a996053856c604abca13","MoeScript/Script/filesaver.min.js":"e4ba97b61a9ac3206aaa23562801923b","MoeScript/Script/html2canvas.min.js":"d7968224430b52a3b587c65061477737","MoeScript/Script/jquery.min.js":"41bb1ae10e01feee035041f0bfcc479f","MoeScript/Script/jszip.min.js":"124c9275daa3939c6c8cef4d26148ce7","MoeScript/Script/localforage.min.js":"fce689ed39d7db8e762a989372349a28","MoeScript/Script/snapdom.min.js":"8770a4472a7edf8da74eaa8ea0119605","MoeScript/Script/vconsole.min.js":"877ce44300df577b237c38b4811bdd9d","MoeScript/SETTING.js":"227f66c31c2a571cda28a33249257ad5","MoeScript/TOP.js":"66d4551febff1cc53497a621ed338219"}