{"index.html":"2d407e2bdc5899a09cfa470488ab282d","Setting.html":"4f19a2fadedfe0c7b2b1bd37e8ed8439","index_old.html":"547ecf8f13601ae08f733c7ba95c2b51","Capture_Font.html":"85d9c2981baad47fefcafbd6012023fa","Capture_NoFont.html":"1295c714dfb8a11c98342e92164b199d","MoeData/Fonts/Blueaka/1.woff2":"0bf4da1c6158aab0c6ea0f2efcf8648f","MoeData/Fonts/Blueaka/2.woff2":"0e9aa165704273dff87ef95dd4cc4802","MoeData/Fonts/Blueaka/3.woff2":"1d2e6b6d7955ac9438159f12ee2603a0","MoeData/Fonts/Blueaka/4.woff2":"1e843625d6cc9cf6b5df41a36be0e206","MoeData/Fonts/Blueaka/5.woff2":"1e7680805b1c5a68b1ab43a3e539cdec","MoeData/Fonts/Blueaka/6.woff2":"1f5fd708ddea81a2b0650c7683db03fe","MoeData/Fonts/Blueaka/7.woff2":"2b9d031da4e6ca1ce0cab3070119e46c","MoeData/Fonts/Blueaka/8.woff2":"2b73fa44997060485e6ccbba022143c2","MoeData/Fonts/Blueaka/9.woff2":"2ccecf10ebbea79cec3c5c95d9f1751b","MoeData/Fonts/Blueaka/10.woff2":"2d36182279d0568505a4065570308317","MoeData/Fonts/Blueaka/11.woff2":"2fd12a2302535c7f6db89b51c329a8fb","MoeData/Fonts/Blueaka/12.woff2":"3a8a96519be3155a6dc96ea4eb7a5377","MoeData/Fonts/Blueaka/13.woff2":"3aa47788e464441baad46a8a5050eb0d","MoeData/Fonts/Blueaka/14.woff2":"3bcdab4f7c281bc7fc5a69122166d91a","MoeData/Fonts/Blueaka/15.woff2":"3c23359e13fe362d317b59afa9809d00","MoeData/Fonts/Blueaka/16.woff2":"3cf661a2f5f9432fe85464c2477dac04","MoeData/Fonts/Blueaka/17.woff2":"3d6aa84ae8879bddad88ffb03a69fec1","MoeData/Fonts/Blueaka/18.woff2":"4cb413d1a3f25699ca9ca61bb936a967","MoeData/Fonts/Blueaka/19.woff2":"4cc706250ca46c65e9127f6965e00735","MoeData/Fonts/Blueaka/20.woff2":"4f0906ef148d914f5bdd576eac6f9093","MoeData/Fonts/Blueaka/21.woff2":"5a10a6e476f4a97e5144c809ff391f61","MoeData/Fonts/Blueaka/22.woff2":"5a48bb7e748be596e61cc4585c2ab627","MoeData/Fonts/Blueaka/23.woff2":"5aaf366c7aab6e895fcde6379f55b536","MoeData/Fonts/Blueaka/24.woff2":"5bd73751a0e4dd18c96f557d0fe4cb59","MoeData/Fonts/Blueaka/25.woff2":"5ea8bd645b7fbb07cdae45e93eff9b35","MoeData/Fonts/Blueaka/26.woff2":"5ebf274d87e5b8e10c07009919076835","MoeData/Fonts/Blueaka/27.woff2":"6a19eae46462b2a7f79eeba96ece7f0b","MoeData/Fonts/Blueaka/28.woff2":"6d212529d5fced2083ffb5e9fa668507","MoeData/Fonts/Blueaka/29.woff2":"7ae80d796f07677aab34d75afd3b8296","MoeData/Fonts/Blueaka/30.woff2":"7afd33ba07ecbb89e59debacd2d03fed","MoeData/Fonts/Blueaka/31.woff2":"07afe194b97807834eb3e0e7cc33fde8","MoeData/Fonts/Blueaka/32.woff2":"7e1a5b2f5450154b4cd31aa116195025","MoeData/Fonts/Blueaka/33.woff2":"7ed98d370509a82194c6c8c2c43e79fe","MoeData/Fonts/Blueaka/34.woff2":"8b3def4e2fad572a83145abb2ce2b0b6","MoeData/Fonts/Blueaka/35.woff2":"8bc2f7fbe748a4c70f1d4fb4f98ff9d3","MoeData/Fonts/Blueaka/36.woff2":"8e3f319d48468633edfd8d2292d00d36","MoeData/Fonts/Blueaka/37.woff2":"8f172ee7d06daecbd7548bd0d4a056fd","MoeData/Fonts/Blueaka/38.woff2":"8f6008bee9d8c48d641b4665879969c7","MoeData/Fonts/Blueaka/39.woff2":"9b9f0ae83d6f8f76b3ede0d3dccbbd97","MoeData/Fonts/Blueaka/40.woff2":"9c2a153dd89acef79403725aae70b659","MoeData/Fonts/Blueaka/41.woff2":"9cafdcdb4fbf98e95b958d4c4051f7d6","MoeData/Fonts/Blueaka/42.woff2":"12db5e37033eec7531b6bf4c933d373b","MoeData/Fonts/Blueaka/43.woff2":"16c10f045cd32455fd57b166ab50113d","MoeData/Fonts/Blueaka/44.woff2":"23ec545a0ce5844b7fbf2b6ac5c62b43","MoeData/Fonts/Blueaka/45.woff2":"23ef67d952af750cc7dbed6bcb49b888","MoeData/Fonts/Blueaka/46.woff2":"28b96d3bf52bb147fea7e60c59851a1b","MoeData/Fonts/Blueaka/47.woff2":"28c477b3f1da1a210a247d5a8b4f5495","MoeData/Fonts/Blueaka/48.woff2":"40b776d782a329a048d7709783aeaa5a","MoeData/Fonts/Blueaka/49.woff2":"45ef27b6eb2e4881c0bc05f0ece744f4","MoeData/Fonts/Blueaka/50.woff2":"48f0692734a419b5f99259cad6ba63a8","MoeData/Fonts/Blueaka/51.woff2":"50d0973adbe990d0c6560c458e5bf4f6","MoeData/Fonts/Blueaka/52.woff2":"54e93b75531a907d698b2f7f58a6f7ea","MoeData/Fonts/Blueaka/53.woff2":"55c043410fffb4f5da99682452a3687c","MoeData/Fonts/Blueaka/54.woff2":"56bd4a939053040c47b4a3d380f11550","MoeData/Fonts/Blueaka/55.woff2":"59ffbd14840b486c169c8d0a7cbb1721","MoeData/Fonts/Blueaka/56.woff2":"60c555f025ef63faaf1fd6c4d2c93ed0","MoeData/Fonts/Blueaka/57.woff2":"60d970394802a08ed9ab4303bb893693","MoeData/Fonts/Blueaka/58.woff2":"61d26e0e87924ed198699cc24c366c37","MoeData/Fonts/Blueaka/59.woff2":"63c837b45228b8a88712c14f18760054","MoeData/Fonts/Blueaka/60.woff2":"66b71a95d2bcf5d6150ecbd2d5830de5","MoeData/Fonts/Blueaka/61.woff2":"70b003a05e55f72773eee2b8298063de","MoeData/Fonts/Blueaka/62.woff2":"72d898ef4f502f315ea50865cdbb9199","MoeData/Fonts/Blueaka/63.woff2":"73b849a86b762832b3178e93d2a03ef8","MoeData/Fonts/Blueaka/64.woff2":"74b57b93b86af26ff3608724682345a4","MoeData/Fonts/Blueaka/65.woff2":"77f61eceb7a9e79759dfdee3e02b3f76","MoeData/Fonts/Blueaka/66.woff2":"081dbec0f6a844d033590d763d7dd881","MoeData/Fonts/Blueaka/67.woff2":"85a0593e048b61b7156f41f1c5829e8b","MoeData/Fonts/Blueaka/68.woff2":"88b22f517415948176ed904554e8d5b2","MoeData/Fonts/Blueaka/69.woff2":"88d8e8759922ab87b4ad9ca028ef67cf","MoeData/Fonts/Blueaka/70.woff2":"89a655bc938a5d78522dec341483960a","MoeData/Fonts/Blueaka/71.woff2":"90ce7b8c5951da5221f4b8bec60d3605","MoeData/Fonts/Blueaka/72.woff2":"90d3437e8cb91f0bcdb1a2fa47b29d6a","MoeData/Fonts/Blueaka/73.woff2":"94d27332124a66e64f880ced265bc164","MoeData/Fonts/Blueaka/74.woff2":"95a0ca14b1b2327d2bf121a8c888b1bf","MoeData/Fonts/Blueaka/75.woff2":"95bb21d43c95cdddc0dbd40a78a60746","MoeData/Fonts/Blueaka/76.woff2":"100aa96a8174152a6f9b34fa3a9ceb21","MoeData/Fonts/Blueaka/77.woff2":"142e22963d8946835769e9aa8b478c4c","MoeData/Fonts/Blueaka/78.woff2":"177ad3193d0802ca56e915362020bf1b","MoeData/Fonts/Blueaka/79.woff2":"206e980f2cf092afe060bc859cab63d6","MoeData/Fonts/Blueaka/80.woff2":"280c7baf2e087197cb5335a030963198","MoeData/Fonts/Blueaka/81.woff2":"343b8d1501e1569a040b1a18ece14f70","MoeData/Fonts/Blueaka/82.woff2":"358abd42fadf96c1aa3e85d397af269b","MoeData/Fonts/Blueaka/83.woff2":"372c61615bf1ef24b1602fe1d8ba0e8f","MoeData/Fonts/Blueaka/84.woff2":"444e970afd730f072b0deae7a5fdfc2f","MoeData/Fonts/Blueaka/85.woff2":"566a492d4033fafcf07a349b1b44012e","MoeData/Fonts/Blueaka/86.woff2":"585c304faf793138fd67a441a3e9988c","MoeData/Fonts/Blueaka/87.woff2":"640bb5ef225b9d0f23e24b20ff2f64e0","MoeData/Fonts/Blueaka/88.woff2":"691a7e0eb5f54bfd32370e31ad0b0432","MoeData/Fonts/Blueaka/89.woff2":"693d63112179830891910f47fcf43529","MoeData/Fonts/Blueaka/90.woff2":"790fd9c55b69987a3391bbd06aefc6a7","MoeData/Fonts/Blueaka/91.woff2":"813b2ea42a0d04a4c23eb279e315f019","MoeData/Fonts/Blueaka/92.woff2":"821ae0df763a65b67b80914d02dba415","MoeData/Fonts/Blueaka/93.woff2":"958c442fff232eb5ebe8179dc0230e1c","MoeData/Fonts/Blueaka/94.woff2":"972c42ecfac18681576ca6567602591f","MoeData/Fonts/Blueaka/95.woff2":"2153e988ac95b2878b5ffcfe8d9ebb89","MoeData/Fonts/Blueaka/96.woff2":"2268d110da4de3a01f21aae42868a46a","MoeData/Fonts/Blueaka/97.woff2":"2909c9195964e385ee5918b88a9bc153","MoeData/Fonts/Blueaka/98.woff2":"3421ea4cae8c8ca0fc80641e21786dfc","MoeData/Fonts/Blueaka/99.woff2":"3665bdd035ef174f2fae9c9b30d4ed22","MoeData/Fonts/Blueaka/100.woff2":"3866e572121c5b0cabd82e9d8e120a4f","MoeData/Fonts/Blueaka/101.woff2":"4889acf712e95e21b41c6c6d0cb129cb","MoeData/Fonts/Blueaka/102.woff2":"4934e0e689d4a869e96e14d316314afe","MoeData/Fonts/Blueaka/103.woff2":"5161e9a3c8df77753d2d7a48241cedee","MoeData/Fonts/Blueaka/104.woff2":"5180d989b59c39259fbdba2dd3e3d972","MoeData/Fonts/Blueaka/105.woff2":"05979d98d5a4d392680dbb5ccf4cc355","MoeData/Fonts/Blueaka/106.woff2":"6586c17347156468cc66fc7447193afb","MoeData/Fonts/Blueaka/107.woff2":"6949d196b0981f954f45ab4e5228c089","MoeData/Fonts/Blueaka/108.woff2":"7085f85ec0a01bcbf88e83c4f0356a87","MoeData/Fonts/Blueaka/109.woff2":"7558f4a5ddfe7ea3a46c8136e7954691","MoeData/Fonts/Blueaka/110.woff2":"7789e9c9c436e8312d5d68b3e423ec73","MoeData/Fonts/Blueaka/111.woff2":"7887be7004af740cca0828cf3de07e5c","MoeData/Fonts/Blueaka/112.woff2":"8844c0d086b7861633cf1af48111445a","MoeData/Fonts/Blueaka/113.woff2":"8991b11e7058d8a02d7bce2032361f1f","MoeData/Fonts/Blueaka/114.woff2":"9441bcc9f7a406120606e2d6115f7b2c","MoeData/Fonts/Blueaka/115.woff2":"48927be8aa44d21b60d4aa4a8ec6c644","MoeData/Fonts/Blueaka/116.woff2":"63563a4d2f1364e9409233653d612378","MoeData/Fonts/Blueaka/117.woff2":"67919eab1be7b5faf0ac6dee80873519","MoeData/Fonts/Blueaka/118.woff2":"92683e1cb39419ec7db4710f5e281087","MoeData/Fonts/Blueaka/119.woff2":"220448f1a767cf3c7b23207e24c37b31","MoeData/Fonts/Blueaka/120.woff2":"502409a46d5073166154551265e8abba","MoeData/Fonts/Blueaka/121.woff2":"512765d185e794d841fc4606feb63b5f","MoeData/Fonts/Blueaka/122.woff2":"555389b2d9b23f12649a1ef44c57a322","MoeData/Fonts/Blueaka/123.woff2":"00891462b988c8d35ebcec14c8a2c3be","MoeData/Fonts/Blueaka/124.woff2":"899101d3595ae4885ee12d83537e42ef","MoeData/Fonts/Blueaka/125.woff2":"916977f5b7168c3a177b7ee94a3b2085","MoeData/Fonts/Blueaka/126.woff2":"1807671fe26f463628eb5b96028d4203","MoeData/Fonts/Blueaka/127.woff2":"5342394a0914549490bd80ab08c44efd","MoeData/Fonts/Blueaka/128.woff2":"9045287dc986cfcdf681410e14e2cfcc","MoeData/Fonts/Blueaka/129.woff2":"5689279161e6a1746b538e4b2ba3ddbb","MoeData/Fonts/Blueaka/130.woff2":"a1cb243ffbbf0fbc7d737f994ae295cc","MoeData/Fonts/Blueaka/131.woff2":"a3c3e548a4d8cfa073e3de8277092e82","MoeData/Fonts/Blueaka/132.woff2":"a4efd722ede5f0bef63d243979a8acc8","MoeData/Fonts/Blueaka/133.woff2":"a8d28ec14e64d46ee1a58c6c135be0ea","MoeData/Fonts/Blueaka/134.woff2":"a54b0a0b90f2e9ed098e03d999ca6488","MoeData/Fonts/Blueaka/135.woff2":"a161fa3a5895fc47fb9cbaf3fe7aca19","MoeData/Fonts/Blueaka/136.woff2":"a553dd64957ff7cea8d3fa2e8ecbf5f5","MoeData/Fonts/Blueaka/137.woff2":"a696ddc55c5b2593004d9db36627ef68","MoeData/Fonts/Blueaka/138.woff2":"a700c74a6b02f82b3483aca363d381c9","MoeData/Fonts/Blueaka/139.woff2":"a3536e48843267a5337313ecc98159a3","MoeData/Fonts/Blueaka/140.woff2":"a4657c162d51d720c754257ed1d4050b","MoeData/Fonts/Blueaka/141.woff2":"a52229a48532440f98d092dc9b83dee3","MoeData/Fonts/Blueaka/142.woff2":"aa303fa2c97752c591fd5837a4cb4016","MoeData/Fonts/Blueaka/143.woff2":"ace84152a54cb1e3859e176b797e8774","MoeData/Fonts/Blueaka/144.woff2":"aeca678da8a7748049c572efebb8a3a0","MoeData/Fonts/Blueaka/145.woff2":"af7e217923f1f1d36afd86567a60edf9","MoeData/Fonts/Blueaka/146.woff2":"b0adcc18132c39c4ae6946d5f4b44b24","MoeData/Fonts/Blueaka/147.woff2":"b3bc1de952b396585d6024b27913fb95","MoeData/Fonts/Blueaka/148.woff2":"b8d59238b7a63d7af68aa3a6e37b2cb7","MoeData/Fonts/Blueaka/149.woff2":"b493d5968860ffdf71605e24a6dff2f6","MoeData/Fonts/Blueaka/150.woff2":"b770a0c2678b8e7e00786eb4bb65dd48","MoeData/Fonts/Blueaka/151.woff2":"b46843a31241d2dfde1521af8bb4219f","MoeData/Fonts/Blueaka/152.woff2":"b42464982319786def7dc425caaed0e6","MoeData/Fonts/Blueaka/153.woff2":"bad38e4be4b6c8523a8b7a2b110a2e9f","MoeData/Fonts/Blueaka/154.woff2":"bc4d5d7ec75c2914c370b997dc7f08f4","MoeData/Fonts/Blueaka/155.woff2":"bd3d5cfce5e36d65feda7f65bab872f9","MoeData/Fonts/Blueaka/156.woff2":"bd3f773cf8efd73391441e8badbfbf71","MoeData/Fonts/Blueaka/157.woff2":"bdfdb04f6dda33e8613376c76a53cf46","MoeData/Fonts/Blueaka/158.woff2":"bedb834a8ac7aa6264282259726dbb98","MoeData/Fonts/Blueaka/159.woff2":"c0c49e0b2daba2e9cb1397e523ad6f2b","MoeData/Fonts/Blueaka/160.woff2":"c0e535e42c927fc2ff971fed397e88c2","MoeData/Fonts/Blueaka/161.woff2":"c1a31ceaef6ad6aa907a0c0ba09d59e2","MoeData/Fonts/Blueaka/162.woff2":"c2a50b2d36e1e63cb6b8525b562d3b45","MoeData/Fonts/Blueaka/163.woff2":"c2b8e38b61e6870542ea50c38124d04f","MoeData/Fonts/Blueaka/164.woff2":"c3febad21442e00c67c32c60250f39c7","MoeData/Fonts/Blueaka/165.woff2":"c9f7d135b28bf4a451fed5df62499ebd","MoeData/Fonts/Blueaka/166.woff2":"c9f65b2db11fe223ad60a02ec93a363c","MoeData/Fonts/Blueaka/167.woff2":"c68e75ed99ab05ca6f64783c904f2695","MoeData/Fonts/Blueaka/168.woff2":"c81d2ff786f7d011fa5a81a08d06a3a7","MoeData/Fonts/Blueaka/169.woff2":"c272cc52c53e63bbfceb3b07d27c4982","MoeData/Fonts/Blueaka/170.woff2":"c16248f9c8f20aca9a0a3d71deb7769e","MoeData/Fonts/Blueaka/171.woff2":"c585121ccd81892820874a59dd8bd5b6","MoeData/Fonts/Blueaka/172.woff2":"ca1875d5b6f6f7d62d217d7054fcbb10","MoeData/Fonts/Blueaka/173.woff2":"ca9654eb19b9f6bbaa1125162018665c","MoeData/Fonts/Blueaka/174.woff2":"ca7867581eda186e3de3dc487c16a443","MoeData/Fonts/Blueaka/175.woff2":"cb2bddc931502ed69ea7ee51d88f12ad","MoeData/Fonts/Blueaka/176.woff2":"cbc50bc41bad76867525f177e7c8b366","MoeData/Fonts/Blueaka/177.woff2":"cc668a42fdac017965cad21fd52c7f45","MoeData/Fonts/Blueaka/178.woff2":"cd3e487a80c66d671259e1a3a72bad64","MoeData/Fonts/Blueaka/179.woff2":"cd25ff2f71df35b83fdf11832836ef15","MoeData/Fonts/Blueaka/180.woff2":"ce7f1801beb42db51acd66892d2eaa2a","MoeData/Fonts/Blueaka/181.woff2":"cfd975c9463631d3f087e263be23e0c9","MoeData/Fonts/Blueaka/182.woff2":"d04b2c2e405e5b24fe0c8e52a0ec45ad","MoeData/Fonts/Blueaka/183.woff2":"d1b8f9727102bfa34a07b15979c3832e","MoeData/Fonts/Blueaka/184.woff2":"d4e2e283d17205bdec9089078947eaf3","MoeData/Fonts/Blueaka/185.woff2":"d25b68e7343095b91bf2e911bafe42aa","MoeData/Fonts/Blueaka/186.woff2":"d43caedf727a71ee015e4d2c17552eda","MoeData/Fonts/Blueaka/187.woff2":"d231e3b487f21fca9dcbdd3eed5ea37a","MoeData/Fonts/Blueaka/188.woff2":"d934e153b7bc2f847f3d28a926193c7f","MoeData/Fonts/Blueaka/189.woff2":"d5923dbce6063a3c04cda97044d28835","MoeData/Fonts/Blueaka/190.woff2":"d781243b6af3633fb7c9b6918d25e99c","MoeData/Fonts/Blueaka/191.woff2":"dae7086067a24a13662ec0ee52ef6cf3","MoeData/Fonts/Blueaka/192.woff2":"daeb2b5404a56656d654f7bb4bb95176","MoeData/Fonts/Blueaka/193.woff2":"daf705b7b46f122fc73955829980cfc6","MoeData/Fonts/Blueaka/194.woff2":"dc8828a3ea1083d88c4c59a6233f768e","MoeData/Fonts/Blueaka/195.woff2":"dc831947226716ce4f7b6a2cdd4c04a8","MoeData/Fonts/Blueaka/196.woff2":"dd8f94676347203a41e3479a9bbe83dc","MoeData/Fonts/Blueaka/197.woff2":"de95b2a98440c2ba073de2f66e85abe7","MoeData/Fonts/Blueaka/198.woff2":"df427b7a8f2341477ecff824d1e64e06","MoeData/Fonts/Blueaka/199.woff2":"e0d4c358c3a5282971684cb99972ab3e","MoeData/Fonts/Blueaka/200.woff2":"e0235d3eb73e6f159ec8fac4c4dd07e2","MoeData/Fonts/Blueaka/201.woff2":"e8fb37162f522c0b2b5b95becea7a3cd","MoeData/Fonts/Blueaka/202.woff2":"e15feb744dc8998a51fe9572aadd5522","MoeData/Fonts/Blueaka/203.woff2":"e80f06edc229ce92567cc180ccc7cc91","MoeData/Fonts/Blueaka/204.woff2":"e952ad04281d4281389822d8633873b5","MoeData/Fonts/Blueaka/205.woff2":"e3647c0b7fd25bd5e15b585d084dfd0d","MoeData/Fonts/Blueaka/206.woff2":"e266630ce9e5aed4b013a7676412590b","MoeData/Fonts/Blueaka/207.woff2":"ea0db624497e35e12cf760c5b9579c85","MoeData/Fonts/Blueaka/208.woff2":"eb4d1e8bf82e93e136bb868389da047c","MoeData/Fonts/Blueaka/209.woff2":"eb6aa3f5fed1fc2f19685bd479405d53","MoeData/Fonts/Blueaka/210.woff2":"ed097d0791b4a95989613f9b4f0d5f7a","MoeData/Fonts/Blueaka/211.woff2":"ed8ea3a63438fb99b682e1bb51f740e7","MoeData/Fonts/Blueaka/212.woff2":"eddfda408cb7c3ccf1911720e8000e2f","MoeData/Fonts/Blueaka/213.woff2":"edec4ebed24239e9d4307fabcbac98cd","MoeData/Fonts/Blueaka/214.woff2":"eee82d74722f2237b9ab86ac85973172","MoeData/Fonts/Blueaka/215.woff2":"ef7b9d0c5bf981f8a20c852fa2469bf8","MoeData/Fonts/Blueaka/216.woff2":"ef41bb8249c8e3128a4f324f15bdb0f8","MoeData/Fonts/Blueaka/217.woff2":"eff48048b47d8ecceee7270a11b29579","MoeData/Fonts/Blueaka/218.woff2":"f08d8e5bc7aba5f37c91902f5777cea0","MoeData/Fonts/Blueaka/219.woff2":"f2ace1bb716f86f974d6754037f6fbb0","MoeData/Fonts/Blueaka/220.woff2":"f5beb51dc0900cb9508e50182b1a8711","MoeData/Fonts/Blueaka/221.woff2":"f9ce05fb8961297b019da5d4ff156f67","MoeData/Fonts/Blueaka/222.woff2":"f9f76e3a967620bac998d01efa8f73e0","MoeData/Fonts/Blueaka/223.woff2":"f974e38e8833738e95e3f78fa185277b","MoeData/Fonts/Blueaka/224.woff2":"fa669ffb3a9ed7f350e09d55c29ea45f","MoeData/Fonts/Blueaka/225.woff2":"fc136d3e5ceae36d035a945b45e7ce05","MoeData/Fonts/Blueaka/226.woff2":"fd77ab782564ae959e9f555a825e68b3","MoeData/Fonts/Blueaka/227.woff2":"fd1205fb053df47c0979ae08ae99dace","MoeData/Fonts/Blueaka/228.woff2":"fe6f00b772139562e75850c6dbe88f55","MoeData/Fonts/Blueaka/229.woff2":"ff8a8e07839fd541cce7c976481f5231","MoeData/Fonts/Blueaka/230.woff2":"ffb9d6f60acf0d467d63649464a6ffe4","MoeData/Fonts/Blueaka/Blueaka.css":"a00bd6f0db88ba275cb9f5a42bd46137","MoeData/Fonts/Fonts.css":"86b5343bdeff3c54b7a70d70fdbc33a9","MoeData/Fonts/Jalnan/1.woff2":"0a440f095c860e4c3e619b3b175f03f5","MoeData/Fonts/Jalnan/2.woff2":"2f5be4b13c36e8f8453885918cc3e51f","MoeData/Fonts/Jalnan/3.woff2":"5f8d3c568facf9678d0a46896c4592ad","MoeData/Fonts/Jalnan/4.woff2":"9b86e306bd7c49f59ea4c4d1d07fa64f","MoeData/Fonts/Jalnan/5.woff2":"9fa553a75562fb085b261c8cea94aa63","MoeData/Fonts/Jalnan/6.woff2":"30f0e0483b21a20b217de6c204bc78a3","MoeData/Fonts/Jalnan/7.woff2":"62fe8b3bceef915a267f6dfa28cf871e","MoeData/Fonts/Jalnan/8.woff2":"89ede28367ebb6e023486ad8212872db","MoeData/Fonts/Jalnan/9.woff2":"0271bda2cf5cbfa9b277e568bd16fc8c","MoeData/Fonts/Jalnan/10.woff2":"365e392493dffe549d3e9cd7389ba438","MoeData/Fonts/Jalnan/11.woff2":"491dce2522ba068d14f331314651c24e","MoeData/Fonts/Jalnan/12.woff2":"783d605ecbe017fb1a639423444182cb","MoeData/Fonts/Jalnan/13.woff2":"5131d2fd7a01866812fbd6548b907a77","MoeData/Fonts/Jalnan/14.woff2":"6960eb790670fb9c9c748301472ff320","MoeData/Fonts/Jalnan/15.woff2":"83878d3d83ffa5c377eff2a3022fbe59","MoeData/Fonts/Jalnan/16.woff2":"85673c341d06bfc8490ae08e843c8806","MoeData/Fonts/Jalnan/17.woff2":"662103ef0609570572fd8e5f289d9641","MoeData/Fonts/Jalnan/18.woff2":"931148b76b61cad649e5108f31b5bd06","MoeData/Fonts/Jalnan/19.woff2":"5848474c845c577c95da959f9c121dd0","MoeData/Fonts/Jalnan/20.woff2":"9774379aa9b3e4816f531cb9e0fa2337","MoeData/Fonts/Jalnan/21.woff2":"b0e42a1205e999a47651660575f3d0eb","MoeData/Fonts/Jalnan/22.woff2":"b4e4320dfd59d30d80583ed864bc0d7c","MoeData/Fonts/Jalnan/23.woff2":"b1266830721a74b1edb3ec03b7a8ea1f","MoeData/Fonts/Jalnan/24.woff2":"c7e7cd570047fa8475022c29b41b7618","MoeData/Fonts/Jalnan/25.woff2":"c364ca0c4581add2fcd8ae1fe801d875","MoeData/Fonts/Jalnan/26.woff2":"d7ec48c4059c566f886bca1d3a297492","MoeData/Fonts/Jalnan/27.woff2":"e5d69ef65b05e4b25d1acd596d0f2198","MoeData/Fonts/Jalnan/28.woff2":"f4b6120e6525d84c0360b2f6c326ec56","MoeData/Fonts/Jalnan/Jalnan.css":"65bacb0c94847b8daff09b134c53a411","MoeData/Fonts/KaiTi/1.woff2":"0c6af0f97b2d33b4d2452d7516dd5b37","MoeData/Fonts/KaiTi/2.woff2":"0db088ee728fc5823b2db38cea12e28a","MoeData/Fonts/KaiTi/3.woff2":"0e3da8b9313343b23235508759c62658","MoeData/Fonts/KaiTi/4.woff2":"1bb5774139fc30c8c02da6b1f85bf928","MoeData/Fonts/KaiTi/5.woff2":"1c36225d8429f3fb78d3095eb3622699","MoeData/Fonts/KaiTi/6.woff2":"1e3de393997ac505cc0d0a4b147cf631","MoeData/Fonts/KaiTi/7.woff2":"1e36b0001bc010cf31badc700b465956","MoeData/Fonts/KaiTi/8.woff2":"2abcdfd7357ca1dcae43e98a950c0d6b","MoeData/Fonts/KaiTi/9.woff2":"2aeb06c8e5d967a3d4b0f0c12b369187","MoeData/Fonts/KaiTi/10.woff2":"03a89d4e556b43977d04cac1fa44cfc0","MoeData/Fonts/KaiTi/11.woff2":"3ba00d6fc7f94311b70bd40857a98b27","MoeData/Fonts/KaiTi/12.woff2":"3cbfa36f44dbd93a722f374d80674ee1","MoeData/Fonts/KaiTi/13.woff2":"3df4ea430fd0b8fda7f951e93b7a4d52","MoeData/Fonts/KaiTi/14.woff2":"3e8ea54af23a2f143648c2fd41850137","MoeData/Fonts/KaiTi/15.woff2":"03fa322037a5ac57669486e075b8bad7","MoeData/Fonts/KaiTi/16.woff2":"4abd78f8cb4bfa50f9fd6caaf53d3785","MoeData/Fonts/KaiTi/17.woff2":"4e34ae0791debe462cec2756ca35c625","MoeData/Fonts/KaiTi/18.woff2":"4f411087a8aba16281dbaf73351a7dcf","MoeData/Fonts/KaiTi/19.woff2":"5a1e146a43ca8dda61ddbed592826437","MoeData/Fonts/KaiTi/20.woff2":"5b1e7b953c7a5d775767384fe09a01cf","MoeData/Fonts/KaiTi/21.woff2":"5c48c8e264e91658685aadc44abc17f6","MoeData/Fonts/KaiTi/22.woff2":"5dbc8d68be8c93147cde3751fe7a54bf","MoeData/Fonts/KaiTi/23.woff2":"5eba003073c18b12c4f2569c2a6ff3c0","MoeData/Fonts/KaiTi/24.woff2":"5fe51c95a542d896e986c09bb2f61248","MoeData/Fonts/KaiTi/25.woff2":"6a817bda5e600ce2c90a2441e2cd6e7d","MoeData/Fonts/KaiTi/26.woff2":"6cf8b51ed353b255280144c716d2dd0f","MoeData/Fonts/KaiTi/27.woff2":"6f578e5ef8c9de9aeaa0797b0c40a2c0","MoeData/Fonts/KaiTi/28.woff2":"6fab1947c596f5ff92afdd083fc363eb","MoeData/Fonts/KaiTi/29.woff2":"7bcd3cb3c1ce80580d925cd9f5e64c5e","MoeData/Fonts/KaiTi/30.woff2":"07f8d4b0da14ca1b2b8c174781c2517b","MoeData/Fonts/KaiTi/31.woff2":"8a0edfa2677dcb3e778628b592a2596d","MoeData/Fonts/KaiTi/32.woff2":"8abafeeb4490bd61c19dad4c23ad0da2","MoeData/Fonts/KaiTi/33.woff2":"8b29a2826f0ac964e07d74ee8b497613","MoeData/Fonts/KaiTi/34.woff2":"8c0887e01636bc4f06dac5f6c7959a39","MoeData/Fonts/KaiTi/35.woff2":"8e5c327a9698b8af63cbd907450f3475","MoeData/Fonts/KaiTi/36.woff2":"9a6b03b5c646c51a537f0c19b387f40e","MoeData/Fonts/KaiTi/37.woff2":"9a14574e8fe2c9ba322976ba87250d2e","MoeData/Fonts/KaiTi/38.woff2":"9b07234491bb5fc5b6c4a84eed57da88","MoeData/Fonts/KaiTi/39.woff2":"9b90cb7bcfb45d891dedd81cf3307869","MoeData/Fonts/KaiTi/40.woff2":"11d8724f6a8e3165f040a0f668da37fd","MoeData/Fonts/KaiTi/41.woff2":"14aa65a01956c077fa9bc6e036f518f3","MoeData/Fonts/KaiTi/42.woff2":"21ad1c08fec8b66ccc55258f64acd67a","MoeData/Fonts/KaiTi/43.woff2":"21ef99c554211e0003c081538a311bbe","MoeData/Fonts/KaiTi/44.woff2":"24c9915c586354cecea0357ba9edb70c","MoeData/Fonts/KaiTi/45.woff2":"24ea7424530d1fdf05c1391460049a50","MoeData/Fonts/KaiTi/46.woff2":"26ed6bb641a406803749c1fc55ef9b71","MoeData/Fonts/KaiTi/47.woff2":"34ce29ca9ce642df76616fc3a547d207","MoeData/Fonts/KaiTi/48.woff2":"43a70271e7c694ad95ca9308eb9d9aba","MoeData/Fonts/KaiTi/49.woff2":"52bc0b840304ec74d3f49d1d3959311c","MoeData/Fonts/KaiTi/50.woff2":"53d31b83b556a2e6c79d222e035fba8c","MoeData/Fonts/KaiTi/51.woff2":"53e30d8991ca0475edc96f061a4beef7","MoeData/Fonts/KaiTi/52.woff2":"59b5741953a514d8e2d705d2410d199d","MoeData/Fonts/KaiTi/53.woff2":"59f7dc95080848b5963faf4c31e4a6ba","MoeData/Fonts/KaiTi/54.woff2":"62a999dc074ef5c5adeea33f94c3255f","MoeData/Fonts/KaiTi/55.woff2":"63f9be7109ac8270b3931d9cb072cb7b","MoeData/Fonts/KaiTi/56.woff2":"64c68024665805a825bae5df44454c27","MoeData/Fonts/KaiTi/57.woff2":"64ede1b2d7fda6f563e5f671cf7ac66d","MoeData/Fonts/KaiTi/58.woff2":"66d6006a442c501ea3e0bbd1e1114fcc","MoeData/Fonts/KaiTi/59.woff2":"069dda15d6a7a4dc86fff0b9f773fe1f","MoeData/Fonts/KaiTi/60.woff2":"73e7a4d69de6dfb111eb460fb827e5ea","MoeData/Fonts/KaiTi/61.woff2":"73eeccdb1fdd6e2c54de227e0aa61a19","MoeData/Fonts/KaiTi/62.woff2":"74faf409dfc88505b712a6b473f177d8","MoeData/Fonts/KaiTi/63.woff2":"85a301b8b57b37c429dabb8312daf674","MoeData/Fonts/KaiTi/64.woff2":"93cc6213f4ad05f472f8ff1251a5d761","MoeData/Fonts/KaiTi/65.woff2":"94e46e2ddd7838a95cca02535f49ca47","MoeData/Fonts/KaiTi/66.woff2":"95fabd2209f3f043930d8026bea885a6","MoeData/Fonts/KaiTi/67.woff2":"96ad765da871c715c5908dc20589a6ad","MoeData/Fonts/KaiTi/68.woff2":"96de05584d1136f30cc1e0e2801a434f","MoeData/Fonts/KaiTi/69.woff2":"186a0e85a3bf46144f15bc2828028757","MoeData/Fonts/KaiTi/70.woff2":"198b61b252c7bc0bd53b1cdb04be91ce","MoeData/Fonts/KaiTi/71.woff2":"208d51c173615102921731381a03e649","MoeData/Fonts/KaiTi/72.woff2":"244c6d03908155d401af1c2fec876ebf","MoeData/Fonts/KaiTi/73.woff2":"247bff2f24bf412886d0e6708447caf4","MoeData/Fonts/KaiTi/74.woff2":"314f175416c3e84016ca3e8e7b4fb176","MoeData/Fonts/KaiTi/75.woff2":"346ea791fe437fa19ace2737c17d905a","MoeData/Fonts/KaiTi/76.woff2":"486f7340f53504231c62e5d67dc0cf2c","MoeData/Fonts/KaiTi/77.woff2":"554c98eaff02bfb699e4148904cf29bc","MoeData/Fonts/KaiTi/78.woff2":"565bffe595cb7d08b9457fa0cbbd32c9","MoeData/Fonts/KaiTi/79.woff2":"582cff2895c39ef3a7217fd0e4693656","MoeData/Fonts/KaiTi/80.woff2":"619e79d45809cf4678de5281fd54634d","MoeData/Fonts/KaiTi/81.woff2":"629e496550b97b37dbf2006ebfadfb57","MoeData/Fonts/KaiTi/82.woff2":"632ed59fa517edc8ebc2ec0970d431d5","MoeData/Fonts/KaiTi/83.woff2":"706d86ac5eb37db172ae2a8e4ab022a2","MoeData/Fonts/KaiTi/84.woff2":"732a56f8238261c9fed17431798f8537","MoeData/Fonts/KaiTi/85.woff2":"738f3f079b5cc62c2efce4bdb68fd486","MoeData/Fonts/KaiTi/86.woff2":"801afdf2e3bfdaba5d8f56bc0e59950c","MoeData/Fonts/KaiTi/87.woff2":"855dd7684457bc35b940050c2fbeb15e","MoeData/Fonts/KaiTi/88.woff2":"882d5b51f6d7cdff86b9c9cf9e6735a1","MoeData/Fonts/KaiTi/89.woff2":"903e951579ae262ac43d8ef50940e5e5","MoeData/Fonts/KaiTi/90.woff2":"989ad1d30c53346550bebbe1b53f3893","MoeData/Fonts/KaiTi/91.woff2":"1035f486474112e48cd68715a8cb2f3d","MoeData/Fonts/KaiTi/92.woff2":"2049a01ff242489df1116f912f117c57","MoeData/Fonts/KaiTi/93.woff2":"03831c5a1a0da890e810112888221faa","MoeData/Fonts/KaiTi/94.woff2":"4936b8515f361d4d68615176123ed7e1","MoeData/Fonts/KaiTi/95.woff2":"5546eb42a4a147bd9c79a83bc8a9fe34","MoeData/Fonts/KaiTi/96.woff2":"06465a5903ea9da212cdbf6d3965d1bf","MoeData/Fonts/KaiTi/97.woff2":"6605a765a40709ce0cc32cca65905647","MoeData/Fonts/KaiTi/98.woff2":"07611f55fd4f3f0ab94a2e5b7f898128","MoeData/Fonts/KaiTi/99.woff2":"9077cd58ded88f0021ee79007ebfac9b","MoeData/Fonts/KaiTi/100.woff2":"29094f4e592599a796d96be49e32a92a","MoeData/Fonts/KaiTi/101.woff2":"32330d219f6ece12a996a49366b86627","MoeData/Fonts/KaiTi/102.woff2":"65125e3fc86c9c964f1e2a8b622ca855","MoeData/Fonts/KaiTi/103.woff2":"76481bbd28e5fa869b587b5cfcbc47c7","MoeData/Fonts/KaiTi/104.woff2":"77230f4e2b05295fff709420f31df7e9","MoeData/Fonts/KaiTi/105.woff2":"293024e121906714e4f5060a8bd0baae","MoeData/Fonts/KaiTi/106.woff2":"432532aa99480504eea372fce4afeb20","MoeData/Fonts/KaiTi/107.woff2":"434449ede126c14f779b395dafd4a0f0","MoeData/Fonts/KaiTi/108.woff2":"510387c2288c30fc4f2c1cacad06b89c","MoeData/Fonts/KaiTi/109.woff2":"550890c4455381f4e3093a2f43ed48e1","MoeData/Fonts/KaiTi/110.woff2":"3466742cf8f71acf0dbb75b7e4c4b2fc","MoeData/Fonts/KaiTi/111.woff2":"5446992a1fd56fd3ca419e4d235e8e98","MoeData/Fonts/KaiTi/112.woff2":"5903996c133b11afb6da5bb0efa2226d","MoeData/Fonts/KaiTi/113.woff2":"10036920b0030e6dfebbb1de62f74e92","MoeData/Fonts/KaiTi/114.woff2":"077005477f4a294e4496c0f045bc549c","MoeData/Fonts/KaiTi/115.woff2":"79995726bc88d57ff31c376182714e5c","MoeData/Fonts/KaiTi/116.woff2":"80988300f02c359dc7e386901a85457e","MoeData/Fonts/KaiTi/117.woff2":"854878464f74b8fb85e40f0926ccdce5","MoeData/Fonts/KaiTi/118.woff2":"925957124ce3f6d3c21c136f40d0bd11","MoeData/Fonts/KaiTi/119.woff2":"86993055764225c623009b4be2fd7f06","MoeData/Fonts/KaiTi/120.woff2":"a0a58a93b8c71f4a418d80388b1f369a","MoeData/Fonts/KaiTi/121.woff2":"a6be027e6997af39a5d02b4f75024f57","MoeData/Fonts/KaiTi/122.woff2":"a8f1b919d89c6237cc1e82ddf948527e","MoeData/Fonts/KaiTi/123.woff2":"a9e821a30d8f67b493f1ca1c9fda7046","MoeData/Fonts/KaiTi/124.woff2":"a35c57c16cbcbb2acf028e5acc85a048","MoeData/Fonts/KaiTi/125.woff2":"a73e09cf150dceca4b59f9dbf086e3f3","MoeData/Fonts/KaiTi/126.woff2":"a375f07c77434f39adc6687b9798aabe","MoeData/Fonts/KaiTi/127.woff2":"a86078237363a489ffd26473ae108f11","MoeData/Fonts/KaiTi/128.woff2":"aa1cc5aa65758abfe85b713ed3251f92","MoeData/Fonts/KaiTi/129.woff2":"aac7336186c478a89cdacd5749be0d68","MoeData/Fonts/KaiTi/130.woff2":"ae8cdec304c71e0209d7da8cbf4f04b3","MoeData/Fonts/KaiTi/131.woff2":"afcbd5990baf81ce963858cf54836435","MoeData/Fonts/KaiTi/132.woff2":"b0ff071b25d5686f49d0ec015cfd4a3a","MoeData/Fonts/KaiTi/133.woff2":"b3c91dba5e95506519f22accfb5d6e59","MoeData/Fonts/KaiTi/134.woff2":"b42b1fa1e1458d2128160748102deda0","MoeData/Fonts/KaiTi/135.woff2":"b513a32a5cd2cbfb8b07575f0a316944","MoeData/Fonts/KaiTi/136.woff2":"ba0f1f2b91f86dd32a52465617ac098a","MoeData/Fonts/KaiTi/137.woff2":"ba970c531b1a0b71d990b80b5a59bb59","MoeData/Fonts/KaiTi/138.woff2":"bb3e974d8c4d643d230f864ce85410b7","MoeData/Fonts/KaiTi/139.woff2":"bc15ef1341f1b71cf0687ec1ba1ac3af","MoeData/Fonts/KaiTi/140.woff2":"bc9282d3146c5676efb08b6a02128d01","MoeData/Fonts/KaiTi/141.woff2":"bdd602884f83e363c2105f3fb450b93b","MoeData/Fonts/KaiTi/142.woff2":"c010bdd5512fde5c75c47389c3088971","MoeData/Fonts/KaiTi/143.woff2":"c22c134d4ef32612b66c49bced6b26bb","MoeData/Fonts/KaiTi/144.woff2":"c29be8b46044faedfe1b57eea112d211","MoeData/Fonts/KaiTi/145.woff2":"c58e661e87de683a4b43bfb86c854c8f","MoeData/Fonts/KaiTi/146.woff2":"c44638319ffea1a84a6ebb1bc8edae4c","MoeData/Fonts/KaiTi/147.woff2":"cbf0ab5a0d81c65467690304b3bc4a12","MoeData/Fonts/KaiTi/148.woff2":"cca50c3b4b2d252d62199911fad45059","MoeData/Fonts/KaiTi/149.woff2":"cdc9ff6849b2fc3d3735eacad3b5f612","MoeData/Fonts/KaiTi/150.woff2":"cdca024ba9aad595197095ec641415c1","MoeData/Fonts/KaiTi/151.woff2":"ce3e36a675fc55e302580ab179b5fc9d","MoeData/Fonts/KaiTi/152.woff2":"cf806c21e34f788f00902dfec60940eb","MoeData/Fonts/KaiTi/153.woff2":"d03352401b7a32f55bc418ad5c917df3","MoeData/Fonts/KaiTi/154.woff2":"d3b3114dc2dd616e4da5939ff6e46569","MoeData/Fonts/KaiTi/155.woff2":"d28fca3e3e1abba6d3acef99953abe2e","MoeData/Fonts/KaiTi/156.woff2":"d71c24e47b8fcb25d42e20edb045e9ec","MoeData/Fonts/KaiTi/157.woff2":"d1071d9b58c15b0ab948a5ec444ebf2f","MoeData/Fonts/KaiTi/158.woff2":"d5496fee1847b2fc24400abddadac795","MoeData/Fonts/KaiTi/159.woff2":"d928091b055c65b896c1615a3cd932cd","MoeData/Fonts/KaiTi/160.woff2":"ddc7ef11985629d755ac4f0c0895f272","MoeData/Fonts/KaiTi/161.woff2":"de987b704d507fda271fc4ea7b6d096f","MoeData/Fonts/KaiTi/162.woff2":"dedc1560619a94023019bf17189d6fdc","MoeData/Fonts/KaiTi/163.woff2":"e0c91a70f62a51edc1899ec97c3d1c4c","MoeData/Fonts/KaiTi/164.woff2":"e3a8091ea728bfdc173e6f905afb55c7","MoeData/Fonts/KaiTi/165.woff2":"e5c3d8fca29e01d1b7d9d948a634a380","MoeData/Fonts/KaiTi/166.woff2":"e7aceff94d42162b5838ddf509545c5e","MoeData/Fonts/KaiTi/167.woff2":"e9cbaef9da8e6e4a089f37e1b94803fc","MoeData/Fonts/KaiTi/168.woff2":"e92fd67480d929fd8ff19e3b5c3673ed","MoeData/Fonts/KaiTi/169.woff2":"e667a7867698dd032f158803cf2fdc6a","MoeData/Fonts/KaiTi/170.woff2":"e60994b212e47affd7e356a40739db5a","MoeData/Fonts/KaiTi/171.woff2":"e842582fd2dbf181d9f5fd5d4e765e87","MoeData/Fonts/KaiTi/172.woff2":"e2301970beabcd6fddc52ebea2bc60b2","MoeData/Fonts/KaiTi/173.woff2":"ea8e9ac258c2b666aa0e8798bb352f17","MoeData/Fonts/KaiTi/174.woff2":"ec2f0cab8041d1b4004f8f94af594777","MoeData/Fonts/KaiTi/175.woff2":"ed3e06c59443d3c3c015d0ad595de034","MoeData/Fonts/KaiTi/176.woff2":"ef5b2853e97130fdc79447dfa9e6e03c","MoeData/Fonts/KaiTi/177.woff2":"f0517addb4b2d0596a5899af6cb2219d","MoeData/Fonts/KaiTi/178.woff2":"f2d1ef92cddfc16fe3e8237d830c1ce5","MoeData/Fonts/KaiTi/179.woff2":"f502d8a404a171d2b33e9e0764bbe4e5","MoeData/Fonts/KaiTi/180.woff2":"f9624ee61db40e2a9e422c17811f0bb5","MoeData/Fonts/KaiTi/181.woff2":"f37062f01c5dc019d839cf1eaab8ef7a","MoeData/Fonts/KaiTi/182.woff2":"faf9bf3a20dd8a7c63a51ce15866ee3f","MoeData/Fonts/KaiTi/183.woff2":"fcbb8e1b0159a762cbf15cefa59a3a9b","MoeData/Fonts/KaiTi/184.woff2":"fd6048635fb568212727f238c8eabf7f","MoeData/Fonts/KaiTi/185.woff2":"fec3a49bc52912de41331c99c2fc138a","MoeData/Fonts/KaiTi/KaiTi.css":"0d743c6ab78e69012fe6615cd2ef9ee5","MoeData/index.html":"f607e8cf79a8679e127de189421c8cf3","MoeData/MoeData.js":"e0b6318087e2d9c1f4c5efb243d54746","MoeData/OldScript/CHAR.js":"f0e477cc01a24fdbff44d9f72b7e4392","MoeData/OldScript/CHAT.js":"a64fcebc25659a6064c96cdeb2c47576","MoeData/OldScript/DATA.js":"1643114eaaac146c3b50280b572353bd","MoeData/OldScript/IMAGE.js":"0483726dd10e381fa3af9f4df7a2a9f1","MoeData/OldScript/INIT.js":"27bf5ddae377d26cd6ddc1357ba62e72","MoeData/OldScript/Mollu/APP.js":"1a38d141e55c290c819c590837259de7","MoeData/OldScript/Mollu/CSS.js":"1d916d26b54a169681604b05104ea6f1","MoeData/OldScript/Mollu/INDEX.js":"f30442ea8709733949ca5fe78af8aa1f","MoeData/OldScript/Mollu/LIBRARY.js":"a577868063ee707ea46b6b6798ab8d12","MoeData/OldScript/Mollu/Other/2cca2479-252e554161ba1891.js":"c0c9106b6070e2c998997a9ed2cbceda","MoeData/OldScript/Mollu/Other/288-68932622dcf1348d.js":"2c02a969fee5c29e9ac7fefe333faf35","MoeData/OldScript/Mollu/Other/648-34d807018fc4299c.js":"91aa898f6c9ab4e1b66f8ecdba4b1e1c","MoeData/OldScript/Mollu/Other/876-d056d91d7a6271a4.js":"6dde9414fe0b401c730fb8ee39501cd1","MoeData/OldScript/Mollu/Other/ad7f724d-94baee9a2d394f8b.js":"526e354678c06ead39b2235b507495ac","MoeData/OldScript/Mollu/Other/framework-2c79e2a64abdb08b.js":"c68038b9fa47d6f82ee92062dac77dba","MoeData/OldScript/Mollu/Other/MAIN.js":"81dc9b32a40ca800e550ced5e2ed6c62","MoeData/OldScript/Mollu/Other/music-328e8f3388aab8f7.js":"aa33f2673e3803a202d4e11700a9bc6d","MoeData/OldScript/Mollu/Other/webpack-0a2a587924e1d405.js":"76aa6f3900fb0d938e1be8b74cdb1d15","MoeData/OldScript/Mollu/Other/[pageNum]-64f8b3ceb0a4c91c.js":"365dec3cd4cc23ac2b9dc84c4c47c6ad","MoeData/OldScript/Mollu/Other/_buildManifest.js":"172246a6d1f26445bd45a8de0d23c7ba","MoeData/OldScript/Mollu/PLAYER.js":"4a71eda401a7c5ea3993bc1e3bcd3a6f","MoeData/OldScript/Script/html2canvas.min.js":"d7530aa0b7587e627484c49fdf8f13f2","MoeData/OldScript/Script/Jquery.min.js":"641dd14370106e992d352166f5a07e99","MoeData/OldScript/Script/jszip.min.js":"b5d02b3f0bf3ae026451909419df07bb","MoeData/OldScript/Script/localforage.min.js":"971e2b863ccdb5d43003cdc5f4e0d923","MoeData/OldScript/SETTING.js":"e5676f1e7f7d0a8cebd2c2318e6bdbc3","MoeData/OldScript/Style/font.css":"50a480cc6609cf9379a451ddc33ad155","MoeData/OldScript/Style/style.css":"5deed17ca384a172e9bd3fc0219a65e5","MoeData/OldScript/TOP.js":"7c70f4d8c27e32f40fdf22421c470058","MoeData/Setting.html":"287dc87aea3b74ca5a2ba22c28a4cf90","MoeData/Style.css":"7d8dd779a899ab7786c98d8516d59461","MoeData/Ui/down.webp":"093a0120f4332b3544d3aa0e486299b4","MoeData/Ui/edit.png":"56f92873cb606f7e85d689d135f05cb1","MoeData/Ui/error.webp":"6c8351f415cda3370d6c5c67d11b5553","MoeData/Ui/Favor_Schedule_Deco.webp":"f9ecfeedbebe81bbd9ccc4d131cadeb2","MoeData/Ui/hexa_back_01.webp":"374b22840244ac5346f7064a33b079e8","MoeData/Ui/make.webp":"40970cf3b3cb30ba9100fb341396ed0f","MoeData/Ui/menu.webp":"db079764835ad5e927a22a031d32a184","MoeData/Ui/pen.webp":"8d0befb9d4776d5b4bf2a9da9a8b7da0","MoeData/Ui/Popup_Img_Deco_0.webp":"8c7de4b230023033c7467f39e6c9acc8","MoeData/Ui/Popup_Img_Deco_1.webp":"243ffb95d07865ad474f1717e020cb74","MoeData/Ui/Popup_Img_Deco_2.webp":"027ced0a3df0c8094396490530eec137","MoeData/Ui/private.webp":"3f6be57d3f2413bbd84cdc34526d1c0f","MoeData/Ui/School/ABYDOS.webp":"1f956c9860795cbe9bc9dbac1b8dabe3","MoeData/Ui/School/ARIUS.webp":"9e011234bc07996a03bc9c800bba55b8","MoeData/Ui/School/CUSTOM.webp":"d3febbae02a7062de6e4820070fe85d7","MoeData/Ui/School/EXTRA.webp":"858b9f0b2d40f57b8b84b520616c2d63","MoeData/Ui/School/GEHENNA.webp":"a73c7388b3535791457f5471cbece245","MoeData/Ui/School/HIGHLANDER.webp":"1eba83821ff5035093f4626b192b07a9","MoeData/Ui/School/HYAKKIYAKO.webp":"b640183f6aaf7470ca2fe2807a50268b","MoeData/Ui/School/MILLENNIUM.webp":"e5cbddc77fb4367d53ab246fe01890d0","MoeData/Ui/School/none.webp":"889c466981a593b92e165070b100aaaa","MoeData/Ui/School/RECYCLE.webp":"d20faad0f7a59c31a64745ef427f888b","MoeData/Ui/School/REDWINTER.webp":"f956ddbb5543724f302bcc7d0f3a1b3e","MoeData/Ui/School/SHANHAIJING.webp":"15dbce4cd196ada68fa3f26bf7625643","MoeData/Ui/School/SRT.webp":"6aa252efdcd3cf226e9af5cf28e618d4","MoeData/Ui/School/TRINITY.webp":"9ac660a1746064e8d73d0622839db746","MoeData/Ui/School/VALKYRIE.webp":"364fd7f9e3aaa0a70c49f8ea7504b7f5","MoeData/Ui/School/WILDHUNT.webp":"4039dc9c1cdaa823ca3aff4c257e6228","MoeData/Ui/setting.webp":"35eacf6172d46fac5d869762c23c41f9","MoeData/Ui/up.webp":"3e3877c55865ea0f20e7d19dc3977aed","MoeData/Ui/you.webp":"f26dd76ce4d8238c66b921453c9a9188","MoeData/Ui/zhengwen.webp":"e8d1bf75819a84a95c0fe8cfe99fa2c3","MoeScript/CHAR.js":"92c180609f05eb0615441a9b47250dbf","MoeScript/CHAT.js":"325224ff4841b1681ef6993c5de7f836","MoeScript/CLIENT.js":"93eadce7c94499ef9d2a5216e00523b2","MoeScript/DATA.js":"8a022efe9a5249a4912fbe34968ea8c7","MoeScript/IMAGE.js":"886db1587e09ae857f07a87ff24d03f4","MoeScript/INIT.js":"f5c42697ff614e937654baf738c0e2b2","MoeScript/MikuTap/common-2.min.js":"3924ac091969d51e1cae8ba4cb6b8927","MoeScript/MikuTap/gsap.min.js":"0844e8c7b80d1c921ee01a46c1cd5c13","MoeScript/MikuTap/main.json":"a040ecd2d3392be2f57978b103e467a0","MoeScript/MikuTap/mikutap.js":"392620ac02551a129a2cecd3ec52d95f","MoeScript/MikuTap/pixi.min.js":"c034dc7ad14d953ec61dd999e347f373","MoeScript/MikuTap/track.json":"b8a57288da5ef5712cd4a4ec7f6b4ce7","MoeScript/Mollu/APP.js":"5cb5d726e3c8029f29416b76d0e8e79e","MoeScript/Mollu/INDEX.js":"d23a5261b48f1a0a59d27e3304f8e051","MoeScript/Mollu/MAIN.js":"a89261c4ca4cca5491d87d248d0d8186","MoeScript/Script/html2canvas.min.js":"c51c8040e9ecd71464f2a649ad39548a","MoeScript/Script/jquery.min.js":"954f70f07f05742168adceba796dda72","MoeScript/Script/jszip.min.js":"7e66f61e0fb4ce9bb5d58f6dccdb7a11","MoeScript/Script/localforage.min.js":"3789d1d948e1eb4b5f3122fb339e8f26","MoeScript/Script/snapdom.min.js":"9e4bce4af468d4e534657dc3f32da330","MoeScript/Script/vconsole.min.js":"cc72ae9898f9bfb7b300dbf33a738902","MoeScript/SETTING.js":"a11219d55f9629aa96705b469b5947ac","MoeScript/TOP.js":"3227703bda4766ba56588735665ae089"}