{"index.html":"fe80f63d00765d06e67cad9e70cf0a72","setting.html":"ef3de86142602df4f240c84687c08c68","index_old.html":"471e754d93ca92a1ebd3aa55e2f68fb9","capture_font.html":"64768a90a48ff9118cd63e09d817ff2e","capture_nofont.html":"618ada7292dc1d7254bf4f5635fb6583","MoeData/Fonts/Blueaka.woff2":"f0cacfacf5d3814d74c2f8e5a632e570","MoeData/Fonts/FontList.css":"88e57cc2792840ec6a53a26a79edb18b","MoeData/Fonts/Jalnan.ttf":"6be3d80cc02d977f57c6dacced006461","MoeData/Fonts/KaiTi.ttf":"6078b506afa793576f8a93475aab95b8","MoeData/index.html":"f607e8cf79a8679e127de189421c8cf3","MoeData/OldScript/CHAR.js":"f0e477cc01a24fdbff44d9f72b7e4392","MoeData/OldScript/CHAT.js":"a64fcebc25659a6064c96cdeb2c47576","MoeData/OldScript/DATA.js":"1643114eaaac146c3b50280b572353bd","MoeData/OldScript/IMAGE.js":"0483726dd10e381fa3af9f4df7a2a9f1","MoeData/OldScript/INIT.js":"27bf5ddae377d26cd6ddc1357ba62e72","MoeData/OldScript/Mollu/APP.js":"79964f761cb23a6430708e0f2c14b0ff","MoeData/OldScript/Mollu/CSS.js":"1d916d26b54a169681604b05104ea6f1","MoeData/OldScript/Mollu/INDEX.js":"f30442ea8709733949ca5fe78af8aa1f","MoeData/OldScript/Mollu/LIBRARY.js":"a577868063ee707ea46b6b6798ab8d12","MoeData/OldScript/Mollu/Other/2cca2479-252e554161ba1891.js":"c0c9106b6070e2c998997a9ed2cbceda","MoeData/OldScript/Mollu/Other/288-68932622dcf1348d.js":"2c02a969fee5c29e9ac7fefe333faf35","MoeData/OldScript/Mollu/Other/648-34d807018fc4299c.js":"91aa898f6c9ab4e1b66f8ecdba4b1e1c","MoeData/OldScript/Mollu/Other/876-d056d91d7a6271a4.js":"6dde9414fe0b401c730fb8ee39501cd1","MoeData/OldScript/Mollu/Other/ad7f724d-94baee9a2d394f8b.js":"526e354678c06ead39b2235b507495ac","MoeData/OldScript/Mollu/Other/framework-2c79e2a64abdb08b.js":"c68038b9fa47d6f82ee92062dac77dba","MoeData/OldScript/Mollu/Other/MAIN.js":"81dc9b32a40ca800e550ced5e2ed6c62","MoeData/OldScript/Mollu/Other/music-328e8f3388aab8f7.js":"aa33f2673e3803a202d4e11700a9bc6d","MoeData/OldScript/Mollu/Other/webpack-0a2a587924e1d405.js":"76aa6f3900fb0d938e1be8b74cdb1d15","MoeData/OldScript/Mollu/Other/[pageNum]-64f8b3ceb0a4c91c.js":"365dec3cd4cc23ac2b9dc84c4c47c6ad","MoeData/OldScript/Mollu/Other/_buildManifest.js":"172246a6d1f26445bd45a8de0d23c7ba","MoeData/OldScript/Mollu/PLAYER.js":"4a71eda401a7c5ea3993bc1e3bcd3a6f","MoeData/OldScript/SETTING.js":"e5676f1e7f7d0a8cebd2c2318e6bdbc3","MoeData/OldScript/Style/font.css":"8ea89e32050df8a8d7f92c1be3dfd2e8","MoeData/OldScript/Style/style.css":"5deed17ca384a172e9bd3fc0219a65e5","MoeData/OldScript/TEXT.js":"e0b6318087e2d9c1f4c5efb243d54746","MoeData/OldScript/TOP.js":"7f2ad06b098efa8ec15566952fc3722e","MoeData/phpwin.js":"522861c4c9644c9a2fbeb99ce8e9fd47","MoeData/Style.css":"30f552803b13d7c0f0d6bef95d63c8ba","MoeData/Ui/down.webp":"093a0120f4332b3544d3aa0e486299b4","MoeData/Ui/edit.png":"56f92873cb606f7e85d689d135f05cb1","MoeData/Ui/error.webp":"6c8351f415cda3370d6c5c67d11b5553","MoeData/Ui/Favor_Schedule_Deco.webp":"f9ecfeedbebe81bbd9ccc4d131cadeb2","MoeData/Ui/hexa_back_01.webp":"374b22840244ac5346f7064a33b079e8","MoeData/Ui/make.webp":"40970cf3b3cb30ba9100fb341396ed0f","MoeData/Ui/menu.webp":"db079764835ad5e927a22a031d32a184","MoeData/Ui/pen.webp":"8d0befb9d4776d5b4bf2a9da9a8b7da0","MoeData/Ui/Popup_Img_Deco_0.webp":"8c7de4b230023033c7467f39e6c9acc8","MoeData/Ui/Popup_Img_Deco_1.webp":"243ffb95d07865ad474f1717e020cb74","MoeData/Ui/Popup_Img_Deco_2.webp":"027ced0a3df0c8094396490530eec137","MoeData/Ui/private.webp":"3f6be57d3f2413bbd84cdc34526d1c0f","MoeData/Ui/School/ABYDOS.webp":"1f956c9860795cbe9bc9dbac1b8dabe3","MoeData/Ui/School/ARIUS.webp":"9e011234bc07996a03bc9c800bba55b8","MoeData/Ui/School/CUSTOM.webp":"d3febbae02a7062de6e4820070fe85d7","MoeData/Ui/School/EXTRA.webp":"858b9f0b2d40f57b8b84b520616c2d63","MoeData/Ui/School/GEHENNA.webp":"a73c7388b3535791457f5471cbece245","MoeData/Ui/School/HIGHLANDER.webp":"1eba83821ff5035093f4626b192b07a9","MoeData/Ui/School/HYAKKIYAKO.webp":"b640183f6aaf7470ca2fe2807a50268b","MoeData/Ui/School/MILLENNIUM.webp":"e5cbddc77fb4367d53ab246fe01890d0","MoeData/Ui/School/none.webp":"889c466981a593b92e165070b100aaaa","MoeData/Ui/School/RECYCLE.webp":"d20faad0f7a59c31a64745ef427f888b","MoeData/Ui/School/REDWINTER.webp":"f956ddbb5543724f302bcc7d0f3a1b3e","MoeData/Ui/School/SHANHAIJING.webp":"15dbce4cd196ada68fa3f26bf7625643","MoeData/Ui/School/SRT.webp":"6aa252efdcd3cf226e9af5cf28e618d4","MoeData/Ui/School/TRINITY.webp":"9ac660a1746064e8d73d0622839db746","MoeData/Ui/School/VALKYRIE.webp":"364fd7f9e3aaa0a70c49f8ea7504b7f5","MoeData/Ui/School/WILDHUNT.webp":"4039dc9c1cdaa823ca3aff4c257e6228","MoeData/Ui/setting.webp":"35eacf6172d46fac5d869762c23c41f9","MoeData/Ui/up.webp":"3e3877c55865ea0f20e7d19dc3977aed","MoeData/Ui/you.webp":"f26dd76ce4d8238c66b921453c9a9188","MoeData/Ui/zhengwen.webp":"e8d1bf75819a84a95c0fe8cfe99fa2c3","MoeScript/CHAR.js":"92c180609f05eb0615441a9b47250dbf","MoeScript/CHAT.js":"05aeff985b9f5ecf6a895e4e2dba4e93","MoeScript/CLIENT.js":"48fe691dcb68fbb1a344f726f35a1e12","MoeScript/DATA.js":"d7b73eff63a070a54cab5553e7f9d188","MoeScript/IMAGE.js":"398dfe0bad97f6ae9b29a4f7a10a4ff6","MoeScript/INIT.js":"671cba025fa587004fa398b542537ae3","MoeScript/MikuTap/common-2.min.js":"3924ac091969d51e1cae8ba4cb6b8927","MoeScript/MikuTap/gsap.min.js":"0844e8c7b80d1c921ee01a46c1cd5c13","MoeScript/MikuTap/main.json":"a040ecd2d3392be2f57978b103e467a0","MoeScript/MikuTap/mikutap.js":"392620ac02551a129a2cecd3ec52d95f","MoeScript/MikuTap/pixi.min.js":"c034dc7ad14d953ec61dd999e347f373","MoeScript/MikuTap/track.json":"b8a57288da5ef5712cd4a4ec7f6b4ce7","MoeScript/Mollu/APP.js":"2e4f9809f595661d649da26cd3b4280a","MoeScript/Mollu/INDEX.js":"2bbf2a0a9b9603e2f5c48dab67240df4","MoeScript/Mollu/MAIN.js":"5a5f01d32d858856de02aef80a335f58","MoeScript/Mollu/TEXT.js":"aaa0db9688917b6e3cf1cfa1d533cbbf","MoeScript/Script/filesaver.min.js":"bd9105ba51dccb7403a47ccaa3a5ce2e","MoeScript/Script/html2canvas.min.js":"c51c8040e9ecd71464f2a649ad39548a","MoeScript/Script/jquery.min.js":"954f70f07f05742168adceba796dda72","MoeScript/Script/jszip.min.js":"7e66f61e0fb4ce9bb5d58f6dccdb7a11","MoeScript/Script/localforage.min.js":"3789d1d948e1eb4b5f3122fb339e8f26","MoeScript/Script/snapdom.min.js":"9e4bce4af468d4e534657dc3f32da330","MoeScript/Script/vconsole.min.js":"cc72ae9898f9bfb7b300dbf33a738902","MoeScript/SETTING.js":"f432fd7487aaeb75fd41417c11aba034","MoeScript/TOP.js":"3a9e6a19591d1c9c718e4e48774750f2"}