{"CHAT":[{"content":"直到…","replyDepth":0,"type":"info","sCharacter":{"no":"浅黄睦月","index":"Mutsuki_BG"}},{"content":"老师你看…这是什么…？","replyDepth":0,"type":"chat","sCharacter":{"no":0,"index":1}},{"content":"围绕岛中央的水坑的调查终于有个结果","replyDepth":0,"type":"info","sCharacter":{"no":0,"index":1}},{"content":"看上去…是个盒子…！","replyDepth":0,"type":"chat","sCharacter":{"no":"老师","index":"Sensei"}},{"content":"在岛的另一头的山坡上，我们找到了这个盒子","replyDepth":0,"type":"info","sCharacter":{"no":"老师","index":"Sensei"}},{"content":"它仅仅是一个木盒子，从外表上看上去有些发霉","replyDepth":0,"type":"info","sCharacter":{"no":"老师","index":"Sensei"}},{"content":"我隐约感觉到，这可能和岛的发现者有关","replyDepth":0,"type":"info","sCharacter":{"no":"老师","index":"Sensei"}},{"content":"先带回去吧","replyDepth":0,"type":"chat","sCharacter":{"no":"老师","index":"Sensei"}},{"content":"营地","replyDepth":0,"type":"info","sCharacter":{"no":"老师","index":"Sensei"}},{"content":"哇哦……","replyDepth":0,"type":"chat","sCharacter":{"no":"浅黄睦月","index":"Mutsuki_BG"}},{"content":"这可不得了了","replyDepth":0,"type":"chat","sCharacter":{"no":"浅黄睦月","index":"Mutsuki_BG"}},{"file":"GameData/BLDA/CharFace/mutsuki/4.webp","content":"CharFace","replyDepth":0,"type":"image","sCharacter":{"no":"浅黄睦月","index":"Mutsuki_BG"}},{"content":"居然还能发现这种东西","replyDepth":0,"type":"chat","sCharacter":{"no":"鬼方佳代子","index":"Kayoko_BG"}},{"content":"这么说来","replyDepth":0,"type":"chat","sCharacter":{"no":"鬼方佳代子","index":"Kayoko_BG"}},{"content":"之前的确还有别人上过岛","replyDepth":0,"type":"chat","sCharacter":{"no":"鬼方佳代子","index":"Kayoko_BG"}},{"content":"说不定还真的是海盗的宝藏呢","replyDepth":0,"type":"chat","sCharacter":{"no":"陆八魔阿露","index":"Aru_BG"}},{"content":"打开看看","replyDepth":0,"type":"chat","sCharacter":{"no":"陆八魔阿露","index":"Aru_BG"}},{"content":"真的要打开吗…","replyDepth":0,"type":"chat","sCharacter":{"no":0,"index":1}},{"content":"万一里面是什么脏东西…","replyDepth":0,"type":"chat","sCharacter":{"no":0,"index":1}},{"content":"或者是诅咒之类的…","replyDepth":0,"type":"chat","sCharacter":{"no":0,"index":1}},{"file":"GameData/BLDA/Emoji/1zh_tw7.webp","content":"Emoji","replyDepth":0,"type":"image","sCharacter":{"no":0,"index":1}},{"content":"那个","replyDepth":0,"type":"chat","sCharacter":{"no":0,"index":1}},{"content":"对不起对不起对不起…","replyDepth":0,"type":"chat","sCharacter":{"no":0,"index":1}},{"content":"我不该质疑阿露大人的决定…","replyDepth":0,"type":"chat","sCharacter":{"no":0,"index":1}},{"content":"老师拍了拍我的肩膀","replyDepth":0,"type":"info","sCharacter":{"no":0,"index":1}},{"file":"GameData/BLDA/CharFace/mutsuki/99.webp","content":"CharFace","replyDepth":0,"type":"image","sCharacter":{"no":"浅黄睦月","index":"Mutsuki_BG"}},{"file":"GameData/BLDA/CharFace/kayoko/3.webp","content":"CharFace","replyDepth":0,"type":"image","sCharacter":{"no":"鬼方佳代子","index":"Kayoko_BG"}},{"content":"不会有问题的，对吧","replyDepth":0,"type":"chat","sCharacter":{"no":"老师","index":"Sensei"}},{"content":"那好…","replyDepth":0,"type":"chat","sCharacter":{"no":"老师","index":"Sensei"}},{"content":"阿露，你来打开","replyDepth":0,"type":"chat","sCharacter":{"no":"老师","index":"Sensei"}},{"file":"GameData/BLDA/CharFace/aru/4.webp","content":"CharFace","replyDepth":0,"type":"image","sCharacter":{"no":"陆八魔阿露","index":"Aru_BG"}},{"content":"诶，我来吗","replyDepth":0,"type":"chat","sCharacter":{"no":"陆八魔阿露","index":"Aru_BG"}},{"content":"阿露酱…不会是怕了吧","replyDepth":0,"type":"chat","sCharacter":{"no":"浅黄睦月","index":"Mutsuki_BG"}},{"file":"GameData/BLDA/Emoji/1zh_tw8.webp","content":"Emoji","replyDepth":0,"type":"image","sCharacter":{"no":"浅黄睦月","index":"Mutsuki_BG"}},{"content":"谁怕了…","replyDepth":0,"type":"chat","sCharacter":{"no":"陆八魔阿露","index":"Aru_BG"}},{"content":"我法外狂徒岂会怕一个小小海盗留下的东西","replyDepth":0,"type":"chat","sCharacter":{"no":"陆八魔阿露","index":"Aru_BG"}},{"file":"GameData/BLDA/CharFace/aru/13.webp","content":"CharFace","replyDepth":0,"type":"image","sCharacter":{"no":"陆八魔阿露","index":"Aru_BG"}},{"content":"阿露大人…","replyDepth":0,"type":"chat","sCharacter":{"no":0,"index":1}},{"content":"好威武","replyDepth":0,"type":"chat","sCharacter":{"no":0,"index":1}},{"file":"GameData/BLDA/CharFace/haruka/3.webp","content":"CharFace","replyDepth":0,"type":"image","sCharacter":{"no":"0","index":"1"},"isFirst":false,"name":"","isLeft":true,"isCenter":false,"isRight":false,"is_breaking":false,"time":"","style":false},{"content":"好","replyDepth":0,"type":"chat","sCharacter":{"no":"陆八魔阿露","index":"Aru_BG"}},{"content":"我来…","replyDepth":0,"type":"chat","sCharacter":{"no":"陆八魔阿露","index":"Aru_BG"}},{"file":"GameData/BLDA/CharFace/aru/10.webp","content":"CharFace","replyDepth":0,"type":"image","sCharacter":{"no":"陆八魔阿露","index":"Aru_BG"}},{"content":"…………","replyDepth":0,"type":"chat","sCharacter":{"no":"陆八魔阿露","index":"Aru_BG"}},{"content":"开——！","replyDepth":0,"type":"chat","sCharacter":{"no":"陆八魔阿露","index":"Aru_BG"}},{"content":"金光闪闪——","replyDepth":0,"type":"info","sCharacter":{"no":"陆八魔阿露","index":"Aru_BG"}},{"content":"当然是没有的","replyDepth":0,"type":"info","sCharacter":{"no":"陆八魔阿露","index":"Aru_BG"}},{"content":"预想中的金币，宝石什么的并没有出现","replyDepth":0,"type":"info","sCharacter":{"no":"陆八魔阿露","index":"Aru_BG"}},{"content":"那个盒子里，只是…","replyDepth":0,"type":"info","sCharacter":{"no":"陆八魔阿露","index":"Aru_BG"}},{"content":"诶……","replyDepth":0,"type":"chat","sCharacter":{"no":0,"index":1}},{"content":"是……杂草…","replyDepth":0,"type":"chat","sCharacter":{"no":0,"index":1}},{"content":"是的，盒子里躺着的，只是一把枯掉的草","replyDepth":0,"type":"info","sCharacter":{"no":0,"index":1}},{"content":"由于年代过于久远，当我们触碰到那些草的时候","replyDepth":0,"type":"info","sCharacter":{"no":0,"index":1}},{"content":"它们就在我们面前，化作了尘埃","replyDepth":0,"type":"info","sCharacter":{"no":0,"index":1}},{"content":"换个方向想…","replyDepth":0,"type":"chat","sCharacter":{"no":"老师","index":"Sensei"}},{"content":"至少…","replyDepth":0,"type":"chat","sCharacter":{"no":"老师","index":"Sensei"}},{"content":"杂草是这座岛上的宝藏","replyDepth":0,"type":"chat","sCharacter":{"no":"老师","index":"Sensei"}},{"content":"老师摸摸我的头，似乎在安慰着我","replyDepth":0,"type":"info","sCharacter":{"no":"老师","index":"Sensei"}},{"content":"但我并没有难过","replyDepth":0,"type":"info","sCharacter":{"no":"老师","index":"Sensei"}},{"content":"这些孩子，本就属于阳光，现在把它们从盒子里解放，我感到十分高兴","replyDepth":0,"type":"info","sCharacter":{"no":"老师","index":"Sensei"}},{"content":"好了…宝藏也发现了","replyDepth":0,"type":"chat","sCharacter":{"no":"老师","index":"Sensei"}},{"content":"我不服气……！","replyDepth":0,"type":"chat","sCharacter":{"no":"陆八魔阿露","index":"Aru_BG"}},{"content":"为什么不是金币啊！","replyDepth":0,"type":"chat","sCharacter":{"no":"陆八魔阿露","index":"Aru_BG"}},{"file":"GameData/BLDA/CharFace/aru/11.webp","content":"CharFace","replyDepth":0,"type":"image","sCharacter":{"no":"陆八魔阿露","index":"Aru_BG"}},{"content":"好了好了，反正我们的地质勘探也进行的差不多喽","replyDepth":0,"type":"chat","sCharacter":{"no":"浅黄睦月","index":"Mutsuki_BG"}},{"content":"接下来就好好玩吧！","replyDepth":0,"type":"chat","sCharacter":{"no":"浅黄睦月","index":"Mutsuki_BG"}},{"content":"我没意见","replyDepth":0,"type":"chat","sCharacter":{"no":"鬼方佳代子","index":"Kayoko_BG"}},{"content":"春香你呢？","replyDepth":0,"type":"chat","sCharacter":{"no":"老师","index":"Sensei"}},{"file":"GameData/BLDA/CharFace/haruka/0.webp","content":"CharFace","replyDepth":0,"type":"image","sCharacter":{"no":"0","index":"1"},"isFirst":false,"name":"","isLeft":true,"isCenter":false,"isRight":false,"is_breaking":false,"time":"","style":false},{"file":"GameData/BLDA/CharFace/haruka/3.webp","content":"CharFace","replyDepth":0,"type":"image","sCharacter":{"no":"0","index":"1"},"isFirst":false,"name":"","isLeft":true,"isCenter":false,"isRight":false,"is_breaking":false,"time":"","style":false},{"content":"一起玩吧…","replyDepth":0,"type":"chat","sCharacter":{"no":0,"index":1}},{"content":"或许老师说的没错","replyDepth":0,"type":"info","sCharacter":{"no":0,"index":1}},{"content":"这些曾被某人视作宝藏的杂草，对我来说就是，最大的宝藏了","replyDepth":0,"type":"info","sCharacter":{"no":0,"index":1}}],"MoeTalk":"6-12"}