{"东方Project":{"[旧作]东方封魔录":{"zh_cn":"","zh_tw":"","jp":"","en":"","kr":"","pinyin":"[jiuzuo]dongfangfengmolu"},"[旧作]东方幻想乡":{"zh_cn":"","zh_tw":"","jp":"","en":"","kr":"","pinyin":"[jiuzuo]dongfanghuanxiangxiang"},"[旧作]东方怪绮谈":{"zh_cn":"","zh_tw":"","jp":"","en":"","kr":"","pinyin":"[jiuzuo]dongfangguaiqitan"},"[旧作]东方梦时空":{"zh_cn":"","zh_tw":"","jp":"","en":"","kr":"","pinyin":"[jiuzuo]dongfangmengshikong"},"[旧作]东方灵异传":{"zh_cn":"","zh_tw":"","jp":"","en":"","kr":"","pinyin":"[jiuzuo]dongfanglingyichuan"},"专辑CD":{"zh_cn":"","zh_tw":"","jp":"","en":"","kr":"","pinyin":"zhuanjiCD"},"东方三月精":{"zh_cn":"","zh_tw":"","jp":"","en":"","kr":"","pinyin":"dongfangsanyuejing"},"东方儚月抄(智灵奇传)":{"zh_cn":"","zh_tw":"","jp":"","en":"","kr":"","pinyin":"dongfang儚yuechao(zhilingqichuan)"},"东方兽王园":{"zh_cn":"","zh_tw":"","jp":"","en":"","kr":"","pinyin":"dongfangshouwangyuan"},"东方地灵殿":{"zh_cn":"","zh_tw":"","jp":"","en":"","kr":"","pinyin":"dongfangdilingdian"},"东方天空璋":{"zh_cn":"","zh_tw":"","jp":"","en":"","kr":"","pinyin":"dongfangtiankongzhang"},"东方妖妖梦":{"zh_cn":"","zh_tw":"","jp":"","en":"","kr":"","pinyin":"dongfangyaoyaomeng"},"东方心绮楼(深秘录)(凭依华)(刚欲异闻)":{"zh_cn":"","zh_tw":"","jp":"","en":"","kr":"","pinyin":"dongfangxinqilou(shenmilu)(pingyihua)(gangyuyiwen)"},"东方星莲船":{"zh_cn":"","zh_tw":"","jp":"","en":"","kr":"","pinyin":"dongfangxinglianchuan"},"东方永夜抄":{"zh_cn":"","zh_tw":"","jp":"","en":"","kr":"","pinyin":"dongfangyongyechao"},"东方神灵庙":{"zh_cn":"","zh_tw":"","jp":"","en":"","kr":"","pinyin":"dongfangshenlingmiao"},"东方红魔乡":{"zh_cn":"","zh_tw":"","jp":"","en":"","kr":"","pinyin":"dongfanghongmoxiang"},"东方绀珠传":{"zh_cn":"","zh_tw":"","jp":"","en":"","kr":"","pinyin":"dongfangganzhuchuan"},"东方花映冢":{"zh_cn":"","zh_tw":"","jp":"","en":"","kr":"","pinyin":"dongfanghuayingzhong"},"东方萃梦想(绯想天)(非想天则)":{"zh_cn":"","zh_tw":"","jp":"","en":"","kr":"","pinyin":"dongfangcuimengxiang(feixiangtian)(feixiangtianze)"},"东方虹龙洞":{"zh_cn":"","zh_tw":"","jp":"","en":"","kr":"","pinyin":"dongfanghonglongdong"},"东方辉针城":{"zh_cn":"","zh_tw":"","jp":"","en":"","kr":"","pinyin":"dongfanghuizhencheng"},"东方铃奈庵(茨歌仙)(醉蝶华)":{"zh_cn":"","zh_tw":"","jp":"","en":"","kr":"","pinyin":"dongfanglingnaian(cigexian)(zuidiehua)"},"东方锦上京":{"zh_cn":"","zh_tw":"","jp":"","en":"","kr":"","pinyin":"dongfangjinshangjing"},"东方风神录(文花帖)":{"zh_cn":"","zh_tw":"","jp":"","en":"","kr":"","pinyin":"dongfangfengshenlu(wenhuatie)"},"东方香霖堂":{"zh_cn":"","zh_tw":"","jp":"","en":"","kr":"","pinyin":"dongfangxianglintang"},"东方鬼形兽":{"zh_cn":"","zh_tw":"","jp":"","en":"","kr":"","pinyin":"dongfangguixingshou"},"二次创作角色":{"zh_cn":"","zh_tw":"","jp":"","en":"","kr":"","pinyin":"ercichuangzuojiaose"},"路人妖怪":{"zh_cn":"","zh_tw":"","jp":"","en":"","kr":"","pinyin":"lurenyaoguai"}}}