{"CHAT":[{"content":"那个，我好像听见了那边不断传来有奇怪的响声，感觉有什么东西","replyDepth":0,"type":"chat","sCharacter":{"no":"头盔团成员","index":"Helmetdan_Black1_BG"}},{"content":"什么，响声？行行行让我看看","replyDepth":0,"type":"chat","sCharacter":{"no":"头盔团成员","index":"Helmetdan_Red1_BG"}},{"content":"领头的头盔团成员走向一旁的角落","replyDepth":0,"type":"info","sCharacter":{"no":"头盔团成员","index":"Helmetdan_Red1_BG"}},{"content":"能有什么动静...哇，好漂亮的箱子！","replyDepth":0,"type":"chat","sCharacter":{"no":"头盔团成员","index":"Helmetdan_Red1_BG"}},{"content":"这种破角落居然能藏着那么漂亮的箱子，这要运回去.....报酬绝对蹭蹭涨！","replyDepth":0,"type":"chat","sCharacter":{"no":"头盔团成员","index":"Helmetdan_Red1_BG"}},{"content":"那边那个，来和我搬这东西","replyDepth":0,"type":"chat","sCharacter":{"no":"头盔团成员","index":"Helmetdan_Red1_BG"}},{"content":"（微微抬起）","replyDepth":0,"type":"chat","sCharacter":{"no":"头盔团成员","index":"Helmetdan_Black1_BG"}},{"content":"还挺沉.....","replyDepth":0,"type":"chat","sCharacter":{"no":"头盔团成员","index":"Helmetdan_Red1_BG"}},{"content":"（一阵诡异的声音）","replyDepth":0,"type":"info","sCharacter":{"no":"头盔团成员","index":"Helmetdan_Red1_BG"}},{"content":"....什么声音这是","replyDepth":0,"type":"chat","sCharacter":{"no":"头盔团成员","index":"Helmetdan_Red1_BG"}},{"content":"............","replyDepth":0,"type":"chat","sCharacter":{"no":"尤斯蒂娅圣徒会","index":"NP0137_BG"}},{"content":"（上膛声）","replyDepth":0,"type":"chat","sCharacter":{"no":"尤斯蒂娅圣徒会","index":"NP0137_BG"}},{"content":"哇啊啊啊啊啊啊！这是什么东西！快开枪，快开枪！","replyDepth":0,"type":"chat","sCharacter":{"no":"头盔团成员","index":"Helmetdan_Red1_BG"}},{"content":"子弹打在虚体的身上，并没有造成什么反应 相反越来越多的虚体出现，开始向头盔团回击","replyDepth":0,"type":"info","sCharacter":{"no":"头盔团成员","index":"Helmetdan_Red1_BG"}},{"content":"不行，这到底是什么，鬼魂吗....撤退，我们马上撤退回船上！","replyDepth":0,"type":"chat","sCharacter":{"no":"头盔团成员","index":"Helmetdan_Red1_BG"}},{"content":"头盔团一哄而散，向着海岸的方向跑去","replyDepth":0,"type":"info","sCharacter":{"no":"头盔团成员","index":"Helmetdan_Red1_BG"},"isFirst":false,"name":"","isLeft":false,"isCenter":true,"isRight":false,"is_breaking":false,"file":"","time":"","style":false}],"MoeTalk":"2-9"}