{"CHAT":[{"content":"那个，老师... ","replyDepth":0,"type":"chat","sCharacter":{"no":"阿罗娜","index":"Arona_BG"},"isFirst":true,"file":""},{"content":"平板屏幕突然亮起","replyDepth":0,"type":"info","sCharacter":{"no":"阿罗娜","index":"Arona_BG"},"isFirst":true,"file":""},{"content":"嗯，怎么了阿罗娜？","replyDepth":0,"type":"chat","sCharacter":{"no":0,"index":"1"},"isFirst":true,"file":""},{"content":"呃，呃... ","replyDepth":0,"type":"chat","sCharacter":{"no":"阿罗娜","index":"Arona_BG"},"isFirst":true,"file":""},{"content":"是还和大家有点不舍吗？","replyDepth":0,"type":"chat","sCharacter":{"no":0,"index":"1"},"isFirst":true,"file":""},{"file":"GameData/BLDA/Emoji/410.webp","content":"Emoji","replyDepth":0,"type":"image","sCharacter":{"no":0,"index":"1"},"isFirst":false},{"content":"啊，这个确实是有啦","replyDepth":0,"type":"chat","sCharacter":{"no":"阿罗娜","index":"Arona_BG"},"isFirst":true,"file":""},{"file":"GameData/BLDA/Emoji/416.webp","content":"Emoji","replyDepth":0,"type":"image","sCharacter":{"no":"阿罗娜","index":"Arona_BG"},"isFirst":false},{"content":"不过，好像发生了不太好的事情... ","replyDepth":0,"type":"chat","sCharacter":{"no":"阿罗娜","index":"Arona_BG"},"isFirst":false,"file":""},{"content":"嗯？怎么了？","replyDepth":0,"type":"chat","sCharacter":{"no":0,"index":"1"},"isFirst":true,"file":""},{"content":"老师，告诉你你不要生气哦... ","replyDepth":0,"type":"chat","sCharacter":{"no":"阿罗娜","index":"Arona_BG"},"file":"","name":"","time":"","is_breaking":false,"isFirst":true,"isLeft":false,"isCenter":false,"isRight":false,"style":false},{"content":"啊，什么啊？","replyDepth":0,"type":"chat","sCharacter":{"no":0,"index":"1"},"isFirst":true,"file":""},{"file":"GameData/BLDA/Emoji/1zh_tw9.webp","content":"Emoji","replyDepth":0,"type":"image","sCharacter":{"no":0,"index":"1"},"isFirst":false},{"content":"就是，嗯，那个","replyDepth":0,"type":"chat","sCharacter":{"no":"阿罗娜","index":"Arona_BG"},"isFirst":true,"file":""},{"content":"因为我和普拉娜酱离开平板本体太久了... ","replyDepth":0,"type":"chat","sCharacter":{"no":"阿罗娜","index":"Arona_BG"},"isFirst":false,"file":""},{"file":"GameData/BLDA/CharFace/arona/28.webp","content":"CharFace","replyDepth":0,"type":"image","sCharacter":{"no":"阿罗娜","index":"Arona_BG"},"isFirst":false},{"content":"所以一整天都没有做平板电脑的数据维护工作...","replyDepth":0,"type":"chat","sCharacter":{"no":"阿罗娜","index":"Arona_BG"},"isFirst":false,"file":"","name":"","time":"","is_breaking":false,"isLeft":false,"isCenter":false,"isRight":false,"style":false},{"content":"啊... ？","replyDepth":0,"type":"chat","sCharacter":{"no":0,"index":"1"},"isFirst":true,"file":""}],"MoeTalk":"3-70"}