{"CHAT":[{"content":"到了，老师 ","replyDepth":0,"type":"chat","sCharacter":{"no":"联邦学生会成员","index":"NP0107_BG"},"file":"","isFirst":true,"name":"","time":"","is_breaking":false,"isLeft":false,"isCenter":false,"isRight":false,"style":false},{"content":"哦哦，多谢你了！ ","replyDepth":0,"type":"chat","sCharacter":{"no":"0","index":"1"},"file":"","isFirst":true,"name":"","time":"","is_breaking":false,"isLeft":false,"isCenter":false,"isRight":false,"style":false},{"content":"没关系 ","replyDepth":0,"type":"chat","sCharacter":{"no":"联邦学生会成员","index":"NP0107_BG"},"file":"","isFirst":true,"name":"","time":"","is_breaking":false,"isLeft":false,"isCenter":false,"isRight":false,"style":false},{"content":"明天这个时间来接你们对吧？","replyDepth":0,"type":"chat","sCharacter":{"no":"联邦学生会成员","index":"NP0107_BG"},"file":"","isFirst":false},{"content":"嗯","replyDepth":0,"type":"chat","sCharacter":{"no":0,"index":"1"},"file":"","isFirst":true},{"content":"好的 ","replyDepth":0,"type":"chat","sCharacter":{"no":"联邦学生会成员","index":"NP0107_BG"},"file":"","isFirst":true,"name":"","time":"","is_breaking":false,"isLeft":false,"isCenter":false,"isRight":false,"style":false},{"content":"有什么事请用您的平板联系我们","replyDepth":0,"type":"chat","sCharacter":{"no":"联邦学生会成员","index":"NP0107_BG"},"file":"","isFirst":false},{"content":"那我就回去了","replyDepth":0,"type":"chat","sCharacter":{"no":"联邦学生会成员","index":"NP0107_BG"},"file":"","isFirst":false},{"content":"多谢啦，再见~ ","replyDepth":0,"type":"chat","sCharacter":{"no":"0","index":"1"},"file":"","isFirst":true,"name":"","time":"","is_breaking":false,"isLeft":false,"isCenter":false,"isRight":false,"style":false},{"content":"一行人下船，身后联邦学生会的船只缓缓离开，大家一起踏上这座神秘的岛屿","replyDepth":0,"type":"info","sCharacter":{"no":"0","index":"1"},"file":"","isFirst":true,"name":"","time":"","is_breaking":false,"isLeft":false,"isCenter":false,"isRight":false,"style":false},{"content":"哦哦哦，这就是那个神秘海岛！ ","replyDepth":0,"type":"chat","sCharacter":{"no":"白尾绘里","index":"CH0304_BG"},"file":"","isFirst":true,"name":"","time":"","is_breaking":false,"isLeft":false,"isCenter":false,"isRight":false,"style":false},{"file":"GameData/BLDA/CharFace/CH0304/8.webp","content":"CharFace","replyDepth":0,"type":"image","sCharacter":{"no":"白尾绘里","index":"CH0304_BG"},"isFirst":false},{"content":"好漂亮！","replyDepth":0,"type":"chat","sCharacter":{"no":"白尾绘里","index":"CH0304_BG"},"file":"","isFirst":false},{"content":"放眼望去，海岛上面既有金黄细腻的海滩，又有陡峭的山丘和郁郁葱葱的树林，能听见海浪拍打的声音和海鸟的叫声，海风中夹杂着咸湿的气息，令人心旷神怡","replyDepth":0,"type":"info","sCharacter":{"no":"板垣庚","index":"CH0306_BG"},"name":"","time":"","isFirst":true,"isCenter":false,"isRight":false,"is_breaking":false,"file":"","isLeft":false,"style":false},{"content":"哇，这里风景很棒呢 ","replyDepth":0,"type":"chat","sCharacter":{"no":"椎名䌷","index":"CH0252_BG"},"file":"","isFirst":true,"name":"","time":"","is_breaking":false,"isLeft":false,"isCenter":false,"isRight":false,"style":false},{"file":"GameData/BLDA/CharFace/CH0252/99.webp","content":"CharFace","replyDepth":0,"type":"image","sCharacter":{"no":"椎名䌷","index":"CH0252_BG"},"isFirst":false},{"content":"简直就是一个优美的度假圣地","replyDepth":0,"type":"chat","sCharacter":{"no":"椎名䌷","index":"CH0252_BG"},"file":"","isFirst":false,"name":"","time":"","is_breaking":false,"isLeft":false,"isCenter":false,"isRight":false,"style":false},{"content":"但可惜，却在美丽的外表下隐藏着来自另一个世界的黑暗...","replyDepth":0,"type":"chat","sCharacter":{"no":"椎名䌷","index":"CH0252_BG"},"file":"","isFirst":false},{"content":"大家小心脚下哦，这里石头比较多 ","replyDepth":0,"type":"chat","sCharacter":{"no":"0","index":"1"},"file":"","name":"","time":"","is_breaking":false,"isFirst":true,"isLeft":false,"isCenter":false,"isRight":false,"style":false},{"content":"这就是有恶魔藏身的岛屿... ","replyDepth":0,"type":"chat","sCharacter":{"no":"板垣庚","index":"CH0306_BG"},"file":"","isFirst":true,"name":"","time":"","is_breaking":false,"isLeft":false,"isCenter":false,"isRight":false,"style":false},{"file":"GameData/BLDA/CharFace/CH0306/10.webp","content":"CharFace","replyDepth":0,"type":"image","sCharacter":{"no":"板垣庚","index":"CH0306_BG"},"isFirst":false},{"content":"真是令人兴奋啊... ","replyDepth":0,"type":"chat","sCharacter":{"no":"板垣庚","index":"CH0306_BG"},"file":"","isFirst":false},{"content":"喵喵喵！ ","replyDepth":0,"type":"chat","sCharacter":{"no":"custom-250826-160535","index":"custom-250826-160535"},"file":"","name":"","time":"","is_breaking":false,"isFirst":true,"isLeft":false,"isCenter":false,"isRight":false,"style":false},{"content":"嘎嘎嘎！ ","replyDepth":0,"type":"chat","sCharacter":{"no":"custom-250826-160601","index":"custom-250826-160601"},"file":"","name":"","time":"","is_breaking":false,"isFirst":true,"isLeft":false,"isCenter":false,"isRight":false,"style":false},{"content":"庚刚刚踏上小岛，一群乌鸦和一只黑猫就围了上来","replyDepth":0,"type":"info","sCharacter":{"no":0,"index":"1"},"file":"","isFirst":true},{"content":"我去，海岛上面怎么还有黑猫和乌鸦哇！ ","replyDepth":0,"type":"chat","sCharacter":{"no":"0","index":"1"},"file":"","isFirst":true,"name":"","time":"","is_breaking":false,"isLeft":false,"isCenter":false,"isRight":false,"style":false},{"content":"啊，这些孩子是跟着我从船上一起过来的","replyDepth":0,"type":"chat","sCharacter":{"no":"板垣庚","index":"CH0306_BG"},"file":"","isFirst":true},{"content":"啊，好吧... ","replyDepth":0,"type":"chat","sCharacter":{"no":0,"index":"1"},"file":"","isFirst":true},{"file":"GameData/BLDA/Emoji/45.webp","content":"Emoji","replyDepth":0,"type":"image","sCharacter":{"no":0,"index":"1"},"isFirst":false},{"content":"走的时候记得把它们也带回去... ","replyDepth":0,"type":"chat","sCharacter":{"no":0,"index":"1"},"file":"","isFirst":false},{"content":"这么多植被，看起来应该是存在很久的岛屿了...","replyDepth":0,"type":"chat","sCharacter":{"no":"衣斐莱娜","index":"CH0305_BG"},"file":"","isFirst":true},{"file":"GameData/BLDA/CharFace/CH0305/26.webp","content":"CharFace","replyDepth":0,"type":"image","sCharacter":{"no":"衣斐莱娜","index":"CH0305_BG"},"isFirst":false},{"content":"应该是最近才被人发现吧","replyDepth":0,"type":"chat","sCharacter":{"no":"衣斐莱娜","index":"CH0305_BG"},"file":"","isFirst":false,"name":"","time":"","is_breaking":false,"isLeft":false,"isCenter":false,"isRight":false,"style":false},{"content":"提醒一下，我们只有一天时间哦~","replyDepth":0,"type":"chat","sCharacter":{"no":0,"index":"1"},"file":"","isFirst":true},{"content":"足够了！ ","replyDepth":0,"type":"chat","sCharacter":{"no":"白尾绘里","index":"CH0304_BG"},"file":"","isFirst":true,"name":"","time":"","is_breaking":false,"isLeft":false,"isCenter":false,"isRight":false,"style":false},{"file":"GameData/BLDA/CharFace/CH0304/11.webp","content":"CharFace","replyDepth":0,"type":"image","sCharacter":{"no":"白尾绘里","index":"CH0304_BG"},"isFirst":false},{"content":"只要找到那个恶魔的位置，然后使用专门的封印恶魔的咒语！","replyDepth":0,"type":"chat","sCharacter":{"no":"白尾绘里","index":"CH0304_BG"},"file":"","isFirst":false},{"content":"海岛这么大要怎么找呢？ ","replyDepth":0,"type":"chat","sCharacter":{"no":"0","index":"1"},"file":"","isFirst":true,"name":"","time":"","is_breaking":false,"isLeft":false,"isCenter":false,"isRight":false,"style":false},{"content":"那本古书专门记载了定位恶魔的咒语，很简单的！","replyDepth":0,"type":"chat","sCharacter":{"no":"白尾绘里","index":"CH0304_BG"},"file":"","isFirst":true},{"content":"魔法真方便啊 ","replyDepth":0,"type":"chat","sCharacter":{"no":"椎名䌷","index":"CH0252_BG"},"file":"","isFirst":true,"name":"","time":"","is_breaking":false,"isLeft":false,"isCenter":false,"isRight":false,"style":false},{"content":"是的呢！ ","replyDepth":0,"type":"chat","sCharacter":{"no":"白尾绘里","index":"CH0304_BG"},"file":"","isFirst":true,"name":"","time":"","is_breaking":false,"isLeft":false,"isCenter":false,"isRight":false,"style":false},{"file":"GameData/BLDA/CharFace/CH0304/8.webp","content":"CharFace","replyDepth":0,"type":"image","sCharacter":{"no":"白尾绘里","index":"CH0304_BG"},"isFirst":false},{"content":"但是现在时间还早，我们先休息一会吧！ ","replyDepth":0,"type":"chat","sCharacter":{"no":"白尾绘里","index":"CH0304_BG"},"name":"","time":"","isFirst":false,"isCenter":false,"isRight":false,"is_breaking":false,"file":"","isLeft":false,"style":false},{"content":"确实，一路船上晃晃悠悠的，我都快晕了","replyDepth":0,"type":"chat","sCharacter":{"no":"板垣庚","index":"CH0306_BG"},"file":"","isFirst":true},{"content":"既然这片海滩这么漂亮 ","replyDepth":0,"type":"chat","sCharacter":{"no":"椎名䌷","index":"CH0252_BG"},"file":"","isFirst":true,"name":"","time":"","is_breaking":false,"isLeft":false,"isCenter":false,"isRight":false,"style":false},{"file":"GameData/BLDA/CharFace/CH0252/9.webp","content":"CharFace","replyDepth":0,"type":"image","sCharacter":{"no":"椎名䌷","index":"CH0252_BG"},"isFirst":false},{"content":"我带了沙滩椅和毯子，我们来躺一会休息一下吧！","replyDepth":0,"type":"chat","sCharacter":{"no":"椎名䌷","index":"CH0252_BG"},"name":"","time":"","isFirst":false,"isCenter":false,"isRight":false,"is_breaking":false,"file":""}],"MoeTalk":"3-6"}