{"CHAT":[{"content":"（*正在演奏强力和弦*） ","replyDepth":0,"type":"chat","sCharacter":{"no":"椎名䌷","index":"CH0252_BG"},"file":"","name":"","time":"","is_breaking":false,"isFirst":true,"isLeft":false,"isCenter":false,"isRight":false,"style":false},{"content":"呢嘿嘿，接下来我将念出这段古老的咒语... ","replyDepth":0,"type":"chat","sCharacter":{"no":"白尾绘里","index":"CH0304_BG"},"file":"","isFirst":true,"name":"","time":"","is_breaking":false,"isLeft":false,"isCenter":false,"isRight":false,"style":false},{"file":"GameData/BLDA/CharFace/CH0304/11.webp","content":"CharFace","replyDepth":0,"type":"image","sCharacter":{"no":"白尾绘里","index":"CH0304_BG"},"isFirst":false},{"content":"嗯哼~","replyDepth":0,"type":"chat","sCharacter":{"no":"白尾绘里","index":"CH0304_BG"},"file":"","isFirst":false},{"content":"<em>Umbra nigra super fata, clades sequitur, Abyssus vocat viatorem, daemon insulae advenit! </em>","replyDepth":0,"type":"chat","sCharacter":{"no":"白尾绘里","index":"CH0304_BG"},"name":"","time":"咒语","isFirst":false,"isCenter":false,"isRight":false,"is_breaking":false,"file":""},{"content":"... ？ ","replyDepth":0,"type":"chat","sCharacter":{"no":"板垣庚","index":"CH0306_BG"},"name":"","time":"","isFirst":true,"isCenter":false,"isRight":false,"is_breaking":false,"file":"","isLeft":false,"style":false},{"file":"GameData/BLDA/CharFace/CH0306/5.webp","content":"CharFace","replyDepth":0,"type":"image","sCharacter":{"no":"板垣庚","index":"CH0306_BG"},"isFirst":false},{"content":"哦哦哦！会发生什么呢？ ","replyDepth":0,"type":"chat","sCharacter":{"no":"椎名䌷","index":"CH0252_BG"},"file":"","isFirst":true,"name":"","time":"","is_breaking":false,"isLeft":false,"isCenter":false,"isRight":false,"style":false},{"content":"哦哦，我感觉到一股神秘的魔法力量降临在了这个世界上！ ","replyDepth":0,"type":"chat","sCharacter":{"no":"白尾绘里","index":"CH0304_BG"},"file":"","isFirst":true,"name":"","time":"","is_breaking":false,"isLeft":true,"isCenter":false,"isRight":false,"style":false},{"content":"魔法一定生效了，让我赶紧上线抽卡看一看！","replyDepth":0,"type":"chat","sCharacter":{"no":"白尾绘里","index":"CH0304_BG"},"file":"","isFirst":false,"name":"","time":"","is_breaking":false,"isLeft":false,"isCenter":false,"isRight":false,"style":false},{"file":"GameData/BLDA/CharFace/CH0304/8.webp","content":"CharFace","replyDepth":0,"type":"image","sCharacter":{"no":"白尾绘里","index":"CH0304_BG"},"isFirst":false},{"content":"嘿，这是我肝了好久才凑齐的十连，抽卡！","replyDepth":0,"type":"chat","sCharacter":{"no":"白尾绘里","index":"CH0304_BG"},"file":"","isFirst":false,"name":"","time":"","is_breaking":false,"isLeft":false,"isCenter":false,"isRight":false,"style":false}],"MoeTalk":"3-6"}