{"CHAT":[{"content":"我轻手轻脚走出房间，在过道上随意找了个位置坐下","replyDepth":0,"type":"info","sCharacter":{"no":0,"index":1}},{"content":"唉…都辛苦了…","replyDepth":0,"type":"chat","sCharacter":{"no":0,"index":1}},{"content":"把手搭在窗台上，我让自己看上去像是在沉思","replyDepth":0,"type":"info","sCharacter":{"no":"0","index":"1"},"isFirst":false,"name":"","isLeft":false,"isCenter":true,"isRight":false,"is_breaking":false,"file":"","time":"","style":false},{"content":"这温柔的夜色，大抵是我这种夜猫子应得的","replyDepth":0,"type":"info","sCharacter":{"no":0,"index":1}},{"content":"阿露，睦月，佳代子在隔壁的房间","replyDepth":0,"type":"info","sCharacter":{"no":0,"index":1}},{"content":"而我和春香，在同一个房间","replyDepth":0,"type":"info","sCharacter":{"no":0,"index":1}},{"content":"自从上次和她聊过之后，她夜晚做噩梦的频率越来越低","replyDepth":0,"type":"info","sCharacter":{"no":0,"index":1}},{"content":"甚至这两天已经开始做美梦了","replyDepth":0,"type":"info","sCharacter":{"no":0,"index":1}},{"content":"这当然是好事，但…","replyDepth":0,"type":"info","sCharacter":{"no":0,"index":1}},{"content":"我不确定她心底的自卑到底有没有缓解","replyDepth":0,"type":"info","sCharacter":{"no":0,"index":1}},{"content":"应得吗…","replyDepth":0,"type":"chat","sCharacter":{"no":0,"index":1}},{"content":"应得，是一种什么样的概念呢","replyDepth":0,"type":"info","sCharacter":{"no":0,"index":1}},{"content":"假如一个人受到了另一个人的温柔，觉得自己应得的人会说另一个人温柔","replyDepth":0,"type":"info","sCharacter":{"no":0,"index":1}},{"content":"而我，想做一个温柔而不是慈悲的人","replyDepth":0,"type":"info","sCharacter":{"no":0,"index":1}},{"content":"嗯…","replyDepth":0,"type":"chat","sCharacter":{"no":0,"index":1}},{"content":"倒也不是这么说","replyDepth":0,"type":"chat","sCharacter":{"no":0,"index":1}},{"content":"毕竟，人在有求于人的时候","replyDepth":0,"type":"chat","sCharacter":{"no":0,"index":1}},{"content":"也会觉得那个人是慈悲的","replyDepth":0,"type":"info","sCharacter":{"no":0,"index":1}},{"content":"这很复杂…远不如这蓝丝绒般的夜色这样纯粹","replyDepth":0,"type":"info","sCharacter":{"no":0,"index":1}},{"content":"天要亮了","replyDepth":0,"type":"info","sCharacter":{"no":0,"index":1}},{"content":"我听到列车在铁道上奔行","replyDepth":0,"type":"info","sCharacter":{"no":0,"index":1}},{"content":"黎明，则来得像一位娉婷的少女","replyDepth":0,"type":"info","sCharacter":{"no":0,"index":1}},{"content":"哦，慈悲的夜，请离开吧","replyDepth":0,"type":"info","sCharacter":{"no":0,"index":1}},{"content":"我想在太阳升起之前，就见到我的爱人","replyDepth":0,"type":"info","sCharacter":{"no":0,"index":1}},{"content":"那个……老师…？","replyDepth":0,"type":"chat","sCharacter":{"no":"伊草遥香","index":"Haruka_BG"},"isFirst":false,"name":"","isLeft":true,"isCenter":false,"isRight":false,"is_breaking":false,"file":"","time":"","style":false},{"content":"春香裹着被子站在门前，她的身后，是她的美梦","replyDepth":0,"type":"info","sCharacter":{"no":"伊草遥香","index":"Haruka_BG"}},{"content":"而她的身前，是我","replyDepth":0,"type":"info","sCharacter":{"no":"伊草遥香","index":"Haruka_BG"}},{"content":"早…春香…","replyDepth":0,"type":"chat","sCharacter":{"no":0,"index":1}},{"content":"我扶着她的肩膀，让我们面对面坐下","replyDepth":0,"type":"info","sCharacter":{"no":0,"index":1}},{"content":"怎么这么早就醒了","replyDepth":0,"type":"chat","sCharacter":{"no":0,"index":1}},{"content":"我在装什么傻呀…","replyDepth":0,"type":"info","sCharacter":{"no":0,"index":1}},{"content":"……老师说过的…","replyDepth":0,"type":"chat","sCharacter":{"no":"伊草遥香","index":"Haruka_BG"}},{"file":"GameData/BLDA/CharFace/haruka/5.webp","content":"CharFace","replyDepth":0,"type":"image","sCharacter":{"no":"伊草遥香","index":"Haruka_BG"}},{"content":"想要…和您一起看日出","replyDepth":0,"type":"chat","sCharacter":{"no":"伊草遥香","index":"Haruka_BG"}},{"content":"我按住狂跳的心脏，把手放到了春香温热的脸蛋上","replyDepth":0,"type":"info","sCharacter":{"no":"伊草遥香","index":"Haruka_BG"}},{"content":"这么说…","replyDepth":0,"type":"chat","sCharacter":{"no":0,"index":1}},{"content":"春香已经有回答了…？","replyDepth":0,"type":"chat","sCharacter":{"no":0,"index":1}},{"content":"嗯…","replyDepth":0,"type":"chat","sCharacter":{"no":"伊草遥香","index":"Haruka_BG"}},{"content":"我…会努力让自己配得上老师的…","replyDepth":0,"type":"chat","sCharacter":{"no":"伊草遥香","index":"Haruka_BG"}},{"content":"没有多余的话，我们的脸互相靠近","replyDepth":0,"type":"info","sCharacter":{"no":"伊草遥香","index":"Haruka_BG"}},{"content":"随后，是有些冰凉的唇，缓缓相接","replyDepth":0,"type":"info","sCharacter":{"no":"伊草遥香","index":"Haruka_BG"}},{"content":"太阳出来了","replyDepth":0,"type":"info","sCharacter":{"no":"伊草遥香","index":"Haruka_BG"}},{"content":"什么时候，我居然也对这孩子的反应，产生了一丝不配得感呢？","replyDepth":0,"type":"info","sCharacter":{"no":"伊草遥香","index":"Haruka_BG"}},{"content":"现在，这还重要吗？","replyDepth":0,"type":"info","sCharacter":{"no":"伊草遥香","index":"Haruka_BG"}},{"content":"唔…","replyDepth":0,"type":"chat","sCharacter":{"no":0,"index":1}},{"content":"嗯…","replyDepth":0,"type":"chat","sCharacter":{"no":"伊草遥香","index":"Haruka_BG"}},{"content":"真的亲了…","replyDepth":0,"type":"chat","sCharacter":{"no":"伊草遥香","index":"Haruka_BG"}},{"content":"我喜欢春香哦","replyDepth":0,"type":"chat","sCharacter":{"no":0,"index":1}},{"content":"我也是…最喜欢老师了…","replyDepth":0,"type":"chat","sCharacter":{"no":"伊草遥香","index":"Haruka_BG"}},{"file":"GameData/BLDA/CharFace/haruka/3.webp","content":"CharFace","replyDepth":0,"type":"image","sCharacter":{"no":"伊草遥香","index":"Haruka_BG"}},{"content":"列车还在向着终点开去","replyDepth":0,"type":"info","sCharacter":{"no":"伊草遥香","index":"Haruka_BG"}},{"content":"不过太阳已经升起，某些事情，已经改变了","replyDepth":0,"type":"info","sCharacter":{"no":"伊草遥香","index":"Haruka_BG"}}],"MoeTalk":"6-13"}