{"CHAT":[{"content":"... ","replyDepth":0,"type":"chat","sCharacter":{"no":0,"index":"1"},"isFirst":true,"file":""},{"content":"zzz... ","replyDepth":0,"type":"chat","sCharacter":{"no":"白尾绘里","index":"CH0304_BG"},"isFirst":true,"file":""},{"content":"呼，恶魔，看我一拳打扁你，呼... ","replyDepth":0,"type":"chat","sCharacter":{"no":"白尾绘里","index":"CH0304_BG"},"file":"","name":"","time":"梦话","is_breaking":false,"isFirst":false,"isLeft":false,"isCenter":false,"isRight":false,"style":false},{"content":"zzz... ","replyDepth":0,"type":"chat","sCharacter":{"no":"椎名䌷","index":"CH0252_BG"},"isFirst":true,"file":"","name":"","time":"","is_breaking":false,"isLeft":false,"isCenter":false,"isRight":false,"style":false},{"content":"呼，呼~","replyDepth":0,"type":"chat","sCharacter":{"no":"板垣庚","index":"CH0306_BG"},"isFirst":true,"file":""},{"content":"大家都睡着了，只有莱娜这边还亮着小夜灯","replyDepth":0,"type":"info","sCharacter":{"no":"板垣庚","index":"CH0306_BG"},"isFirst":true,"file":""},{"content":"... ","replyDepth":0,"type":"chat","sCharacter":{"no":"衣斐莱娜","index":"CH0305_BG"},"isFirst":true,"file":""},{"content":"莱娜，你还不睡觉吗？","replyDepth":0,"type":"chat","sCharacter":{"no":0,"index":"1"},"isFirst":true,"file":""},{"content":"一，一会就睡... ！","replyDepth":0,"type":"chat","sCharacter":{"no":"衣斐莱娜","index":"CH0305_BG"},"isFirst":true,"file":""},{"file":"GameData/BLDA/CharFace/CH0305/8.webp","content":"CharFace","replyDepth":0,"type":"image","sCharacter":{"no":"衣斐莱娜","index":"CH0305_BG"},"isFirst":false},{"content":"老师和莱娜小声交谈着","replyDepth":0,"type":"info","sCharacter":{"no":"衣斐莱娜","index":"CH0305_BG"},"isFirst":true,"file":"","name":"","time":"","is_breaking":false,"isLeft":false,"isCenter":false,"isRight":false,"style":false},{"content":"你在看书吗呀，看的什么书？","replyDepth":0,"type":"chat","sCharacter":{"no":0,"index":"1"},"isFirst":true,"file":""},{"content":"啊，没什么，教科书！","replyDepth":0,"type":"chat","sCharacter":{"no":"衣斐莱娜","index":"CH0305_BG"},"isFirst":true,"file":""},{"content":"... ","replyDepth":0,"type":"chat","sCharacter":{"no":0,"index":"1"},"isFirst":true,"file":""},{"content":"《手把手教你消灭恶魔》... ？","replyDepth":0,"type":"chat","sCharacter":{"no":"0","index":"1"},"isFirst":false,"file":"","name":"","time":"","is_breaking":false,"isLeft":false,"isCenter":false,"isRight":false,"style":false},{"content":"莱娜在看这个呀","replyDepth":0,"type":"chat","sCharacter":{"no":0,"index":"1"},"isFirst":false,"file":""},{"content":"哇啊！","replyDepth":0,"type":"chat","sCharacter":{"no":"衣斐莱娜","index":"CH0305_BG"},"isFirst":true,"file":""},{"content":"我，我是，实在无聊才看的！","replyDepth":0,"type":"chat","sCharacter":{"no":"衣斐莱娜","index":"CH0305_BG"},"isFirst":false,"file":""},{"content":"哈哈，别怕啦","replyDepth":0,"type":"chat","sCharacter":{"no":0,"index":"1"},"isFirst":true,"file":""},{"file":"GameData/BLDA/Emoji/410.webp","content":"Emoji","replyDepth":0,"type":"image","sCharacter":{"no":0,"index":"1"},"isFirst":false},{"content":"没有恶魔存在的","replyDepth":0,"type":"chat","sCharacter":{"no":0,"index":"1"},"isFirst":false,"file":""},{"content":"可，可是绘里看见的那个恶魔的身影... ！","replyDepth":0,"type":"chat","sCharacter":{"no":"衣斐莱娜","index":"CH0305_BG"},"isFirst":true,"file":""},{"content":"肯定是看错了啦！","replyDepth":0,"type":"chat","sCharacter":{"no":0,"index":"1"},"isFirst":true,"file":""},{"content":"应该是把什么小动物看成恶魔了哦！很多奇怪的传说都是这样以讹传讹来的","replyDepth":0,"type":"chat","sCharacter":{"no":"0","index":"1"},"isFirst":false,"file":"","name":"","time":"","is_breaking":false,"isLeft":false,"isCenter":false,"isRight":false,"style":false},{"content":"真，真的吗... ？","replyDepth":0,"type":"chat","sCharacter":{"no":"衣斐莱娜","index":"CH0305_BG"},"isFirst":true,"file":""},{"content":"真的哦","replyDepth":0,"type":"chat","sCharacter":{"no":0,"index":"1"},"isFirst":true,"file":""},{"content":"相信科学，恶魔什么的是不存在的","replyDepth":0,"type":"chat","sCharacter":{"no":"0","index":"1"},"file":"","name":"","time":"","is_breaking":false,"isFirst":false,"isLeft":false,"isCenter":false,"isRight":false,"style":false},{"content":"老师... ","replyDepth":0,"type":"chat","sCharacter":{"no":"？？？","index":"Hidden_Arena"},"isFirst":true,"file":"","name":"","time":"","is_breaking":false,"isLeft":false,"isCenter":false,"isRight":false,"style":false},{"content":"... ","replyDepth":0,"type":"chat","sCharacter":{"no":0,"index":"1"},"isFirst":true,"file":""},{"content":"刚刚是什么声音？","replyDepth":0,"type":"chat","sCharacter":{"no":0,"index":"1"},"isFirst":false,"file":""},{"content":"... ！？！？","replyDepth":0,"type":"chat","sCharacter":{"no":"衣斐莱娜","index":"CH0305_BG"},"isFirst":true,"file":""},{"file":"GameData/BLDA/CharFace/CH0305/29.webp","content":"CharFace","replyDepth":0,"type":"image","sCharacter":{"no":"衣斐莱娜","index":"CH0305_BG"},"isFirst":false},{"content":"什么，什么！？","replyDepth":0,"type":"chat","sCharacter":{"no":"衣斐莱娜","index":"CH0305_BG"},"isFirst":false,"file":""},{"content":"还有衣斐莱娜小姐... ","replyDepth":0,"type":"chat","sCharacter":{"no":"？？？","index":"Hidden_Arena"},"file":"","name":"？？？","time":"","is_breaking":false,"isFirst":true,"isLeft":false,"isCenter":false,"isRight":false,"style":false},{"content":"呵呵呵，你们好呀... ","replyDepth":0,"type":"chat","sCharacter":{"no":"？？？","index":"Hidden_Arena"},"name":"？？？","isFirst":false,"file":""},{"content":"帐篷外面有一个奇怪的人影！","replyDepth":0,"type":"info","sCharacter":{"no":"板垣庚","index":"CH0306_BG"},"isFirst":true,"file":""},{"content":"？！","replyDepth":0,"type":"chat","sCharacter":{"no":0,"index":"1"},"isFirst":true,"file":""},{"file":"GameData/BLDA/Emoji/48.webp","content":"Emoji","replyDepth":0,"type":"image","sCharacter":{"no":0,"index":"1"},"isFirst":false},{"content":"谁在帐篷外面！？","replyDepth":0,"type":"chat","sCharacter":{"no":0,"index":"1"},"isFirst":false,"file":""},{"content":"是小庚吗？","replyDepth":0,"type":"chat","sCharacter":{"no":0,"index":"1"},"isFirst":false,"file":""},{"content":"庚前辈现在睡着了啊！","replyDepth":0,"type":"chat","sCharacter":{"no":"衣斐莱娜","index":"CH0305_BG"},"isFirst":true,"file":"","name":"","time":"","is_breaking":false,"isLeft":false,"isCenter":false,"isRight":false,"style":false},{"file":"GameData/BLDA/CharFace/CH0305/28.webp","content":"CharFace","replyDepth":0,"type":"image","sCharacter":{"no":"衣斐莱娜","index":"CH0305_BG"},"isFirst":false},{"content":"呵呵呵... ","replyDepth":0,"type":"chat","sCharacter":{"no":"？？？","index":"Hidden_Arena"},"name":"？？？","isFirst":true,"file":""},{"content":"今天晚上，我们要把你们一网打尽！","replyDepth":0,"type":"chat","sCharacter":{"no":"？？？","index":"Hidden_Arena"},"name":"？？？","isFirst":false,"file":""},{"content":"哇啊啊啊啊！","replyDepth":0,"type":"chat","sCharacter":{"no":"衣斐莱娜","index":"CH0305_BG"},"isFirst":true,"file":""},{"content":"！！？？","replyDepth":0,"type":"chat","sCharacter":{"no":0,"index":"1"},"isFirst":true,"file":""},{"content":"哇啊，什么，什么情况！？","replyDepth":0,"type":"chat","sCharacter":{"no":"白尾绘里","index":"CH0304_BG"},"isFirst":true,"file":""},{"content":"呼，嗯... ？","replyDepth":0,"type":"chat","sCharacter":{"no":"板垣庚","index":"CH0306_BG"},"isFirst":true,"file":""},{"content":"怎么了... ？","replyDepth":0,"type":"chat","sCharacter":{"no":"椎名䌷","index":"CH0252_BG"},"isFirst":true,"file":""},{"content":"大家被惊醒了","replyDepth":0,"type":"info","sCharacter":{"no":"椎名䌷","index":"CH0252_BG"},"isFirst":true,"file":""},{"content":"恶魔，恶魔来了！！！！","replyDepth":0,"type":"chat","sCharacter":{"no":"衣斐莱娜","index":"CH0305_BG"},"file":"","name":"","time":"","is_breaking":false,"isFirst":true,"isLeft":false,"isCenter":false,"isRight":false,"style":false},{"file":"GameData/BLDA/CharFace/CH0305/29.webp","content":"CharFace","replyDepth":0,"type":"image","sCharacter":{"no":"衣斐莱娜","index":"CH0305_BG"},"isFirst":false},{"content":"！！？","replyDepth":0,"type":"chat","sCharacter":{"no":0,"index":"1"},"isFirst":true,"file":""},{"file":"GameData/BLDA/Emoji/3zh_tw3.webp","content":"Emoji","replyDepth":0,"type":"image","sCharacter":{"no":0,"index":"1"},"isFirst":false},{"content":"不可能吧？","replyDepth":0,"type":"chat","sCharacter":{"no":0,"index":"1"},"isFirst":false,"file":""},{"content":"拉开帐篷一看，外面站着两个发光的身影！","replyDepth":0,"type":"info","sCharacter":{"no":0,"index":"1"},"isFirst":true,"file":""}],"MoeTalk":"3-17"}