{"INFO":{"title":"丢失与重拾之物（三等奖）","nickname":"落冬","date":"251027231350"},"SETTING":{"选择游戏":"BLDA","语言选项":"zh_cn","图片比例":"90%","差分比例":"90%","排序方式":"name","人物改名":[],"图片格式":"image/png","高度限制":16384,"发送方式":"回车","社团列表":[],"文字样式":[],"宽度限制":500,"顶部标题":"MoeTalk","截图选项":{"titleStr":"丢失与重拾之物（三等奖）","writerStr":"落冬"},"选择角色":{"no":0,"index":1,"list":[]},"设备信息":"Mozilla/5.0 (Windows NT 10.0; Win64; x64) AppleWebKit/537.36 (KHTML, like Gecko) Chrome/134.0.0.0 Safari/537.36","当前网址":"http://localhost/MoeTalk/","风格样式":{"bgColor":"#fff7e1"},"右侧发言":[],"表情信息":[]},"CHAR":{"id":[],"image":[]},"EMOJI":{"image":[]},"MoeTalk":"5-0","CHAT":[]}