{"CHAT":[{"replyDepth":0,"sCharacter":{"no":"调月莉音","index":"CH0158"},"content":"是不是就不会那么痛苦了","type":"chat"},{"replyDepth":0,"sCharacter":{"no":"调月莉音","index":"CH0158"},"content":"这所别馆的主人也是","type":"chat"},{"replyDepth":0,"sCharacter":{"no":"调月莉音","index":"CH0158"},"content":"哪怕赤冬事务局为日瓦戈医生平反了","type":"chat"},{"replyDepth":0,"sCharacter":{"no":"调月莉音","index":"CH0158"},"content":"他也永远都不会知道这件事了","type":"chat"},{"replyDepth":0,"sCharacter":{"no":"调月莉音","index":"CH0158"},"content":"这些，真的能算是好事吗？","type":"chat"},{"replyDepth":0,"sCharacter":{"no":0,"index":"1"},"content":"……","type":"chat"},{"replyDepth":0,"sCharacter":{"no":0,"index":"1"},"content":"你说得对，莉音","type":"chat"},{"replyDepth":0,"sCharacter":{"no":0,"index":"1"},"content":"人们之所以喜欢美好的结局，是因为它能宽慰自己的内心","type":"chat"},{"replyDepth":0,"sCharacter":{"no":0,"index":"1"},"content":"换句话说，人都是自私的","type":"chat"},{"replyDepth":0,"sCharacter":{"no":0,"index":"1"},"content":"我们很多时候照顾的并不是经历事件的人的感受，而是自己内心的安宁","type":"chat"},{"replyDepth":0,"sCharacter":{"no":0,"index":"1"},"content":"但这也不意味着这些迟来的美好是没有意义的","type":"chat"},{"replyDepth":0,"sCharacter":{"no":0,"index":"1"},"content":"善意、善举，有时候拯救不了谁，可并不能因此不去做","type":"chat"},{"replyDepth":0,"sCharacter":{"no":0,"index":"1"},"content":"当然，我也希望它们能来得及为某人带去救赎","type":"chat"},{"replyDepth":0,"sCharacter":{"no":0,"index":"1"},"content":"而那样的事情，就是我们称为幸运、称为奇迹的东西","type":"chat"},{"replyDepth":0,"sCharacter":{"no":0,"index":"1"},"content":"就像你，是我经历的所有奇迹的起点","type":"info"},{"replyDepth":0,"sCharacter":{"no":0,"index":"1"},"content":"走吧，莉音","type":"chat"},{"replyDepth":0,"sCharacter":{"no":"调月莉音","index":"CH0158"},"content":"嗯！","type":"chat"},{"replyDepth":0,"sCharacter":{"no":"调月莉音","index":"CH0158"},"content":"","type":"image","file":"GameData/BLDA/CharFace/CH0158/8.webp"},{"replyDepth":0,"sCharacter":{"no":0,"index":"1"},"content":"三春泷樱","type":"info"},{"replyDepth":0,"sCharacter":{"no":0,"index":"1"},"content":"百鬼夜行校区内最大的那棵樱花树","type":"info"},{"replyDepth":0,"sCharacter":{"no":0,"index":"1"},"content":"说起百鬼夜行，最先想到的几样东西，便是祭典、花火大会、阴阳部的公演，和这个时节漫天飞舞的樱花","type":"info"},{"replyDepth":0,"sCharacter":{"no":0,"index":"1"},"content":"夏夜的风是最舒爽的，摇动着樱树的树冠，沙沙作响，空气也跟着香甜起来","type":"info"},{"replyDepth":0,"sCharacter":{"no":0,"index":"1"},"content":"树下聚集着大量的人群，因为祭典和花火大会马上要开始了，我们来得正巧","type":"info"},{"replyDepth":0,"sCharacter":{"no":0,"index":"1"},"content":"节庆运营管理部那几位忙碌的身影在人潮里倒也尤为醒目","type":"info"},{"replyDepth":0,"sCharacter":{"no":"调月莉音","index":"CH0158"},"content":"这就是百鬼夜行的庆典吗，真壮观呀","type":"chat"},{"replyDepth":0,"sCharacter":{"no":0,"index":"1"},"content":"毕竟是学校的招牌嘛","type":"chat"},{"replyDepth":0,"sCharacter":{"no":0,"index":"1"},"content":"这场庆典规模已经不算很大的了，每年最重要的百鬼祭要更热闹得多","type":"chat"},{"replyDepth":0,"sCharacter":{"no":0,"index":"1"},"content":"还有时隔二十年恢复举行的灯笼祭，但那个祭典上发生的事，还是先不提了吧","type":"info"},{"replyDepth":0,"sCharacter":{"no":"调月莉音","index":"CH0158"},"content":"想想千年上次承办这么大的活动还是晄轮大祭……","type":"chat"},{"replyDepth":0,"sCharacter":{"no":"调月莉音","index":"CH0158"},"content":"","type":"image","file":"GameData/BLDA/CharFace/CH0158/6.webp"},{"replyDepth":0,"sCharacter":{"no":0,"index":"1"},"content":"这有什么丢人的，晄轮大祭不也办得很成功嘛","type":"chat"},{"replyDepth":0,"sCharacter":{"no":0,"index":"1"},"content":"莉音你呀，就是把自己逼太紧了","type":"chat"},{"replyDepth":0,"sCharacter":{"no":0,"index":"1"},"content":"","type":"image","file":"GameData/BLDA/Emoji/stamps/ClanChat_Emoji_08_Jp.webp"},{"replyDepth":0,"sCharacter":{"no":"调月莉音","index":"CH0158"},"content":"我……","type":"chat"},{"replyDepth":0,"sCharacter":{"no":0,"index":"1"},"content":"你从没享受过这种活动吧，趁这次机会玩个痛快","type":"chat"},{"replyDepth":0,"sCharacter":{"no":0,"index":"1"},"content":"有什么想做的我都陪你哦","type":"chat"},{"replyDepth":0,"sCharacter":{"no":"调月莉音","index":"CH0158"},"content":"想做的……我也不知道祭典该玩些什么呀","type":"chat"},{"replyDepth":0,"sCharacter":{"no":"调月莉音","index":"CH0158"},"content":"捞……捞金鱼？","type":"chat"},{"replyDepth":0,"sCharacter":{"no":0,"index":"1"},"content":"可以呀，这就很青春呀","type":"chat"},{"replyDepth":0,"sCharacter":{"no":0,"index":"1"},"content":"然后我们花了将近一个小时，得到的最大收获是明白了两个人都没有捞金鱼的天赋","type":"info"},{"replyDepth":0,"sCharacter":{"no":"河和静子","index":"CH0180"},"content":"二位慢走呀，欢迎下次再来玩哦！","type":"chat"},{"replyDepth":0,"sCharacter":{"no":"河和静子","index":"CH0180"},"content":"","type":"image","file":"GameData/BLDA/CharFace/CH0180/8.webp"},{"replyDepth":0,"sCharacter":{"no":"调月莉音","index":"CH0158"},"content":"sensei你会不会觉得那位静子小姐的笑容好像有点意味深长？","type":"chat"},{"replyDepth":0,"sCharacter":{"no":0,"index":"1"},"content":"嘛，怎么说呢，像是面对传说中的肥羊时会露出的微笑","type":"chat"},{"replyDepth":0,"sCharacter":{"no":0,"index":"1"},"content":"","type":"image","file":"GameData/BLDA/Emoji/stamps/ClanChat_Emoji_73_Jp.webp"},{"replyDepth":0,"sCharacter":{"no":"调月莉音","index":"CH0158"},"content":"唔，接下来还想试试打气球","type":"chat"},{"replyDepth":0,"sCharacter":{"no":"调月莉音","index":"CH0158"},"content":"……可以吗？","type":"chat"},{"replyDepth":0,"sCharacter":{"no":0,"index":"1"},"content":"当然，这种事不用征求我的意见啦，都说了你开心就好","type":"chat"},{"replyDepth":0,"sCharacter":{"no":0,"index":"1"},"content":"十分钟后","type":"info"},{"replyDepth":0,"sCharacter":{"no":"勇美枫","index":"Kaede"},"content":"哦！哦！","type":"chat"},{"replyDepth":0,"sCharacter":{"no":"勇美枫","index":"Kaede"},"content":"三森前辈！椿前辈！快来看，有高手呀！","type":"chat"},{"replyDepth":0,"sCharacter":{"no":"勇美枫","index":"Kaede"},"content":"","type":"image","file":"GameData/BLDA/CharFace/kaede/8.webp"},{"replyDepth":0,"sCharacter":{"no":0,"index":"1"},"content":"……","type":"chat"},{"replyDepth":0,"sCharacter":{"no":0,"index":"1"},"content":"厉害，厉害","type":"chat"},{"replyDepth":0,"sCharacter":{"no":0,"index":"1"},"content":"不是莉音你枪法这么准吗？！","type":"chat"},{"replyDepth":0,"sCharacter":{"no":"调月莉音","index":"CH0158"},"content":"呃……","type":"chat"},{"replyDepth":0,"sCharacter":{"no":"调月莉音","index":"CH0158"},"content":"我还以为基沃托斯的学生人均都是这样的水平……","type":"chat"},{"replyDepth":0,"sCharacter":{"no":0,"index":"1"},"content":"脑海中浮现出某个笨蛋警察的射击成绩单","type":"info"},{"replyDepth":0,"sCharacter":{"no":0,"index":"1"},"content":"不，你想多了","type":"chat"},{"replyDepth":0,"sCharacter":{"no":0,"index":"1"},"content":"","type":"image","file":"GameData/BLDA/Emoji/stamps/ClanChat_Emoji_12_Jp.webp"},{"replyDepth":0,"sCharacter":{"no":"勇美枫","index":"Kaede"},"content":"啊对了客人！这是您的奖品","type":"chat"},{"replyDepth":0,"sCharacter":{"no":0,"index":"1"},"content":"枫递给莉音一盒前卫君的拼装模型，后者的表情我永生难忘","type":"info"},{"replyDepth":0,"sCharacter":{"no":0,"index":"1"},"content":"虽然我记得她桌上好像就有摆着这个","type":"info"},{"replyDepth":0,"sCharacter":{"no":"勇美枫","index":"Kaede"},"content":"sensei不来试试吗？","type":"chat"},{"replyDepth":0,"sCharacter":{"no":"勇美枫","index":"Kaede"},"content":"","type":"image","file":"GameData/BLDA/CharFace/kaede/3.webp"},{"replyDepth":0,"sCharacter":{"no":0,"index":"1"},"content":"我？免了免了","type":"chat"},{"replyDepth":0,"sCharacter":{"no":0,"index":"1"},"content":"话说这玩意儿怎么都卖到百鬼夜行来了……","type":"chat"},{"replyDepth":0,"sCharacter":{"no":"调月莉音","index":"CH0158"},"content":"我说过，总有一天人人都会欣赏前卫君的","type":"chat"},{"replyDepth":0,"sCharacter":{"no":"勇美枫","index":"Kaede"},"content":"（小声）啊，那个好像是之前百鬼夜行跟千年的采购订单填错了结果收到了一堆这东西然后又卖不出去所以就拿来……","type":"chat"},{"replyDepth":0,"sCharacter":{"no":"勇美枫","index":"Kaede"},"content":"","type":"image","file":"GameData/BLDA/CharFace/kaede/13.webp"},{"replyDepth":0,"sCharacter":{"no":0,"index":"1"},"content":"咻——嘭！","type":"info"},{"replyDepth":0,"sCharacter":{"no":0,"index":"1"},"content":"咻咻——嘭！","type":"info"},{"replyDepth":0,"sCharacter":{"no":"调月莉音","index":"CH0158"},"content":"啊，那是！","type":"chat"},{"replyDepth":0,"sCharacter":{"no":"勇美枫","index":"Kaede"},"content":"是花火大会开始了呢！","type":"chat"},{"replyDepth":0,"sCharacter":{"no":0,"index":"1"},"content":"我们置身于人潮中，不远处是摇曳的三春泷樱，许多束灿丽的花火腾空而起，在最高点瞬息绚烂","type":"info"},{"replyDepth":0,"sCharacter":{"no":"和乐千世","index":"Chise"},"content":"♪パッと光って咲いた♪","type":"chat"},{"replyDepth":0,"sCharacter":{"no":"和乐千世","index":"Chise"},"content":"♪花火を见ていた♪","type":"chat"},{"replyDepth":0,"sCharacter":{"no":"和乐千世","index":"Chise"},"content":"♪きっとまだ终わらない夏が♪","type":"chat"},{"replyDepth":0,"sCharacter":{"no":0,"index":"1"},"content":"是千世在唱歌呢","type":"chat"},{"replyDepth":0,"sCharacter":{"no":0,"index":"1"},"content":"阴阳部的舞台下方，不时传来粉丝们狂热的呐喊","type":"info"},{"replyDepth":0,"sCharacter":{"no":"调月莉音","index":"CH0158"},"content":"原来那位就是百鬼夜行的偶像千世小姐","type":"chat"},{"replyDepth":0,"sCharacter":{"no":0,"index":"1"},"content":"啊？千世那么有名吗……","type":"chat"},{"replyDepth":0,"sCharacter":{"no":"调月莉音","index":"CH0158"},"content":"研讨会还是跟妮娅部长接触比较多，但在千年的普通学生那里，百鬼夜行最出名的应该是千世小姐","type":"chat"},{"replyDepth":0,"sCharacter":{"no":"勇美枫","index":"Kaede"},"content":"嘿嘿，那当然啦，千世大人就是百鬼夜行的门面！","type":"chat"},{"replyDepth":0,"sCharacter":{"no":"勇美枫","index":"Kaede"},"content":"","type":"image","file":"GameData/BLDA/CharFace/kaede/11.webp"},{"replyDepth":0,"sCharacter":{"no":"调月莉音","index":"CH0158"},"content":"嗯嗯，而且这首歌也很好听呢","type":"chat"},{"replyDepth":0,"sCharacter":{"no":0,"index":"1"},"content":"你喜欢这首曲子吗？","type":"chat"},{"replyDepth":0,"sCharacter":{"no":"调月莉音","index":"CH0158"},"content":"不错啊，而且很有祭典的氛围","type":"chat"},{"replyDepth":0,"sCharacter":{"no":0,"index":"1"},"content":"唱的就是烟花绽放的景象呀","type":"chat"},{"replyDepth":0,"sCharacter":{"no":0,"index":"1"},"content":"我们找个人少的地方慢慢看吧","type":"chat"},{"replyDepth":0,"sCharacter":{"no":0,"index":"1"},"content":"最终，我们选了一处地势很高的，能远远观览樱树和祭典的看台","type":"info"},{"replyDepth":0,"sCharacter":{"no":0,"index":"1"},"content":"来，这个给你","type":"chat"},{"replyDepth":0,"sCharacter":{"no":"调月莉音","index":"CH0158"},"content":"这是……","type":"chat"},{"replyDepth":0,"sCharacter":{"no":0,"index":"1"},"content":"是苹果糖哦，刚才在小摊买的，尝尝","type":"chat"},{"replyDepth":0,"sCharacter":{"no":"调月莉音","index":"CH0158"},"content":"甜丝丝的","type":"chat"},{"replyDepth":0,"sCharacter":{"no":"调月莉音","index":"CH0158"},"content":"苹果有一点点酸味，这样刚好","type":"chat"},{"replyDepth":0,"sCharacter":{"no":"调月莉音","index":"CH0158"},"content":"没吃过这样的东西呢","type":"chat"},{"replyDepth":0,"sCharacter":{"no":0,"index":"1"},"content":"喜欢吗？","type":"chat"},{"replyDepth":0,"sCharacter":{"no":"调月莉音","index":"CH0158"},"content":"喜欢","type":"chat"},{"replyDepth":0,"sCharacter":{"no":0,"index":"1"},"content":"我也是","type":"chat"},{"replyDepth":0,"sCharacter":{"no":0,"index":"1"},"content":"苹果糖，是只能送给喜欢的人的东西","type":"info"},{"replyDepth":0,"sCharacter":{"no":0,"index":"1"},"content":"♪パッと光って咲いた♪","type":"chat"},{"replyDepth":0,"sCharacter":{"no":"调月莉音","index":"CH0158"},"content":"嗯？","type":"chat"},{"replyDepth":0,"sCharacter":{"no":0,"index":"1"},"content":"♪花火を见ていた♪","type":"chat"},{"replyDepth":0,"sCharacter":{"no":0,"index":"1"},"content":"♪きっとまだ终わらない夏が♪","type":"chat"},{"replyDepth":0,"sCharacter":{"no":0,"index":"1"},"content":"♪暧昧な心を解かして繋いだ♪","type":"chat"},{"replyDepth":0,"sCharacter":{"no":0,"index":"1"},"content":"♪この夜が続いて欲しかった♪","type":"chat"},{"replyDepth":0,"sCharacter":{"no":"调月莉音","index":"CH0158"},"content":"原来sensei也会唱呀","type":"chat"},{"replyDepth":0,"sCharacter":{"no":"调月莉音","index":"CH0158"},"content":"很好听哦","type":"chat"},{"replyDepth":0,"sCharacter":{"no":"调月莉音","index":"CH0158"},"content":"我觉得不输给千世小姐","type":"chat"},{"replyDepth":0,"sCharacter":{"no":"调月莉音","index":"CH0158"},"content":"","type":"image","file":"GameData/BLDA/CharFace/CH0158/8.webp"},{"replyDepth":0,"sCharacter":{"no":0,"index":"1"},"content":"傻","type":"chat"},{"replyDepth":0,"sCharacter":{"no":0,"index":"1"},"content":"","type":"image","file":"GameData/BLDA/Emoji/stamps/ClanChat_Emoji_17_Jp.webp"},{"replyDepth":0,"sCharacter":{"no":0,"index":"1"},"content":"因为千世是唱给所有人听的","type":"info"},{"replyDepth":0,"sCharacter":{"no":0,"index":"1"},"content":"我是唱给你一个人听的","type":"info"},{"replyDepth":0,"sCharacter":{"no":0,"index":"1"},"content":"就像歌词写的，希望今夜永远不会结束","type":"info"},{"replyDepth":0,"sCharacter":{"no":0,"index":"1"},"content":"叹息桥","type":"info"},{"replyDepth":0,"sCharacter":{"no":"调月莉音","index":"CH0158"},"content":"这地方我知道呢","type":"chat"},{"replyDepth":0,"sCharacter":{"no":"调月莉音","index":"CH0158"},"content":"有听过这里的传说","type":"chat"},{"replyDepth":0,"sCharacter":{"no":"调月莉音","index":"CH0158"},"content":"但那不是一个好故事","type":"chat"},{"replyDepth":0,"sCharacter":{"no":"清澄晶","index":"CH0212"},"content":"这位客人看来很了解呢","type":"chat"},{"replyDepth":0,"sCharacter":{"no":"清澄晶","index":"CH0212"},"content":"坐船吗？","type":"chat"},{"replyDepth":0,"sCharacter":{"no":0,"index":"1"},"content":"晶？","type":"chat"},{"replyDepth":0,"sCharacter":{"no":"清澄晶","index":"CH0212"},"content":"晶？那是谁，客人的女朋友吗？","type":"chat"},{"replyDepth":0,"sCharacter":{"no":"清澄晶","index":"CH0212"},"content":"","type":"image","file":"GameData/BLDA/CharFace/CH0212/3.webp"},{"replyDepth":0,"sCharacter":{"no":"调月莉音","index":"CH0158"},"content":"？","type":"chat"},{"replyDepth":0,"sCharacter":{"no":0,"index":"1"},"content":"莉音一副我等着听你狡辩的表情","type":"info"},{"replyDepth":0,"sCharacter":{"no":0,"index":"1"},"content":"……","type":"chat"},{"replyDepth":0,"sCharacter":{"no":0,"index":"1"},"content":"多一事不如少一事，事已至此，先装傻吧","type":"info"},{"replyDepth":0,"sCharacter":{"no":"清澄晶","index":"CH0212"},"content":"再问一遍","type":"chat"},{"replyDepth":0,"sCharacter":{"no":"清澄晶","index":"CH0212"},"content":"坐——船——吗——","type":"chat"},{"replyDepth":0,"sCharacter":{"no":0,"index":"1"},"content":"疑似晶的摆渡人站在一叶贡多拉上，用船桨轻敲着岸边的石头，小船在水面上微微晃动着","type":"info"},{"replyDepth":0,"sCharacter":{"no":0,"index":"1"},"content":"（有种如果不上船后果自负的感觉）","type":"chat"},{"replyDepth":0,"sCharacter":{"no":0,"index":"1"},"content":"莉音步履轻盈地迈上了小船，就算是在起伏的水面上，她的姿态依旧甚是端庄","type":"info"},{"replyDepth":0,"sCharacter":{"no":0,"index":"1"},"content":"我叹了口气，也坐了进去","type":"info"},{"replyDepth":0,"sCharacter":{"no":0,"index":"1"},"content":"无疑就是晶的摆渡人用船桨对着地面轻轻一撑，小船就晃晃悠悠地被推离了岸边，就像命运一样，不知要往何处驶去","type":"info"},{"replyDepth":0,"sCharacter":{"no":"清澄晶","index":"CH0212"},"content":"叹息桥","type":"chat"},{"replyDepth":0,"sCharacter":{"no":0,"index":"1"},"content":"晶自顾自地说起来","type":"info"},{"replyDepth":0,"sCharacter":{"no":"清澄晶","index":"CH0212"},"content":"客人能看到这座桥的两端连着两栋建筑","type":"chat"},{"replyDepth":0,"sCharacter":{"no":"清澄晶","index":"CH0212"},"content":"相传，这两栋楼一边是教室，一边是考场","type":"chat"},{"replyDepth":0,"sCharacter":{"no":"清澄晶","index":"CH0212"},"content":"每逢考试，学生从教室往考场走去时会在桥上发出阵阵叹息，就有了叹息桥这个名字","type":"chat"},{"replyDepth":0,"sCharacter":{"no":"调月莉音","index":"CH0158"},"content":"咦，怎么和我听过的不是一个故事？","type":"chat"},{"replyDepth":0,"sCharacter":{"no":0,"index":"1"},"content":"因为叹息桥有两座，你说的，是三一的叹息桥的故事","type":"chat"},{"replyDepth":0,"sCharacter":{"no":0,"index":"1"},"content":"我说这位导游同学，你这算不算无证上岗啊？","type":"chat"},{"replyDepth":0,"sCharacter":{"no":0,"index":"1"},"content":"还有驾照也出示一下呗，不然我联系瓦尔基里了啊","type":"chat"},{"replyDepth":0,"sCharacter":{"no":0,"index":"1"},"content":"","type":"image","file":"GameData/BLDA/Emoji/stamps/ClanChat_Emoji_11_Jp.webp"},{"replyDepth":0,"sCharacter":{"no":"清澄晶","index":"CH0212"},"content":"哎呀，不好意思，讲岔了嘛","type":"chat"},{"replyDepth":0,"sCharacter":{"no":"清澄晶","index":"CH0212"},"content":"那么这位客人听的又是什么故事呢？","type":"chat"},{"replyDepth":0,"sCharacter":{"no":"调月莉音","index":"CH0158"},"content":"我印象里这座桥两端分别是学生会和牢房","type":"chat"},{"replyDepth":0,"sCharacter":{"no":"调月莉音","index":"CH0158"},"content":"受学生会审判的罪人会被押送到桥对岸的牢房，罪人们的叹息就成了叹息桥的由来","type":"chat"},{"replyDepth":0,"sCharacter":{"no":"调月莉音","index":"CH0158"},"content":"而这座桥最著名也是最悲惨的故事，是有一名罪人在桥上看到了自己的爱人在桥下与另一个人拥吻","type":"chat"},{"replyDepth":0,"sCharacter":{"no":"调月莉音","index":"CH0158"},"content":"那个罪人疯狂地大喊，但声音却透不过全封闭的石桥，桥下的爱人什么也听不见","type":"chat"},{"replyDepth":0,"sCharacter":{"no":"调月莉音","index":"CH0158"},"content":"只是个令人遗憾的故事罢了","type":"chat"}],"MoeTalk":"0-5"}