{"CHAT":[{"content":"好热啊…","replyDepth":0,"type":"chat","sCharacter":{"no":0,"index":1}},{"content":"热得我都要被晒干了…","replyDepth":0,"type":"chat","sCharacter":{"no":"陆八魔阿露","index":"Aru_BG"}},{"content":"哦阔一跌耐诺尼阿紫一哟~~~","replyDepth":0,"type":"info","sCharacter":{"no":"陆八魔阿露","index":"Aru_BG"}},{"content":"所以为什么夏莱的空调偏偏这个时候坏了啊…","replyDepth":0,"type":"chat","sCharacter":{"no":0,"index":1}},{"content":"对不起啊，本来你们说是要来乘凉来着…","replyDepth":0,"type":"chat","sCharacter":{"no":0,"index":1}},{"content":"莫非就是我们来了空调才会…","replyDepth":0,"type":"chat","sCharacter":{"no":"伊草遥香","index":"Haruka_BG"}},{"content":"对不起对不起对不起对不起………","replyDepth":0,"type":"chat","sCharacter":{"no":"伊草遥香","index":"Haruka_BG"}},{"file":"GameData/BLDA/CharFace/haruka/12.webp","content":"CharFace","replyDepth":0,"type":"image","sCharacter":{"no":"伊草遥香","index":"Haruka_BG"}},{"content":"好了，和春香没关系了…","replyDepth":0,"type":"chat","sCharacter":{"no":0,"index":1}},{"content":"我摸摸她的头","replyDepth":0,"type":"info","sCharacter":{"no":0,"index":1}},{"content":"为了缓解低落的情绪，我决定索性也不工作了","replyDepth":0,"type":"info","sCharacter":{"no":0,"index":1}},{"content":"要是有个不用花钱还能去海边玩水的计划就好了…","replyDepth":0,"type":"chat","sCharacter":{"no":"浅黄睦月","index":"Mutsuki_BG"}},{"content":"我打开电视","replyDepth":0,"type":"info","sCharacter":{"no":"浅黄睦月","index":"Mutsuki_BG"}},{"content":"hallo~基沃托斯的朋友们大家好！","replyDepth":0,"type":"chat","sCharacter":{"no":"川流诗乃","index":"Shinon"}},{"content":"这里是克洛诺斯新闻部","replyDepth":0,"type":"chat","sCharacter":{"no":"舞","index":"Mai"}},{"content":"背景音有些嘈杂，随着镜头移动，你才发现两人此时在直升机上","replyDepth":0,"type":"info","sCharacter":{"no":"舞","index":"Mai"}},{"content":"现在播报一则重磅新闻！","replyDepth":0,"type":"chat","sCharacter":{"no":"川流诗乃","index":"Shinon"}},{"content":"镜头随着诗音的指向移动，在蔚蓝的海面上，一座小岛赫然出现","replyDepth":0,"type":"info","sCharacter":{"no":"川流诗乃","index":"Shinon"}},{"content":"就在两小时前，有一名匿名人士报告在距离基沃托斯100公里处发现了一座此前从未曾有过记录的神秘岛屿，也就是目前我们的镜头所正对的地方！","replyDepth":0,"type":"chat","sCharacter":{"no":"川流诗乃","index":"Shinon"}},{"content":"镜头里的岛屿，被蓝色凝胶一样的海洋包围着","replyDepth":0,"type":"info","sCharacter":{"no":"川流诗乃","index":"Shinon"}},{"content":"岛的中心当然是森林，外围则被雪白的沙滩环绕","replyDepth":0,"type":"info","sCharacter":{"no":"川流诗乃","index":"Shinon"}},{"content":"联邦学生会对此高度重视，但据不愿透露姓名的公安局长表示，本该负责这次行动的瓦尔基里警察学院由于缺乏空中和海上运输装备，无法第一时间对岛屿进行勘查","replyDepth":0,"type":"chat","sCharacter":{"no":"舞","index":"Mai"}},{"content":"为此，联邦学生会特别委托本台在此向全基沃托斯的探险家们发出悬赏通告，各位能人志士如有能上岛勘探，提供关于该岛以及周边情报的，人人有赏！","replyDepth":0,"type":"chat","sCharacter":{"no":"川流诗乃","index":"Shinon"},"isFirst":false,"name":"","isLeft":true,"isCenter":false,"isRight":false,"is_breaking":false,"file":"","time":"","style":false},{"content":"下面我们简单介绍一下岛屿的基本情况…","replyDepth":0,"type":"chat","sCharacter":{"no":"舞","index":"Mai"}},{"content":"后面两人说了什么，反正我是没听进去","replyDepth":0,"type":"info","sCharacter":{"no":"舞","index":"Mai"}},{"content":"无人岛，勘探，有赏……","replyDepth":0,"type":"info","sCharacter":{"no":"舞","index":"Mai"}},{"content":"等等，有赏？","replyDepth":0,"type":"info","sCharacter":{"no":"舞","index":"Mai"}},{"content":"我甚至是愣了一下，才被冲到我身上的睦月惊醒","replyDepth":0,"type":"info","sCharacter":{"no":"舞","index":"Mai"}},{"content":"老师老师！","replyDepth":0,"type":"chat","sCharacter":{"no":"浅黄睦月","index":"Mutsuki_BG"}},{"content":"你听到了吗","replyDepth":0,"type":"chat","sCharacter":{"no":"浅黄睦月","index":"Mutsuki_BG"}},{"content":"无人岛诶","replyDepth":0,"type":"chat","sCharacter":{"no":"浅黄睦月","index":"Mutsuki_BG"}},{"file":"GameData/BLDA/CharFace/mutsuki/13.webp","content":"CharFace","replyDepth":0,"type":"image","sCharacter":{"no":"浅黄睦月","index":"Mutsuki_BG"}},{"content":"这可是天大的好机会啊！","replyDepth":0,"type":"chat","sCharacter":{"no":"浅黄睦月","index":"Mutsuki_BG"}},{"content":"你不会是想…","replyDepth":0,"type":"chat","sCharacter":{"no":0,"index":1}},{"content":"我们就去当那个揭榜的“志士”吧！","replyDepth":0,"type":"chat","sCharacter":{"no":"浅黄睦月","index":"Mutsuki_BG"}},{"content":"说得轻松…我们哪有上岛的经验…","replyDepth":0,"type":"chat","sCharacter":{"no":"鬼方佳代子","index":"Kayoko_BG"}},{"content":"两人很“不经意”地交换了一下眼神","replyDepth":0,"type":"info","sCharacter":{"no":"鬼方佳代子","index":"Kayoko_BG"}},{"content":"呐……阿露酱~","replyDepth":0,"type":"chat","sCharacter":{"no":"浅黄睦月","index":"Mutsuki_BG"}},{"content":"嗯…睦月说的没错","replyDepth":0,"type":"chat","sCharacter":{"no":"陆八魔阿露","index":"Aru_BG"}},{"content":"区区上岛勘探，哪里难得倒我法外狂徒","replyDepth":0,"type":"chat","sCharacter":{"no":"陆八魔阿露","index":"Aru_BG"}},{"content":"所以老师","replyDepth":0,"type":"chat","sCharacter":{"no":"陆八魔阿露","index":"Aru_BG"}},{"content":"就由我们，便利屋68来接下这个委托吧！","replyDepth":0,"type":"chat","sCharacter":{"no":"陆八魔阿露","index":"Aru_BG"}},{"file":"GameData/BLDA/CharFace/aru/14.webp","content":"CharFace","replyDepth":0,"type":"image","sCharacter":{"no":"陆八魔阿露","index":"Aru_BG"}},{"content":"春香你怎么看","replyDepth":0,"type":"chat","sCharacter":{"no":"陆八魔阿露","index":"Aru_BG"}},{"content":"那个…只要是阿露大人的决定…","replyDepth":0,"type":"chat","sCharacter":{"no":"伊草遥香","index":"Haruka_BG"}},{"content":"老师你看，小春香也同意喽","replyDepth":0,"type":"chat","sCharacter":{"no":"浅黄睦月","index":"Mutsuki_BG"}},{"content":"去嘛去嘛…","replyDepth":0,"type":"chat","sCharacter":{"no":"浅黄睦月","index":"Mutsuki_BG"}},{"file":"GameData/BLDA/CharFace/mutsuki/10.webp","content":"CharFace","replyDepth":0,"type":"image","sCharacter":{"no":"浅黄睦月","index":"Mutsuki_BG"}},{"content":"我看向佳代子的方向，从表情就可以看得出来，她大概是不会反对了","replyDepth":0,"type":"info","sCharacter":{"no":"鬼方佳代子","index":"Kayoko_BG"}},{"file":"GameData/BLDA/CharFace/kayoko/6.webp","content":"CharFace","replyDepth":0,"type":"image","sCharacter":{"no":"鬼方佳代子","index":"Kayoko_BG"}},{"content":"那好吧…","replyDepth":0,"type":"chat","sCharacter":{"no":0,"index":1}},{"content":"耶！","replyDepth":0,"type":"chat","sCharacter":{"no":"浅黄睦月","index":"Mutsuki_BG"}},{"content":"快走吧，阿露酱，我们回去准备准备","replyDepth":0,"type":"chat","sCharacter":{"no":"浅黄睦月","index":"Mutsuki_BG"}},{"content":"那就这么决定了","replyDepth":0,"type":"chat","sCharacter":{"no":"陆八魔阿露","index":"Aru_BG"}},{"content":"放心吧老师，我们便利屋是专业团队","replyDepth":0,"type":"chat","sCharacter":{"no":"陆八魔阿露","index":"Aru_BG"}},{"content":"区区勘探不在话下","replyDepth":0,"type":"chat","sCharacter":{"no":"陆八魔阿露","index":"Aru_BG"}},{"content":"额……","replyDepth":0,"type":"chat","sCharacter":{"no":0,"index":1}},{"content":"“你真打算去勘探？”","replyDepth":0,"type":"info","sCharacter":{"no":0,"index":1}},{"content":"我本来想这么说…","replyDepth":0,"type":"info","sCharacter":{"no":0,"index":1}},{"content":"但这里貌似只有她一个没明白我们是去干啥的","replyDepth":0,"type":"info","sCharacter":{"no":0,"index":1}},{"content":"所以…逗逗她也不错","replyDepth":0,"type":"info","sCharacter":{"no":0,"index":1}},{"file":"GameData/BLDA/Emoji/1zh_tw9.webp","content":"Emoji","replyDepth":0,"type":"image","sCharacter":{"no":"陆八魔阿露","index":"Aru_BG"}},{"content":"怎么了吗老师","replyDepth":0,"type":"chat","sCharacter":{"no":"陆八魔阿露","index":"Aru_BG"}},{"content":"你知道勘探要带什么装备吗","replyDepth":0,"type":"chat","sCharacter":{"no":0,"index":1}},{"content":"这个嘛……","replyDepth":0,"type":"chat","sCharacter":{"no":"陆八魔阿露","index":"Aru_BG"}},{"content":"我…当然知道！","replyDepth":0,"type":"chat","sCharacter":{"no":"陆八魔阿露","index":"Aru_BG"}},{"content":"老师你就放心吧！","replyDepth":0,"type":"chat","sCharacter":{"no":"陆八魔阿露","index":"Aru_BG"}},{"content":"四人离开了夏莱","replyDepth":0,"type":"info","sCharacter":{"no":"陆八魔阿露","index":"Aru_BG"}},{"content":"应该不会有问题吧…","replyDepth":0,"type":"chat","sCharacter":{"no":0,"index":1}},{"content":"大概…","replyDepth":0,"type":"chat","sCharacter":{"no":0,"index":1}},{"content":"可能…","replyDepth":0,"type":"chat","sCharacter":{"no":0,"index":1}},{"content":"此时天真的我还不知道，这个决定会为我带来什么后果","replyDepth":0,"type":"info","sCharacter":{"no":"0","index":"1"},"isFirst":false,"name":"","isLeft":false,"isCenter":true,"isRight":false,"is_breaking":false,"file":"","time":"","style":false}],"MoeTalk":"6-1"}