{"INFO":{"title":"三色的碰撞与神秘岛屿之探索（三等奖）","nickname":"醉酒仍爱时雨","date":"251025230543"},"SETTING":{"选择游戏":"BLDA","语言选项":"zh_cn","图片比例":"90%","差分比例":"90%","排序方式":"name","人物改名":{"砂狼白子？":"？？？"},"图片格式":"image/jpeg","高度限制":"16384","发送方式":"回车","社团列表":[],"文字样式":[],"宽度限制":"500","顶部标题":"MoeTalk","截图选项":{"writer":true,"title":true,"titleStr":"三色的碰撞与神秘岛屿之探索","archive":true,"writerStr":"醉酒仍爱时雨","watermark":true},"选择角色":{"no":0,"index":1,"list":[{"no":"？？？","index":"Hidden_Arena"}]},"风格样式":{"bgColor":"transparent","info":[["background-color","rgb(220, 229, 232)"]]},"当前网址":"http://localhost/MoeTalk/","设备信息":"Mozilla/5.0 (Linux; Android 15; V2426A) AppleWebKit/537.36 (KHTML, like Gecko) Chrome/131.0.6778.200 Mobile Safari/537.36 VivoBrowser/25.5.30.0","右侧发言":[],"表情信息":[],"打包下载":"zip"},"CHAR":{"id":[],"image":[]},"EMOJI":{"image":[]},"MoeTalk":"1-3","CHAT":[]}