{"CHAT":[{"content":"从这里后面就要坐船了","replyDepth":0,"type":"chat","sCharacter":{"no":"老师","index":"Sensei"}},{"content":"100公里在海上说近也近","replyDepth":0,"type":"chat","sCharacter":{"no":"老师","index":"Sensei"}},{"content":"说远也远","replyDepth":0,"type":"chat","sCharacter":{"no":"老师","index":"Sensei"}},{"content":"我有问题","replyDepth":0,"type":"chat","sCharacter":{"no":0,"index":1}},{"content":"为什么我们不坐直升飞机过去呢","replyDepth":0,"type":"chat","sCharacter":{"no":0,"index":1}},{"file":"GameData/BLDA/Emoji/1zh_tw9.webp","content":"Emoji","replyDepth":0,"type":"image","sCharacter":{"no":0,"index":1}},{"content":"好主意","replyDepth":0,"type":"chat","sCharacter":{"no":"老师","index":"Sensei"}},{"content":"那阿露你来补差价吧","replyDepth":0,"type":"chat","sCharacter":{"no":"老师","index":"Sensei"}},{"content":"（其实这个入完全可以让rabbit小队开飞机送他们过去，但他可能害怕rabbit小队让事情变得更麻烦所以放弃了）","replyDepth":0,"type":"info","sCharacter":{"no":"老师","index":"Sensei"}},{"content":"库敷敷，应该不会有人晕船吧","replyDepth":0,"type":"chat","sCharacter":{"no":"浅黄睦月","index":"Mutsuki_BG"}},{"file":"GameData/BLDA/Emoji/1zh_tw8.webp","content":"Emoji","replyDepth":0,"type":"image","sCharacter":{"no":"浅黄睦月","index":"Mutsuki_BG"}},{"content":"不会的吧","replyDepth":0,"type":"chat","sCharacter":{"no":0,"index":1}},{"content":"当然…","replyDepth":0,"type":"chat","sCharacter":{"no":0,"index":1}},{"content":"当然不可能了","replyDepth":0,"type":"info","sCharacter":{"no":0,"index":1}},{"content":"呕——","replyDepth":0,"type":"chat","sCharacter":{"no":0,"index":1}},{"content":"为什么这么晃啊！！！！","replyDepth":0,"type":"chat","sCharacter":{"no":0,"index":1}},{"file":"GameData/BLDA/CharFace/aru/11.webp","content":"CharFace","replyDepth":0,"type":"image","sCharacter":{"no":"0","index":"1"},"isFirst":false,"name":"","isLeft":false,"isCenter":false,"isRight":true,"is_breaking":false,"time":"","style":false},{"content":"哈哈哈，阿露酱晕船的样子也很可爱呢","replyDepth":0,"type":"chat","sCharacter":{"no":"浅黄睦月","index":"Mutsuki_BG"}},{"file":"GameData/BLDA/CharFace/mutsuki/13.webp","content":"CharFace","replyDepth":0,"type":"image","sCharacter":{"no":"浅黄睦月","index":"Mutsuki_BG"}},{"content":"这100公里，比看上去，要长","replyDepth":0,"type":"info","sCharacter":{"no":"浅黄睦月","index":"Mutsuki_BG"}},{"content":"好消息是我们安全靠岸了","replyDepth":0,"type":"info","sCharacter":{"no":"浅黄睦月","index":"Mutsuki_BG"}},{"content":"终于…","replyDepth":0,"type":"chat","sCharacter":{"no":"老师","index":"Sensei"}},{"content":"………………","replyDepth":0,"type":"chat","sCharacter":{"no":0,"index":1}},{"content":"好像有一点死了…","replyDepth":0,"type":"chat","sCharacter":{"no":"浅黄睦月","index":"Mutsuki_BG"}},{"content":"老师你开船是自学的吧…","replyDepth":0,"type":"chat","sCharacter":{"no":"鬼方佳代子","index":"Kayoko_BG"}},{"content":"看上去唯一脸色还比较好的是春香","replyDepth":0,"type":"info","sCharacter":{"no":"鬼方佳代子","index":"Kayoko_BG"}},{"content":"大浪时她一直抓着老师的手，所以没被震起来","replyDepth":0,"type":"info","sCharacter":{"no":"鬼方佳代子","index":"Kayoko_BG"}},{"content":"没事吧，春香","replyDepth":0,"type":"chat","sCharacter":{"no":"老师","index":"Sensei"}},{"content":"还好…","replyDepth":0,"type":"chat","sCharacter":{"no":"伊草遥香","index":"Haruka_BG"}},{"content":"总归算是平安上岛了","replyDepth":0,"type":"chat","sCharacter":{"no":"伊草遥香","index":"Haruka_BG"}},{"content":"都是托老师的福…","replyDepth":0,"type":"chat","sCharacter":{"no":"伊草遥香","index":"Haruka_BG"}},{"content":"大家都辛苦了…","replyDepth":0,"type":"chat","sCharacter":{"no":"老师","index":"Sensei"}},{"content":"那么下一步…我们…","replyDepth":0,"type":"chat","sCharacter":{"no":"老师","index":"Sensei"}},{"content":"地质勘探！","replyDepth":0,"type":"chat","sCharacter":{"no":0,"index":1}},{"content":"换上泳装！","replyDepth":0,"type":"chat","sCharacter":{"no":"老师","index":"Sensei"}},{"file":"GameData/BLDA/Emoji/1zh_tw9.webp","content":"Emoji","replyDepth":0,"type":"image","sCharacter":{"no":0,"index":1}},{"content":"","type":"image","file":"Emoji-6-2","replyDepth":0,"sCharacter":{"no":"浅黄睦月","index":"Mutsuki_BG"}},{"content":"","type":"image","file":"Emoji-6-3","replyDepth":0,"sCharacter":{"no":"鬼方佳代子","index":"Kayoko_BG"}},{"content":"","type":"image","file":"Emoji-6-4","replyDepth":0,"sCharacter":{"no":"伊草遥香","index":"Haruka_BG"}}],"MoeTalk":"6-4"}