{"栗村爱莉":[[["airi",["7",1,2,3]]],[["CH0251",["13",1,2,3]]],[["NP0227",["13",1,2,3]]],[["CFID_6/CharID_121",["45"]]]],"室笠茜":[[["akane",["7",1,2,3]]],[["CH0099",["6",1,2,3]]],[["CH0307",["6",1,2,17,3,[18,"6"],19]]],[["CFID_1/CharID_81",["66"]]]],"鳄渊明里":[[["akari",["6",1,2,3]]],[["CH0196",["12",1,2,3]]],[["NP0068",["6",1,2,3]]],[["CFID_6/CharID_171-180",["103"]]]],"天雨亚子":[[["ako",["16",1,2,3]]],[["CH0231",["14",1,2,3]]],[["NP0019",["16",1,2,3]]],[["NP0059",["16",1,2,3]]],[["NP0111",["14",1,2,3]]],[["CFID_4/CharID_173",["57"]]],[["CFID_6/CharID_173-168",["194"]]],[["CFID_6/CharID_173-240",["221"]]],[["CFID_6/CharID_173-169",["160"]]]],"天童爱丽丝":[[["aris",["19",1,2,3]]],[["CH0200",["9",1,2,3]]],[["NP0234",["9",1,2,3]]],[["CFID_2/CharID_94",["25"]]],[["CFID_6/CharID_94-158",["90"]]],[["CFID_6/CharID_94-152",["104"]]],[["CFID_6/CharID_94-235",["286"]]],[["CFID_10/CharID_94-183",["144"]]]],"阿罗娜":[[["arona",["32",1,2,3,9,10,11,12,13,14,15,16]]],[["CFID_3/CharID_10_1",["32"]]],[["CFID_3/CharID_10_2",["32"]]],[["CFID_3/CharID_10_3",["32"]]],[["CFID_6/CharID_10",["27"]]]],"陆八魔阿露":[[["aru",["14",1,2,3]]],[["aru_newyear",["17",1,2,3]]],[["CH0240",["19",1,2,3]]],[["CFID_4/CharID_157",["6"]]],[["CFID_6/CharID_157",["109"]]],[["CFID_10/CharID_157-210",["264"]]]],"一之濑明日奈":[[["asuna",["6",1,2,3]]],[["CH0098",["8",1,2,3]]],[["NP0081",["8",1,2,3]]]],"秤亚津子":[[["atsuko",["1",17,3,[18,"7"],19]]],[["CH0267",["31",1,2,3]]],[["NP0021",["7",1,2,3]]],[["NP0077",["7",34,1,2,3]]],[["CFID_4/CharID_234",["27"]]],[["CFID_6/CharID_234-141",["102"]]]],"奥空绫音":[[["ayane",["16",1,2,3]]],[["ayane_robber",["15",1,2,3]]],[["CH0176",["16",1,2,3]]],[["NP0048",["15",1,2,3]]],[["NP0066",["16",1,2,3]]],[["NP0108",["15",1,2,3]]],[["NP0174",["16",1,2,3]]],[["NP0218",["16",1,2,3]]],[["CFID_4/CharID_225",["37"]]],[["CFID_6/CharID_225-191",["191"]]]],"白洲梓":[[["azusa",["9",1,2,3]]],[["azusa_swimsuit",["8",1,2,3]]],[["NP0001",["9",1,2,3]]],[["NP0002",["9",1,2,3]]],[["NP0020",["9",1,2,3]]],[["CFID_1/CharID_136",["35"]]],[["CFID_6/CharID_136-194",["65"]]],[["CFID_6/CharID_136",["111"]]]],"兔女郎守卫":[[["BunnyGirl_SR",["8",1,2,3]]]],"阿慈谷日富美":[[["CH0058",["10",1,2,3]]],[["hihumi",["12",1,2,3]]],[["hihumi_robber",["6",1,2,3]]],[["NP0005",["6",1,2,3]]],[["NP0006",["6",1,2,3]]],[["CFID_1/CharID_137",["57"]]],[["CFID_6/CharID_137-207",["170"]]],[["CFID_6/CharID_137-142",["85"]]]],"剑先鹤城":[[["CH0060",["10",1,2,3]]],[["NP0058",["14",1,2,3]]],[["NP0223",["14",1,2,3]]],[["tsurugi",["14",1,2,3]]],[["CFID_1/CharID_126",["22"]]]],"空崎日奈":[[["CH0063",["10",1,2,3]]],[["CH0230",["18",1,2,3]]],[["hina",["20",1,2,3]]],[["NP0009",["6",1,2,3]]],[["NP0017",["6",3]]],[["NP0205",["6",1,2,3]]],[["CFID_1/CharID_175",["56"]]],[["CFID_4/CharID_175",["8"]]],[["CFID_6/CharID_175-270",["253"]]],[["CFID_6/CharID_175-147",["99"]]],[["CFID_6/CharID_175-150",["144"]]],[["CFID_6/CharID_175",["106"]]],[["CFID_10/CharID_175-190",["219"]]]],"银镜伊织":[[["CH0064",["10",1,2,3]]],[["iori",["7",1,2,3]]],[["CFID_4/CharID_176",["23"]]],[["CFID_6/CharID_176",["96"]]]],"春原瞬":[[["CH0066",["29",1,2,3]]],[["shun",["14",1,2,3]]],[["CFID_6/CharID_141-216",["325"]]],[["CFID_6/CharID_141",["97"]]]],"圣园未花":[[["CH0069",["29",1,2,3]]],[["CH0294",["28",1,2,3]]],[["NP0041",["29",1,2,3]]],[["NP0100",["29",1,2,3]]],[["NP0101",["29",1,2,3]]],[["NP0102",["29",1,2,3]]],[["CFID_4/CharID_130",["30"]]],[["CFID_6/CharID_130",["298"]]],[["CFID_10/CharID_130-177",["84"]]],[["CFID_10/CharID_130-201",["404"]]]],"百合园圣娅":[[["CH0070",["9",1,2,3]]],[["CH0295",["15",1,2,3]]],[["NP0244",["0",3]]],[["CFID_4/CharID_132",["16"]]],[["CFID_6/CharID_132-215",["188"]]]],"一花":[[["CH0071",["21",1,3]]],[["CH0292",["26",1,3]]],[["NP0222",["21",1,3]]],[["CFID_1/CharID_125",["48"]]],[["CFID_6/CharID_125",["111"]]]],"羽沼真琴":[[["CH0079",["14",1,2,3]]],[["CH0253",["16",1,2,3]]],[["CFID_1/CharID_154",["42"]]],[["CFID_5/CharID_154_OLD",["8"]]],[["CFID_6/CharID_154-192",["146"]]]],"皐月":[[["CH0080",["11",1,2,3]]],[["CFID_5/CharID_153_OLD",["10"]]]],"冰室濑名":[[["CH0082",["6",1,2,3]]],[["sena",["6",1,2,3]]],[["CFID_6/CharID_162",["145"]]],[["CFID_6/CharID_162_0",["123"]]]],"鬼方佳代子":[[["CH0086",["7",1,2,3]]],[["CH0239",["8",1,2,3]]],[["kayoko",["7",1,2,3]]],[["NP0118",["7",1,2,3]]],[["CFID_1/CharID_158",["40"]]],[["CFID_4/CharID_158",["7"]]],[["CFID_10/CharID_158-211",["236"]]]],"伊草遥香":[[["CH0087",["12",1,2,3]]],[["CH0247",["11",1,2,3]]],[["CH0249",["11",1,2,3]]],[["haruka",["13",1,2,3]]],[["CFID_6/CharID_155",["90"]]],[["CFID_6/CharID_155-162",["83"]]],[["CFID_10/CharID_155-208",["158"]]]],"下仓惠":[[["CH0088",["7",1,2,3]]],[["CH0329",["13",1,2,3]]]],"霞":[[["CH0089",["15",1,2,3]]],[["CH0328",["15",1,2,3]]]],"十六夜野宫":[[["CH0092",["22",1,2,3]]],[["nonomi",["19",1,2,3]]],[["nonomi_robber",["6",1,2,3]]],[["NP0044",["19",1,2,3]]],[["NP0067",["22",1,2,3]]],[["NP0171",["7",1,2,3]]],[["NP0176",["19",1,2,3]]],[["NP0195",["7",1,2,3]]],[["CFID_4/CharID_224",["40"]]],[["CFID_4/CharID_224_REPAIR",["17"]]],[["CFID_6/CharID_224-154",["105"]]]],"生盐诺亚":[[["CH0095",["7",1,2,3]]],[["CH0285",["10",1,2,3]]],[["NP0043",["7",1,2,3]]],[["CFID_4/CharID_105",["27"]]],[["CFID_6/CharID_105",["130"]]],[["CFID_6/CharID_105-140",["251"]]],[["CFID_6/CharID_105-269",["207"]]]],"角楯花凛":[[["CH0100",["7",1,2,3]]],[["karin",["6",1,2,3]]],[["NP0082",["8",1,2,3]]],[["CFID_6/CharID_83-182",["102"]]]],"美甘尼禄":[[["CH0101",["9",1,2,3]]],[["CH0280",["24",1,2,3]]],[["neru",["10",1,2,3]]],[["NP0088",["10",1,2,3]]],[["NP0089",["10",1,2,3]]],[["CFID_1/CharID_82",["36"]]],[["CFID_5/CharID_82_OLD",["11"]]],[["CFID_6/CharID_82-143",["171"]]]],"桑上果穗":[[["CH0107",["17",1,2,3]]]],"天地尼娅":[[["CH0109",["14",1,3]]],[["NP0248",["14",1,3]]]],"海夏":[[["CH0110",["18",1,2,3]]],[["CFID_6/CharID_191",["101"]]]],"千鸟满":[[["CH0113",["9",1,2,3]]]],"大野月咏":[[["CH0114",["7",1,2,3]]],[["NP0056",["7",1,2,3]]]],"间宵时雨":[[["CH0123",["9",1,2,3]]],[["shigure",["11",1,2,3]]],[["CFID_6/CharID_213",["55"]]]],"姬木梅露":[[["CH0124",["16",1,2,3]]],[["CH0125",["9",1,2,3]]]],"朱城瑠美":[[["CH0135",["7",1,2,3]]],[["NP0233",["13",1,2,3]]],[["CFID_6/CharID_143-213",["76"]]]],"春原心奈":[[["CH0137",["12",1,2,3]]],[["CFID_6/CharID_140",["118"]]]],"近卫南":[[["CH0138",["16",1,2,3]]]],"龙华妃咲":[[["CH0139",["18",1,2,3]]],[["NP0216",["18",1,2,3]]],[["CFID_1/CharID_148",["53"]]],[["CFID_6/CharID_148-231",["244"]]]],"合欢垣吹雪":[[["CH0141",["10",1,2,3]]],[["CH0261",["14",1,2,3]]],[["NP0219",["16",1,2,3]]]],"空井咲":[[["CH0144",["13",1,2,17,3,[18,"13"],19]]],[["CH0217",["13",1,2,17,3,[18,"13"],19]]],[["NP0072",["13",1,2,17,3,[18,"13"],19]]],[["CFID_6/CharID_2",["95"]]],[["CFID_10/CharID_2-203",["118"]]]],"霞泽美游":[[["CH0145",["12",1,2,3]]],[["CH0218",["12",1,2,17,3,[18,"12"],19]]],[["NP0071",["12",1,2,3]]],[["CFID_6/CharID_3",["143"]]],[["CFID_6/CharID_3_0",["158"]]],[["CFID_10/CharID_3-204",["158"]]]],"苍森美弥":[[["CH0152",["9",1,2,3]]],[["CH0275",["14",1,2,3,[18,"14"]]]],[["CFID_6/CharID_123-145",["119"]]]],"柚鸟夏":[[["CH0155",["7",1,2,3]]],[["CH0221",["10",1,2,3]]],[["NP0057",["7",1,2,3]]],[["NP0228",["13",1,2,3]]],[["CFID_6/CharID_120-179",["126"]]]],"枣伊吕波":[[["CH0156",["7",1,2,3]]],[["CFID_4/CharID_152",["22"]]],[["CFID_6/CharID_152-189",["110"]]]],"梦":[[["CH0157",["21",1,2,3]]],[["NP0166",["21",1,2,3]]],[["CFID_6/CharID_227",["148"]]]],"调月莉音":[[["CH0158",["9",1,2,3]]],[["NP0240",["9",1,2,3]]],[["CFID_0/CharID_106",["2"]]],[["CFID_1/CharID_106",["30"]]],[["CFID_6/CharID_106-271",["240"]]],[["CFID_6/CharID_106",["197"]]]],"明星日鞠":[[["CH0159",["12",1,2,17,3,[18,"12"],19]]],[["NP0112",["12",1,2,3]]],[["NP0161",["12",1,2,3]]],[["CFID_1/CharID_99",["31"]]],[["CFID_6/CharID_99-268",["477"]]],[["CFID_6/CharID_99-229",["442"]]],[["CFID_6/CharID_99",["320"]]]],"各务千寻":[[["CH0160",["6",1,2,3]]],[["CH0234",["11",1,2,3]]],[["CH0313",["11",1,2,3]]],[["CFID_1/CharID_100",["43"]]],[["CFID_1/CharID_100_1",["51"]]],[["CFID_1/CharID_100_2",["56"]]],[["CFID_6/CharID_100-267",["214"]]]],"勘解由小路紫蓠":[[["CH0161",["14",1,2,3]]],[["CH0301",["19",1,2,3]]],[["NP0147",["14",1,2,3]]],[["NP0148",["15",1,2,3]]]],"黑崎小雪":[[["CH0162",["11",1,2,3]]],[["CH0198",["15",1,2,3]]],[["CH0310",["14",1,2,3]]],[["CFID_6/CharID_107-206",["112"]]]],"火宫千夏":[[["CH0163",["9",1,2,3]]],[["chinatsu",["7",1,2,3]]],[["CFID_6/CharID_174-219",["137"]]]],"连河切里诺":[[["CH0164",["9",1,2,17,3,[18,"13"],19]]],[["CH0278",["13",1,2,17,3,[18,"13"],19]]],[["cherino",["6",1,30,2,17,3,[18,"6"],19]]]],"天见和香":[[["CH0165",["36",1,2,3]]],[["nodoka",["7",1,2,3]]],[["CFID_6/CharID_212",["35"]]]],"河驹风兰舞":[[["CH0166",["23",1,2,3]]],[["CH0279",["15",1,2,3]]],[["NP0262",["23",1,2,3]]],[["CFID_6/CharID_33-217",["144"]]]],"宇泽玲纱":[[["CH0167",["18",1,2,3]]],[["CH0326",["24",1,2,3]]],[["CFID_1/CharID_114",["28"]]]],"古关忧":[[["CH0169",["23",1,2,3]]],[["CH0204",["29",1,2,3]]],[["CFID_1/CharID_112",["41"]]],[["CFID_6/CharID_112-167",["183"]]]],"尾刃叶渚":[[["CH0170",["8",1,2,3]]],[["CH0260",["25",1,2,3]]],[["NP0105",["9",1,2,3]]],[["CFID_4/CharID_182",["43"]]]],"七度雪乃":[[["CH0171",["15",1,2,3]]],[["CFID_6/CharID_5",["94"]]],[["CFID_10/CharID_5-195",["193"]]],[["CFID_7/CharID_5",["54"]]]],"妮可":[[["CH0172",["12",1,2,3]]],[["NP0139",["12",1,2,3]]],[["CFID_4/CharID_6",["46"]]],[["CFID_6/CharID_6",["155"]]],[["CFID_10/CharID_6-196",["210"]]]],"胡桃":[[["CH0173",["12",1,2,3]]],[["NP0140",["12",1,2,3]]],[["CFID_6/CharID_7",["129"]]],[["CFID_10/CharID_7-197",["108"]]]],"音葵":[[["CH0174",["16",1,2,3]]],[["NP0141",["16",1,2,3]]],[["CFID_6/CharID_8",["103"]]],[["CFID_10/CharID_8-198",["117"]]]],"狐坂若藻":[[["CH0175",["1",17,3,[18,"15"],19]]],[["NP0014",["8",1,2,3]]],[["wakamo",["1",17,3,[18,"11"],19]]],[["wakamo_mask",[3]]],[["CFID_1/CharID_195",["36"]]]],"爱清枫香":[[["CH0177",["18",1,2,3]]],[["CH0290",["18",1,2,3]]],[["fuuka",["8",1,2,3]]],[["CFID_4/CharID_167",["32"]]],[["CFID_4/CharID_167_REPAIR",["9"]]],[["CFID_6/CharID_167-172",["89"]]],[["CFID_6/CharID_167-155",["112"]]]],"和乐千世":[[["CH0178",["14",1,2,3]]],[["chise",["9",1,2,3]]],[["NP0055",["9",1,2,3]]],[["CFID_1/CharID_207",["44"]]]],"久田泉奈":[[["CH0179",["11",1,2,3]]],[["izuna",["7",1,2,3]]],[["NP0052",["7",1,2,3]]],[["CFID_1/CharID_192",["26"]]],[["CFID_6/CharID_192-199",["74"]]]],"河和静子":[[["CH0180",["9",1,2,3]]],[["NP0053",["6",1,2,3]]],[["shizuko",["6",1,2,3]]],[["CFID_6/CharID_190",["106"]]]],"猫塚响":[[["CH0181",["21",1,2,3]]],[["hibiki",["13",1,2,3]]],[["CFID_6/CharID_88",["87"]]]],"白石歌原":[[["CH0182",["15",1,2,3]]],[["NP0221",["14",1,2,3]]],[["utaha",["7",1,2,3]]],[["CFID_1/CharID_89_1",["47"]]],[["CFID_6/CharID_89-273",["233"]]]],"水羽三森":[[["CH0183",["8",1,2,3]]],[["mimori",["10",1,2,3]]],[["CFID_6/CharID_188",["57"]]]],"早濑优香":[[["CH0184",["15",1,2,3]]],[["CH0284",["20",1,2,3]]],[["NP0109",["7",1,2,3]]],[["yuuka",["7",1,2,3]]],[["CFID_2/CharID_104_1",["20"]]],[["CFID_2/CharID_104_2",["49"]]],[["CFID_4/CharID_104",["18"]]],[["CFID_6/CharID_104-173",["184"]]],[["CFID_6/CharID_104-239",["387"]]],[["CFID_6/CharID_104",["234"]]]],"丰见小鸟":[[["CH0185",["21",1,2,3]]],[["kotori",["6",1,2,3]]],[["NP0069",["6",1,2,3]]],[["CFID_6/CharID_87",["72"]]]],"伊落玛丽":[[["CH0186",["9",1,2,3]]],[["CH0273",["16",1,2,3,[18,"16"]]]],[["mari",["9",1,2,3]]],[["CFID_1/CharID_108",["31"]]],[["CFID_5/CharID_108_OLD",["7"]]]],"飞鸟马时":[[["CH0187",["7",1,2,3]]],[["CH0211",["7",1,2,3]]],[["CH0308",["8",1,2,3]]],[["NP0078",["7",1,2,3]]],[["NP0079",["12",1,2,3]]],[["NP0080",["7",1,2,3]]],[["NP0123",["7",1,2,3]]],[["CFID_9/CharID_84-171",["57"]]],[["CFID_1/CharID_84",["35"]]],[["CFID_1/CharID_84_1",["46"]]],[["CFID_6/CharID_84-166",["89"]]],[["CFID_6/CharID_84-170",["112"]]]],"砂狼白子":[[["CH0188",["6",1,2,3]]],[["NP0046",["6",1,2,3]]],[["NP0064",["6",1,2,3]]],[["NP0124",["17",1,2,3]]],[["NP0172",["7",1,2,3]]],[["shiroko",["17",1,2,3]]],[["shiroko_ridingsuit",["6",1,2,3]]],[["shiroko_robber",["17",1,2,3]]],[["CFID_1/CharID_228",["40"]]],[["CFID_4/CharID_228",["35"]]]],"黑见芹香":[[["CH0189",["17",1,2,3]]],[["NP0047",["13",1,2,3]]],[["NP0065",["17",1,2,3]]],[["NP0175",["13",1,2,3]]],[["NP0217",["14",1,2,3]]],[["serika",["13",1,2,3]]],[["serika_newyear",["14",1,2,3]]],[["serika_robber",["13",1,2,3]]],[["serika_shibaseki",["13",1,2,3]]],[["CFID_4/CharID_230",["112"]]],[["CFID_5/CharID_230_OLD",["14"]]],[["CFID_6/CharID_230-193",["191"]]],[["CFID_6/CharID_230",["124"]]]],"羽川莲见":[[["CH0190",["10",1,2,3]]],[["CH0291",["12",1,2,3]]],[["hasumi",["8",1,2,3]]]],"黑馆晴奈":[[["CH0191",["13",1,2,3]]],[["CH0193",["14",1,2,3]]],[["haruna",["8",1,2,3]]],[["CFID_6/CharID_172-178",["94"]]],[["CFID_6/CharID_172",["76"]]],[["CFID_6/CharID_172_0",["78"]]]],"赤司纯子":[[["CH0192",["17",1,2,3]]],[["NP0049",["15",1,2,3]]],[["zunko",["15",1,2,3]]]],"鹫见芹娜":[[["CH0194",["10",1,2,3]]],[["NP0075",["7",1,2,3]]],[["serina",["6",1,2,3]]],[["CFID_1/CharID_124",["32"]]],[["CFID_6/CharID_124",["95"]]]],"朝颜花绘":[[["CH0195",["9",1,2,3]]],[["hanae",["6",1,2,3]]],[["NP0076",["8",1,2,3]]]],"狮子堂泉":[[["CH0197",["10",1,2,3]]],[["izumi",["9",1,2,3]]],[["izumi_swimsuit",["10",1,2,3]]],[["NP0051",["9",1,2,3]]]],"砂狼白子？":[[["CH0199",["8",1,2,3]]],[["CH0263",["8",1,2,3]]],[["NP0125",["8",1,2,3]]],[["NP0231",["8",1,2,3]]],[["NP0232",["8",1,2,3]]],[["CFID_1/CharID_229",["29"]]]],"才羽桃井":[[["CH0201",["11",1,2,3]]],[["momoi",["8",1,2,3]]],[["NP0235",["27",1,2,3]]],[["CFID_6/CharID_95-163",["141"]]],[["CFID_6/CharID_95-236",["276"]]],[["CFID_6/CharID_95",["98"]]],[["CFID_10/CharID_95-184",["78"]]]],"才羽绿":[[["CH0202",["13",1,2,3]]],[["midori",["10",1,2,3]]],[["NP0236",["19",1,2,3]]],[["CFID_6/CharID_96-164",["87"]]],[["CFID_6/CharID_96-237",["287"]]],[["CFID_6/CharID_96",["78"]]],[["CFID_10/CharID_96-185",["70"]]]],"花冈柚子":[[["CH0203",["10",1,2,3]]],[["NP0237",["14",1,2,3]]],[["yuzu",["8",1,2,3]]],[["NP0126",[3]]],[["CFID_6/CharID_97-159",["65"]]],[["CFID_6/CharID_97-238",["277"]]],[["CFID_6/CharID_97",["69"]]],[["CFID_10/CharID_97-186",["88"]]]],"下江小春":[[["CH0205",["20",1,2,3]]],[["koharu",["12",1,2,3]]],[["NP0007",["12",1,2,3]]],[["NP0008",["12",1,2,3]]],[["CFID_4/CharID_134",["40"]]],[["CFID_6/CharID_134",["134"]]]],"浦和花子":[[["CH0209",["9",1,2,3]]],[["hanako",["6",1,2,3]]],[["NP0003",["6",1,2,3]]],[["NP0004",["6",1,2,3]]],[["NP0110",["6",1,2,3]]],[["NP0151",["9",1,2,3]]],[["CFID_4/CharID_135",["30"]]],[["CFID_6/CharID_135",["108"]]],[["CFID_6/CharID_135-139",["204"]]]],"若叶日向":[[["CH0210",["12",1,2,3]]],[["hinata",["6",1,2,3]]],[["CFID_6/CharID_111-146",["74"]]]],"清澄晶":[[["CH0212",["14",1,2,17,3,[18,"14"],19]]],[["CH0323",["15",1,2,3]]],[["CFID_6/CharID_117",["107"]]]],"申谷启":[[["CH0213",["13",1,2,3]]],[["NP0251",["13",1,2,3]]],[["CFID_6/CharID_139-157",["64"]]]],"安守实梨":[[["CH0214",["9",1,2,3]]],[["minori",["9",1,2,3]]],[["CFID_6/CharID_216",["35"]]],[["CFID_6/CharID_216-148",["126"]]]],"月雪宫子":[[["CH0215",["11",1,2,17,3,[18,"11"],19]]],[["miyako",["12",1,2,3]]],[["NP0070",["10",1,2,3]]],[["CFID_1/CharID_0",["33"]]],[["CFID_5/CharID_0_OLD",["7"]]],[["CFID_6/CharID_0",["35"]]],[["CFID_10/CharID_0-202",["151"]]]],"风仓萌绘":[[["CH0216",["13",1,2,17,3,[18,"13"],19]]],[["moe",["18",1,2,3]]],[["NP0073",["18",1,2,3]]],[["CFID_6/CharID_4",["135"]]],[["CFID_10/CharID_4-205",["212"]]]],"和泉元艾米":[[["CH0219",["8",1,2,3]]],[["eimi",["6",1,2,3]]],[["CFID_6/CharID_98",["64"]]]],"伊原木好美":[[["CH0220",["11",1,2,3]]],[["NP0225",["24",1,2,3]]],[["yoshimi",["10",1,2,3]]]],"御稜名草":[[["CH0222",["17",1,2,3]]],[["CH0303",["14",1,2,3]]],[["CFID_5/CharID_202_OLD",["10"]]],[["CFID_6/CharID_202-176",["147"]]],[["CFID_6/CharID_202-212",["262"]]]],"七稜菖蒲":[[["CH0223",["29",1,2,3]]],[["NP0206",["33",1,2,3]]],[["NP0229",["33",1,2,3]]]],"不破莲华":[[["CH0224",["15",1,2,3]]],[["CH0302",["26",1,2,3]]]],"桐生桔梗":[[["CH0225",["16",1,2,3]]],[["CH0300",["24",1,2,3]]],[["CFID_1/CharID_203",["37"]]]],"雏芥子":[[["CH0226",["18",1,2,3]]]],"箭吹棕榈":[[["CH0227",["24",1,2,3]]]],"荒槙八云":[[["CH0228",["13",1,2,3]]],[["CFID_6/CharID_215-175",["47"]]]],"三善贵音":[[["CH0229",["18",1,2,3]]]],"音濑小玉":[[["CH0232",["12",1,2,3]]],[["CH0314",["16",1,2,3]]],[["kotama",["6",1,2,3]]],[["CFID_1/CharID_103",["64"]]],[["CFID_1/CharID_103_1",["47"]]],[["CFID_1/CharID_103_2",["134"]]]],"小钩晴":[[["CH0233",["14",1,2,3]]],[["CH0311",["14",1,2,3]]],[["hare",["6",1,2,3]]],[["CFID_1/CharID_102",["21"]]],[["CFID_1/CharID_102_1",["45"]]],[["CFID_1/CharID_102_2",["40"]]]],"小涂真纪":[[["CH0235",["12",1,2,3]]],[["CH0312",["13",1,2,3]]],[["maki",["7",1,2,3]]],[["NP0050",["7",1,2,3]]],[["CFID_1/CharID_101",["25"]]],[["CFID_1/CharID_101_1",["35"]]],[["CFID_1/CharID_101_2",["59"]]]],"新":[[["CH0236",["12",1,2,3]]],[["NP0254",["12",1,2,3]]],[["NP0266",[3]]]],"元宫千秋":[[["CH0238",["14",1,2,3]]],[["CFID_6/CharID_151",["150"]]],[["CFID_7/CharID_151",["24"]]]],"小鸟游星野":[[["CH0241",["46",1,2,3]]],[["CH0258",["39",1,2,17,3,[18,"39"],19]]],[["hoshino",["17",1,2,3]]],[["hoshino_robber",["6",1,2,3]]],[["hoshino_swimsuit",["21",1,2,3]]],[["NP0045",["17",1,2,3]]],[["NP0063",["21",1,2,3]]],[["NP0167",["46",1,2,3]]],[["NP0173",["27",1,2,3]]],[["NP0179",["39",1,2,17,3,[18,"39"],19]]],[["NP0204",["27",1,2,3]]],[["NP0186",[3]]],[["CFID_4/CharID_226",["29"]]],[["CFID_4/CharID_226_REPAIR",["18"]]],[["CFID_6/CharID_226-228",["240"]]],[["CFID_6/CharID_226-230",["232"]]]],"橘光":[[["CH0242",["17",1,2,3]]],[["CFID_6/CharID_178-160",["118"]]]],"橘望":[[["CH0243",["19",1,2,3]]],[["CFID_6/CharID_179-161",["92"]]]],"朝霧苏枋":[[["CH0244",["11",1,2,3]]],[["NP0177",["11",1,2,3]]],[["NP0178",["11",1,2,3]]],[["CFID_6/CharID_181-174",["91"]]]],"野正玲":[[["CH0245",["19",1,2,3]]]],"浅黄睦月":[[["CH0246",["11",1,2,3]]],[["CH0248",["10",1,2,3]]],[["mutsuki",["13",1,2,3]]],[["mutsuki_newyear",["9",1,2,3]]],[["CFID_4/CharID_156",["54"]]],[["CFID_6/CharID_156",["57"]]],[["CFID_6/CharID_156-218",["57"]]],[["CFID_10/CharID_156-209",["104"]]]],"杏山和纱":[[["CH0250",["18",1,2,3]]],[["kazusa",["13",1,2,3]]],[["NP0226",["19",1,2,3]]],[["CFID_4/CharID_119",["73"]]],[["CFID_5/CharID_119_OLD",["8"]]]],"椎名䌷":[[["CH0252",["12",1,2,3]]]],"伊吹":[[["CH0254",["11",1,2,3]]],[["ibuki",["17",1,2,3]]],[["CFID_6/CharID_150-200",["228"]]],[["CFID_6/CharID_150-188",["79"]]]],"春日椿":[[["CH0255",["10",1,2,3]]],[["Tsubaki",["10",1,2,3]]],[["CFID_6/CharID_187-233",["63"]]]],"勇美枫":[[["CH0256",["15",1,2,3]]],[["kaede",["15",1,2,3]]],[["NP0054",["15",1,2,3]]]],"朝比奈菲娜":[[["CH0257",["9",1,2,3]]],[["pina",["8",1,2,3]]]],"锭前纱织":[[["CH0259",["16",1,2,17,3,[18,"16"],19]]],[["CH0266",["15",1,2,20,3,[18,"15"],19]]],[["NP0012",["28",1,2,17,3,[18,"28"],19]]],[["NP0164",["16",1,2,3]]],[["saori",["28",1,2,17,3,[18,"28"],19]]],[["NP0103",[3]]],[["CFID_6/CharID_235",["141"]]],[["CFID_6/CharID_235_0",["136"]]]],"中务桐乃":[[["CH0262",["13",1,2,3]]],[["kirino",["9",1,2,3]]],[["NP0220",["13",1,2,3]]],[["CFID_5/CharID_184_OLD",["8"]]],[["CFID_6/CharID_184-181",["92"]]]],"心华":[[["CH0264",["19",1,2,3]]]],"栗滨明美":[[["CH0265",["16",1,2,3]]]],"戒野美咲":[[["CH0268",["10",1,2,3]]],[["misaki",["19",1,2,17,3,[18,"19"],19]]],[["CFID_1/CharID_232",["45"]]],[["CFID_1/CharID_232_1",["81"]]]],"槌永日和":[[["CH0269",["17",1,2,3]]],[["hiyori",["11",1,2,3]]],[["CFID_1/CharID_233",["30"]]],[["CFID_6/CharID_233-149",["122"]]]],"池仓玛利娜":[[["CH0270",["12",1,2,3]]],[["marina",["12",1,2,3]]],[["CFID_5/CharID_222_OLD",["8"]]]],"佐城智惠":[[["CH0271",["11",1,2,3]]],[["tomoe",["6",1,2,3]]]],"漆原辉夜":[[["CH0272",["20",1,2,3]]],[["NP0242",[3]]]],"歌住樱子":[[["CH0274",["20",1,2,3,[18,"20"]]]],[["NP0090",["13",1,2,3]]],[["sakurako",["13",1,2,3]]],[["CFID_1/CharID_110",["20"]]],[["CFID_5/CharID_110_OLD",["7"]]]],"土生蓟":[[["CH0276",["37",1,2,3]]],[["CH0289",["20",1,2,3]]]],"笑面教授":[[["CH0277",["24",1,2,3]]],[["CFID_6/CharID_237",["83"]]]],"未来":[[["CH0283",["23",1,2,3]]]],"牛牧茱莉":[[["CH0286",["12",1,2,3]]],[["juri",["12",1,2,3]]]],"乙花堇":[[["CH0287",["11",1,2,3]]],[["NP0061",["13",1,2,3]]],[["sumire",["13",1,2,3]]]],"内海青叶":[[["CH0288",["28",1,2,3]]]],"桐藤渚":[[["CH0293",["20",1,2,17,3,[18,"20"],19]]],[["nagisa",["24",1,2,3]]],[["CFID_1/CharID_131",["32"]]],[["CFID_4/CharID_131",["9"]]],[["CFID_5/CharID_131_OLD",["11"]]],[["CFID_6/CharID_131",["236"]]],[["CFID_6/CharID_131-214",["443"]]],[["CFID_10/CharID_131-187",["88"]]]],"白尾绘里":[[["CH0304",["24",1,2,17,3,[18,"24"],19]]],[["CFID_6/CharID_252-232",["719"]]]],"衣斐莱娜":[[["CH0305",["29",1,2,3]]]],"板垣庚":[[["CH0306",["23",1,2,3]]]],"梯昴":[[["CH0309",["27",1,2,3]]]],"裕美":[[["CH0316",["17",1,2,3]]]],"美代":[[["CH0317",["37",1,2,3]]],[["CFID_6/CharID_250-227",["39"]]]],"若狭冬优":[[["CH0318",["34",1,2,3]]]],"薄叶律":[[["CH0319",["30",1,2,3]]]],"立木迈亚":[[["CH0324",["22",1,2,3]]]],"守月铃美":[[["CH0325",["23",1,2,3]]],[["suzumi",["6",1,2,3]]],[["CFID_1/CharID_115",["24"]]],[["CFID_8/CharID_115-165",["124"]]]],"圆堂志美子":[[["CH0327",["20",1,2,3]]],[["shimiko",["6",1,2,3]]],[["CFID_6/CharID_113-156",["71"]]]],"佐天泪子":[[["CH9996",["14",1,2,3]]]],"食蜂操祈":[[["CH9997",["11",1,2,3]]],[["NP0169",["11",1,2,3]]]],"御坂美琴":[[["CH9998",["18",1,2,3]]]],"初音未来":[[["CH9999",["14",1,2,3]]]],"市民":[[["citizen_borot1",["11",1,2,3]]],[["citizen_animal1",["0"]],["Citizen_animal5",[3]],["Citizen_animal5_eyepatch",[3]],["Citizen_animal6",[3]],["Citizen_animal6_bandagespr",[3]],["Citizen_animal7",[3]],["citizen_borot2",["0"]],["engineer_animal3",["0"]],["market_animal2",["0"]],["NP0086",[3]],["NP0087",[3]],["NP0092",["2",3]],["NP0093",["2",3]],["NP0094",["2",3]],["NP0132",[3]],["NP0133",[3]],["NP0135",[3]],["NP0136",[3]],["NP0203",[3]],["NP0247",[3]]]],"玄武商会成员":[[["Cook_GenbuStore_SG",["8",1,2,3]]]],"旗见艾丽卡":[[["erika",["15",1,2,3]]],[["CFID_5/CharID_159_OLD",["6"]]],[["CFID_6/CharID_159",["115"]]]],"风纪委员会成员":[[["fuuki_normal1",["8",1,2,3]]]],"正以实现委员会成员":[[["Justice_normal1",["7",1,3]]],[["NP0060",["7",1,3]]]],"绮良良":[[["kirara",["11",1,2,3]]],[["CFID_5/CharID_160_OLD",["13"]]],[["CFID_6/CharID_160",["77"]]]],"舞":[[["mai",["6",1,2,3]]]],"静山真白":[[["mashiro",["6",1,2,3]]],[["mashiro_swimsuit",["7",1,2,3]]],[["NP0062",["6",1,2,3]]]],"秋泉红叶":[[["momiji",["7",1,2,3]]]],"由良木桃香":[[["momoka",["47",1,2,3]]],[["NP0098",["11",1,2,3]]]],"岩柜步梦":[[["NP0013",["15",1,2,3]]],[["NP0099",["15",1,2,3]]]],"不知火花耶":[[["NP0015",["23",1,2,3]]],[["CFID_6/CharID_69-151",["243"]]]],"茶会成员":[[["NP0022",["7",1,2,3]]],[["NP0028",["7",1,2,3]]]],"救急医学部成员":[[["NP0023",["7",1,2,3]]]],"圣三一学生":[[["NP0024",["8",1,2,3]]]],"修女会成员":[[["NP0025",["7",1,2,3]]]],"格黑娜学生":[[["NP0026",["8",1,2,3]]]],"万魔殿成员":[[["NP0027",["7",1,2,3]]]],"马路库特":[[["NP0030",["6",1,2,3]]],[["NP0119",["6",1,2,3]]],[["CFID_6/CharID_244",["154"]]]],"笛卡尔":[[["NP0031",["6",3]]],[["NP0142",["6",3]]]],"扇喜葵":[[["NP0032",["7",1,2,3]]]],"灰音":[[["NP0033",["20",1,2,3]]]],"普拉娜":[[["NP0035",["20",1,30,2,3,9,10,12,13,14,15,16,31,32,33,35,36]]],[["CFID_6/CharID_9",["27"]]]],"千年学生":[[["NP0036",["7",1,3]]],[["NP0084",["13",1,2,3]]],[["CFID_6/CharID_92",["73"]]]],"李":[[["NP0037",["11",1,2,3]]]],"葛叶":[[["NP0038",["11",1,2,3]]]],"联邦学生会长":[[["NP0040",["24",1,2,3]]],[["CFID_6/CharID_76",["386"]]]],"七神凛":[[["NP0097",["16",1,2,3]]],[["rin",["44",1,2,17,3,[18,"44"],19]]],[["CFID_4/CharID_68",["2"]]]],"联邦学生会成员":[[["NP0106",["8",1,3]]],[["NP0107",["8",1,3]]]],"玄龙门成员":[[["NP0121",["7",1,2,3]]]],"无":[[["NP0129",["16",1,2,3]]]],"限":[[["NP0130",["15",1,2,3]]]],"光":[[["NP0131",["17",1,3]]]],"瓦尔基里学生":[[["NP0134",["9",1,3]]],[["Police_Valkyrie_SG",["9",1,2,3]]]],"乘务员":[[["NP0138",["10",1,3]]],[["NP0158",["9",1,3]]],[["NP0159",["7",1,3]]]],"百鬼夜行学生":[[["NP0149",["7",3]]],[["NP0150",["6",3]]],[["NP0156",["6",1,3]]],[["NP0182",["7",1,2,3]]],[["NP0255",["7",3]]]],"山海经学生":[[["NP0152",["6",3]]],[["NP0157",["6",1,3]]]],"黑帮学生":[[["NP0181",["7",3]]]],"Kei":[[["NP0241",["25",2,3]]],[["CFID_2/CharID_93",["8"]]],[["CFID_2/CharID_93_1",["11"]]],[["CFID_2/CharID_93_2",["8"]]],[["CFID_2/CharID_93_3",["31"]]],[["CFID_6/CharID_93-153",["115"]]],[["CFID_6/CharID_93-234",["304"]]]],"混混":[[["NP0245",["6",1,3]]],[["NP0246",["14",1,2,3]]],[["schoolGirl01_SukebanSwim_SMG",["6",1,2,3]]],[["schoolGirl02_SukebanSwim_MG",["6",1,2,3]]],[["sukeban_HMG",["6",1,2,3]]],[["sukeban_SMG",["6",1,2,3]]],[["sukeban_SR",["6",1,2,3]]]],"舍监队成员":[[["NP0252",["8",1,3]]],[["NP0253",["9",1,3]]]],"阿里乌斯学生":[[["NP0256",["11",1,3]]],[["NP0257",["9",1,3]]],[["Arius_GL1",[3]]]],"鹿山丽情":[[["reizyo",["18",1,2,3]]],[["CFID_5/CharID_145_OLD",["10"]]]],"药子纱绫":[[["saya",["7",1,2,3]]],[["saya_casual",["6",1,2,3]]],[["CFID_6/CharID_142-144",["82"]]]],"川流诗乃":[[["shinon",["8",1,2,3]]]],"温泉开发部成员":[[["Soldier_OnsenDev_RL",["6",1,3]]]],"空":[[["sora",["27",1,2,3]]]],"打工学生":[[["yoheki_normal1",["8",3]]]],"工务部成员":[[["yoheki_redwinter1",["8",3]]]],"魑魅一座成员":[[["Yukata_StreetGhostes_RL",["6",3]]],[["Yukata_StreetGhostes_MG",[3]]]],"自动机器人":[[["Automata_Decagrammaton1",[3]],["Automata_Kurokamegumi1",[3]],["Automata_PMC1",[3]],["robot2_division",[3]]]],"黑服":[[["blacksuit",["0"]],["NP0113",[3]]]],"头盔团成员":[[["helmetdan_black1",["0"]],["helmetdan_red1",["0"]],["NP0143",[3]]]],"回转寿司战队":[[["kaitenranger_black",[3]],["kaitenranger_green",[3]],["kaitenranger_pink",[3]],["kaitenranger_red",[3]],["kaitenranger_yellow",[3]]]],"巨匠":[[["Maestro",[3]],["NP0114",[3]]]],"戈尔孔达":[[["NP0011",[3]]]],"油桶":[[["NP0018",[3]]]],"贝阿朵莉切":[[["NP0029",["2",3]]]],"凯撒PMC理事":[[["NP0034",[3]],["pmcdirector",[3]]]],"无名祭祀":[[["NP0042",[3]]]],"尤斯蒂娅圣徒会":[[["NP0074",[3]],["NP0137",[3]],["Yustina_SR1",[3]]]],"AMAS":[[["NP0085",[3]],["NP0122",[3]]]],"无名机器人":[[["NP0091",["2",3]]]],"普雷纳帕特斯":[[["NP0095",[3]]]],"凯撒总裁":[[["NP0096",[3]]]],"凯撒PMC将军":[[["NP0104",[3]]]],"弗朗西斯":[[["NP0115",[3]]]],"凯撒特种部队":[[["NP0116",[3]]]],"幻魉百物语":[[["NP0160",[3]]]],"无面之形代":[[["NP0163",[3]]]],"地下生活者":[[["NP0165",[3]]]],"黑帮机器人":[[["NP0180",[3]]]],"京剧部成员":[[["NP0207",[3]],["NP0208",[3]]]],"黑影涂鸦":[[["NP0250",[3]]]],"NP0263":[[["NP0263",["0",3]]]],"佩洛洛":[[["peroro",[3]]]],"亲卫队员":[[["royalguard_redwinter1",[3]]]],"柴大将":[[["shibasekimaster",["0"]]]],"雷酱":[[["utahaturret",[3]]]],"index":["","99","Eye_Close_01","Idle_01","animation","Dev_LookEnd_01_M","Dev_Look_01_M","Dev_PatEnd_01_M","Dev_Pat_01_M","LookEnd_01_A","LookEnd_01_M","Look_01_A","Look_01_M","PatEnd_01_A","PatEnd_01_M","Pat_01_A","Pat_01_M","Eye_Close_S2_01","S2","S2_99","Eye_Close_S2_1","Dev_Eye","Dev_Halo_angry","Dev_Halo_depressed","Dev_Halo_happy","Dev_Halo_love","Dev_Halo_normal","Dev_Halo_suprise","Dev_set2","Dev_Set_All","Dummy","Set_Front","Set_Left","Set_Right","98","S_Look_01_all","S_Pat_01_M_all"],"废案学生":[[["CFID_5/CharID_40_1_OLD",["11"]]],[["CFID_5/CharID_40_2_OLD",["10"]]],[["CFID_5/CharID_40_3_OLD",["15"]]],[["CFID_5/CharID_40_4_OLD",["7"]]],[["CFID_5/CharID_40_5_OLD",["7"]]],[["CFID_5/CharID_40_6_OLD",["9"]]]],"老师":[[["CFID_6/CharID_30-272",["45"]]]]}