{"CHAT":[{"content":"没有工业痕迹的岛，夜晚能观测到的星星很多","replyDepth":0,"type":"info","sCharacter":{"no":0,"index":1}},{"content":"但是我睡不着，却不是因为想要看星星","replyDepth":0,"type":"info","sCharacter":{"no":0,"index":1}},{"content":"“哗啦—”","replyDepth":0,"type":"info","sCharacter":{"no":0,"index":1}},{"content":"老师掀开帐篷的声音很轻，但我还是听到了","replyDepth":0,"type":"info","sCharacter":{"no":0,"index":1}},{"content":"怎么了…","replyDepth":0,"type":"chat","sCharacter":{"no":0,"index":1}},{"content":"老师也睡不着吗…","replyDepth":0,"type":"chat","sCharacter":{"no":0,"index":1}},{"content":"老师似乎对我还醒着感到有些意外","replyDepth":0,"type":"info","sCharacter":{"no":0,"index":1}},{"content":"佳代子…？","replyDepth":0,"type":"chat","sCharacter":{"no":"老师","index":"Sensei"}},{"content":"你也没睡吗…？","replyDepth":0,"type":"chat","sCharacter":{"no":"老师","index":"Sensei"}},{"content":"我从坐着的石头上挪开，留出老师的位置","replyDepth":0,"type":"info","sCharacter":{"no":"老师","index":"Sensei"}},{"content":"老师也不推辞，就这样坐在这了我旁边","replyDepth":0,"type":"info","sCharacter":{"no":"老师","index":"Sensei"}},{"content":"要听歌吗？","replyDepth":0,"type":"chat","sCharacter":{"no":0,"index":1}},{"content":"好","replyDepth":0,"type":"chat","sCharacter":{"no":"老师","index":"Sensei"}},{"content":"我拿下一只耳机给老师戴上","replyDepth":0,"type":"info","sCharacter":{"no":"老师","index":"Sensei"}},{"content":"很舒缓的纯音乐呢…","replyDepth":0,"type":"chat","sCharacter":{"no":"老师","index":"Sensei"}},{"content":"佳代子有心事吗…？","replyDepth":0,"type":"chat","sCharacter":{"no":"老师","index":"Sensei"}},{"content":"不要以为我不在听重金属就是有心事好不好…","replyDepth":0,"type":"chat","sCharacter":{"no":0,"index":1}},{"file":"GameData/BLDA/CharFace/kayoko/6.webp","content":"CharFace","replyDepth":0,"type":"image","sCharacter":{"no":"0","index":"1"},"isFirst":false,"name":"","isLeft":false,"isCenter":false,"isRight":true,"is_breaking":false,"time":"","style":false},{"content":"……","replyDepth":0,"type":"chat","sCharacter":{"no":"老师","index":"Sensei"}},{"content":"所以确实有心事对么","replyDepth":0,"type":"chat","sCharacter":{"no":"老师","index":"Sensei"}},{"content":"总是在这种地方这么敏锐吗…","replyDepth":0,"type":"info","sCharacter":{"no":"老师","index":"Sensei"}},{"content":"算是…","replyDepth":0,"type":"chat","sCharacter":{"no":0,"index":1}},{"file":"GameData/BLDA/CharFace/kayoko/3.webp","content":"CharFace","replyDepth":0,"type":"image","sCharacter":{"no":"0","index":"1"},"isFirst":false,"name":"","isLeft":false,"isCenter":false,"isRight":true,"is_breaking":false,"time":"","style":false},{"content":"能跟老师聊聊吗？","replyDepth":0,"type":"chat","sCharacter":{"no":"老师","index":"Sensei"}},{"content":"我深吸了一口气","replyDepth":0,"type":"info","sCharacter":{"no":"老师","index":"Sensei"}},{"content":"现在不说开的话…以后大概也没机会了吧…","replyDepth":0,"type":"info","sCharacter":{"no":"老师","index":"Sensei"}},{"content":"老师，我问你","replyDepth":0,"type":"chat","sCharacter":{"no":0,"index":1}},{"content":"春香是不是做噩梦了","replyDepth":0,"type":"chat","sCharacter":{"no":0,"index":1}},{"content":"……","replyDepth":0,"type":"chat","sCharacter":{"no":"老师","index":"Sensei"}},{"content":"你怎么知道…","replyDepth":0,"type":"chat","sCharacter":{"no":"老师","index":"Sensei"}},{"content":"以前…春香在便利屋睡的时候也经常做噩梦","replyDepth":0,"type":"chat","sCharacter":{"no":0,"index":1}},{"content":"她虽然不说，但是我们都猜得到","replyDepth":0,"type":"chat","sCharacter":{"no":0,"index":1}},{"content":"她大概是…又梦见了被霸凌的事…","replyDepth":0,"type":"chat","sCharacter":{"no":0,"index":1}},{"content":"她连你们都不说吗…","replyDepth":0,"type":"chat","sCharacter":{"no":"老师","index":"Sensei"}},{"content":"她也连您都不说…","replyDepth":0,"type":"chat","sCharacter":{"no":0,"index":1}},{"content":"她就是这样","replyDepth":0,"type":"chat","sCharacter":{"no":0,"index":1}},{"content":"觉得自己不配得到大家的关爱","replyDepth":0,"type":"chat","sCharacter":{"no":0,"index":1}},{"content":"就连事出有因她都拒绝","replyDepth":0,"type":"chat","sCharacter":{"no":0,"index":1}},{"content":"更不用说…单纯是因为喜欢而无条件给予的关爱","replyDepth":0,"type":"chat","sCharacter":{"no":0,"index":1}},{"content":"……","replyDepth":0,"type":"chat","sCharacter":{"no":"老师","index":"Sensei"}},{"content":"老师","replyDepth":0,"type":"chat","sCharacter":{"no":0,"index":1}},{"content":"您对春香有着什么样的感情","replyDepth":0,"type":"chat","sCharacter":{"no":0,"index":1}},{"content":"……","replyDepth":0,"type":"chat","sCharacter":{"no":"老师","index":"Sensei"}},{"content":"春香是我很重要的学生…","replyDepth":0,"type":"chat","sCharacter":{"no":"老师","index":"Sensei"}},{"content":"我想听实话","replyDepth":0,"type":"chat","sCharacter":{"no":0,"index":1}},{"content":"老师挠挠头，似乎在犹豫什么","replyDepth":0,"type":"info","sCharacter":{"no":0,"index":1}},{"content":"您不用担心…这不会改变什么","replyDepth":0,"type":"chat","sCharacter":{"no":0,"index":1}},{"content":"老师闭上了眼，似乎已经做了决定","replyDepth":0,"type":"info","sCharacter":{"no":0,"index":1}},{"content":"我也识相地不去看他","replyDepth":0,"type":"info","sCharacter":{"no":0,"index":1}},{"content":"我…大概是喜欢上春香了…","replyDepth":0,"type":"chat","sCharacter":{"no":"老师","index":"Sensei"}},{"file":"GameData/BLDA/CharFace/kayoko/3.webp","content":"CharFace","replyDepth":0,"type":"image","sCharacter":{"no":"0","index":"1"},"isFirst":false,"name":"","isLeft":false,"isCenter":false,"isRight":true,"is_breaking":false,"time":"","style":false},{"content":"果然","replyDepth":0,"type":"chat","sCharacter":{"no":0,"index":1}},{"content":"把大概去掉吧","replyDepth":0,"type":"chat","sCharacter":{"no":0,"index":1}},{"content":"您就是喜欢她","replyDepth":0,"type":"chat","sCharacter":{"no":0,"index":1}},{"content":"佳代子是怎么看出来的…？","replyDepth":0,"type":"chat","sCharacter":{"no":"老师","index":"Sensei"}},{"content":"本来我也觉得只是我自己的猜测…","replyDepth":0,"type":"chat","sCharacter":{"no":0,"index":1}},{"content":"但是搭帐篷的时候","replyDepth":0,"type":"chat","sCharacter":{"no":0,"index":1}},{"content":"阿露也跟我提到","replyDepth":0,"type":"chat","sCharacter":{"no":0,"index":1}},{"content":"说您特别照顾春香","replyDepth":0,"type":"chat","sCharacter":{"no":0,"index":1}},{"content":"哈哈…","replyDepth":0,"type":"chat","sCharacter":{"no":"老师","index":"Sensei"}},{"content":"连阿露也看出来了吗","replyDepth":0,"type":"chat","sCharacter":{"no":"老师","index":"Sensei"}},{"content":"这么说睦月也…","replyDepth":0,"type":"chat","sCharacter":{"no":"老师","index":"Sensei"}},{"content":"您喜欢春香是好事","replyDepth":0,"type":"chat","sCharacter":{"no":0,"index":1}},{"content":"但是我也会有一些担心","replyDepth":0,"type":"chat","sCharacter":{"no":0,"index":1}},{"content":"您真的…可以保护好春香吗","replyDepth":0,"type":"chat","sCharacter":{"no":0,"index":1}},{"file":"GameData/BLDA/CharFace/kayoko/2.webp","content":"CharFace","replyDepth":0,"type":"image","sCharacter":{"no":"0","index":"1"},"isFirst":false,"name":"","isLeft":false,"isCenter":false,"isRight":true,"is_breaking":false,"time":"","style":false},{"content":"我相信我可以…","replyDepth":0,"type":"chat","sCharacter":{"no":"老师","index":"Sensei"}},{"content":"我会…","replyDepth":0,"type":"chat","sCharacter":{"no":"老师","index":"Sensei"}},{"content":"给她第二个家","replyDepth":0,"type":"chat","sCharacter":{"no":"老师","index":"Sensei"}},{"file":"GameData/BLDA/CharFace/kayoko/3.webp","content":"CharFace","replyDepth":0,"type":"image","sCharacter":{"no":"0","index":"1"},"isFirst":false,"name":"","isLeft":false,"isCenter":false,"isRight":true,"is_breaking":false,"time":"","style":false},{"content":"您都这样说了…我还能说什么呢…","replyDepth":0,"type":"chat","sCharacter":{"no":0,"index":1}},{"content":"我拿下了老师的耳机，戴回自己耳朵上","replyDepth":0,"type":"info","sCharacter":{"no":0,"index":1}},{"content":"佳代子…你…","replyDepth":0,"type":"chat","sCharacter":{"no":"老师","index":"Sensei"}},{"content":"嘘……","replyDepth":0,"type":"chat","sCharacter":{"no":0,"index":1}},{"content":"萤火虫在聚集呢，我们也该睡了…","replyDepth":0,"type":"chat","sCharacter":{"no":0,"index":1}},{"content":"晚安…老师","replyDepth":0,"type":"chat","sCharacter":{"no":0,"index":1}},{"content":"我转过身去，藏好自己的表情","replyDepth":0,"type":"info","sCharacter":{"no":0,"index":1}},{"content":"晚安，佳代子…","replyDepth":0,"type":"chat","sCharacter":{"no":"老师","index":"Sensei"}},{"content":"他或许伸出了手，想留住我","replyDepth":0,"type":"info","sCharacter":{"no":"老师","index":"Sensei"}},{"content":"但我更愿意觉得这只是我的幻想罢了","replyDepth":0,"type":"info","sCharacter":{"no":"老师","index":"Sensei"}}],"MoeTalk":"6-9"}