{"CHAT":[{"file":"GameData/BLDA/CharFace/CH0306/6.webp","content":"CharFace","replyDepth":0,"type":"image","sCharacter":{"no":"板垣庚","index":"CH0306_BG"},"isFirst":false},{"content":"难道是很高阶的恶魔... ？","replyDepth":0,"type":"chat","sCharacter":{"no":"板垣庚","index":"CH0306_BG"},"isFirst":false,"file":""},{"content":"嘎... ","replyDepth":0,"type":"chat","sCharacter":{"no":"custom-250826-160601","index":"custom-250826-160601"},"isFirst":true,"file":""},{"content":"呜喵... ","replyDepth":0,"type":"chat","sCharacter":{"no":"custom-250826-160535","index":"custom-250826-160535"},"isFirst":true,"file":""},{"content":"没想到人生第一次遭遇恶魔就遇到这么厉害的吗？","replyDepth":0,"type":"chat","sCharacter":{"no":"椎名䌷","index":"CH0252_BG"},"file":"","name":"","time":"","is_breaking":false,"isFirst":true,"isLeft":false,"isCenter":false,"isRight":false,"style":false},{"file":"GameData/BLDA/CharFace/CH0252/4.webp","content":"CharFace","replyDepth":0,"type":"image","sCharacter":{"no":"椎名䌷","index":"CH0252_BG"},"isFirst":false},{"content":"老师，老师，我们怎么办啊！！","replyDepth":0,"type":"chat","sCharacter":{"no":"衣斐莱娜","index":"CH0305_BG"},"isFirst":true,"file":""},{"content":"我，啊，对了！","replyDepth":0,"type":"chat","sCharacter":{"no":0,"index":"1"},"isFirst":true,"file":""},{"content":"我马上呼救支援！！","replyDepth":0,"type":"chat","sCharacter":{"no":0,"index":"1"},"isFirst":false,"file":""},{"content":"老师从口袋里拿出自己的平板电脑","replyDepth":0,"type":"info","sCharacter":{"no":0,"index":"1"},"isFirst":true,"file":""},{"content":"阿罗娜，喂，阿罗娜！","replyDepth":0,"type":"chat","sCharacter":{"no":0,"index":"1"},"isFirst":true,"file":""},{"content":"什庭之匣毫无反应","replyDepth":0,"type":"info","sCharacter":{"no":"0","index":"1"},"isFirst":true,"file":"","name":"","time":"","is_breaking":false,"isLeft":false,"isCenter":false,"isRight":false,"style":false},{"content":"？？？","replyDepth":0,"type":"chat","sCharacter":{"no":0,"index":"1"},"isFirst":true,"file":""},{"content":"什么情况？","replyDepth":0,"type":"chat","sCharacter":{"no":0,"index":"1"},"isFirst":false,"file":""},{"file":"GameData/BLDA/Emoji/48.webp","content":"Emoji","replyDepth":0,"type":"image","sCharacter":{"no":0,"index":"1"},"isFirst":false},{"content":"普拉娜，普拉娜呢！！？","replyDepth":0,"type":"chat","sCharacter":{"no":"0","index":"1"},"isFirst":false,"file":"","name":"","isLeft":true,"isCenter":false,"isRight":false,"is_breaking":false,"time":"","style":false},{"content":"平板依旧黑屏","replyDepth":0,"type":"info","sCharacter":{"no":"0","index":"1"},"file":"","name":"","time":"","is_breaking":false,"isFirst":true,"isLeft":false,"isCenter":false,"isRight":false,"style":false},{"content":"哇啊啊啊，怎么这个时候出问题了啊！！","replyDepth":0,"type":"chat","sCharacter":{"no":0,"index":"1"},"isFirst":true,"file":""},{"content":"老，老师？！","replyDepth":0,"type":"chat","sCharacter":{"no":"衣斐莱娜","index":"CH0305_BG"},"isFirst":true,"file":""},{"content":"没办法了，继续跑吧... ","replyDepth":0,"type":"chat","sCharacter":{"no":0,"index":"1"},"isFirst":true,"file":""},{"file":"GameData/BLDA/Emoji/45.webp","content":"Emoji","replyDepth":0,"type":"image","sCharacter":{"no":0,"index":"1"},"isFirst":false},{"content":"呜啊，别啊... ","replyDepth":0,"type":"chat","sCharacter":{"no":"衣斐莱娜","index":"CH0305_BG"},"isFirst":true,"file":""}],"MoeTalk":"3-55"}