{"作者":{"望月红叶":"https://tieba.baidu.com/home/main?id=tb.1.67c944b2.xWoZ3RqfrkuXPqIlZR_Bbg","醉酒仍爱时雨":"https://space.bilibili.com/3546727969721162","抹茶酱霜奶仙":"https://space.bilibili.com/37232242","istina":"https://tieba.baidu.com/home/main?un=istina-","Tom_Cat":"","落冬":""},"作品":[{"ID":0,"作者":"望月红叶","章节":8,"MD5":"f918da5fa710aecf30126d88e3158eaa","名称":"字母的尽头（删减版）"},{"ID":1,"作者":"醉酒仍爱时雨","章节":3,"MD5":"aeb43bc2e6c7d4c5f189b4d69696aca2","名称":"三色的碰撞与神秘岛屿之探索（三等奖）"},{"ID":2,"作者":"抹茶酱霜奶仙","章节":2,"MD5":"c848e54a184aa6fa081b2a7a3ff2648c","名称":"共犯的幽会（二等奖）"},{"ID":3,"作者":"istina","章节":26,"MD5":"1b0a32d78a308bc81cd7cc2ee00eb782","名称":"恶魔与深蓝色的大海（二等奖）"},{"ID":4,"作者":"Tom_Cat","章节":18,"MD5":"d8d37025c500f906aef0bec72dbc4c3e","名称":"荒岛历险记（二等奖）"},{"ID":5,"作者":"落冬","MD5":"3cb1000243e440998c376c1cd1a26233","章节":0,"名称":"丢失与重拾之物（三等奖）"}]}