{"作品":[{"ID":0,"作者":"望月红叶","章节":8,"MD5":"f918da5fa710aecf30126d88e3158eaa","名称":"字母的尽头（删减版）","备注":""},{"ID":1,"作者":"醉酒仍爱时雨","章节":3,"MD5":"aeb43bc2e6c7d4c5f189b4d69696aca2","名称":"三色的碰撞与神秘岛屿之探索（三等奖）","备注":"2025夏季征文"},{"ID":2,"作者":"抹茶酱霜奶仙","章节":12,"MD5":"91bbd4427997f2514124398839ba935c","名称":"共犯的幽会（三等奖）","备注":"2025夏季征文"},{"ID":3,"作者":"istina","章节":26,"MD5":"1b0a32d78a308bc81cd7cc2ee00eb782","名称":"恶魔与深蓝色的大海（二等奖）","备注":"2025夏季征文"},{"ID":4,"作者":"Tom_Cat","章节":18,"MD5":"d8d37025c500f906aef0bec72dbc4c3e","名称":"荒岛历险记（二等奖）","备注":"2025夏季征文"},{"ID":5,"作者":"落冬","MD5":"3cb1000243e440998c376c1cd1a26233","章节":0,"名称":"丢失与重拾之物（三等奖）","备注":"2025夏季征文"},{"ID":6,"MD5":"249b578dc65f8998fcf6c69b6d626d80","作者":"雨梦-_-","名称":"与便利屋的夏日回忆（一等奖）","备注":"2025夏季征文","章节":14}],"作者":{"望月红叶":"https://tieba.baidu.com/home/main?id=tb.1.67c944b2.xWoZ3RqfrkuXPqIlZR_Bbg","醉酒仍爱时雨":"https://space.bilibili.com/3546727969721162","抹茶酱霜奶仙":"https://space.bilibili.com/37232242","istina":"https://tieba.baidu.com/home/main?un=istina-","Tom_Cat":"","落冬":"","雨梦-_-":"https://space.bilibili.com/1145657501"},"备注":{"2025夏季征文":{"content":"本文为《秘密岛屿探索计划》征文获奖作品\n作品合集：<a style='color: rgb(113 163 237);text-decoration:underline;' href='https://www.bilibili.com/read/readlist/rl976588' target='_blank'>https://www.bilibili.com/read/readlist/rl976588</a>","replyDepth":0,"type":"info","sCharacter":{"no":"0","index":"1"},"isFirst":false,"name":"","isLeft":true,"isCenter":false,"isRight":false,"is_breaking":false,"file":"","time":"","style":false},"":""}}