{"CHAT":[{"content":"... ","replyDepth":0,"type":"chat","sCharacter":{"no":0,"index":"1"},"file":"","isFirst":true},{"file":"GameData/BLDA/Emoji/411.webp","content":"Emoji","replyDepth":0,"type":"image","sCharacter":{"no":0,"index":"1"},"isFirst":false},{"content":"所以你是说，在使用魔法的时候，不小心召唤了一个恐怖的恶魔？","replyDepth":0,"type":"chat","sCharacter":{"no":0,"index":"1"},"file":"","isFirst":false},{"content":"是的！ ","replyDepth":0,"type":"chat","sCharacter":{"no":"白尾绘里","index":"CH0304_BG"},"file":"","isFirst":true,"name":"","time":"","is_breaking":false,"isLeft":false,"isCenter":false,"isRight":false,"style":false},{"file":"GameData/BLDA/CharFace/CH0304/23.webp","content":"CharFace","replyDepth":0,"type":"image","sCharacter":{"no":"白尾绘里","index":"CH0304_BG"},"isFirst":false},{"content":"都怪我，呜呜呜... ","replyDepth":0,"type":"chat","sCharacter":{"no":"白尾绘里","index":"CH0304_BG"},"file":"","isFirst":false},{"content":"然后那个恶魔就在那个岛上面？ ","replyDepth":0,"type":"chat","sCharacter":{"no":"0","index":"1"},"file":"","isFirst":true,"name":"","time":"","is_breaking":false,"isLeft":false,"isCenter":false,"isRight":false,"style":false},{"content":"嗯... ","replyDepth":0,"type":"chat","sCharacter":{"no":"白尾绘里","index":"CH0304_BG"},"file":"","isFirst":true},{"content":"这两者有什么关系吗？ ","replyDepth":0,"type":"chat","sCharacter":{"no":"0","index":"1"},"file":"","isFirst":true,"name":"","time":"","is_breaking":false,"isLeft":false,"isCenter":false,"isRight":false,"style":false},{"content":"根本就毫无关系... ","replyDepth":0,"type":"chat","sCharacter":{"no":"衣斐莱娜","index":"CH0305_BG"},"file":"","isFirst":true,"name":"","time":"","is_breaking":false,"isLeft":false,"isCenter":false,"isRight":false,"style":false},{"content":"我刚刚使用了召唤恶魔的魔法，隔天就在海上突然出现一个海岛！ ","replyDepth":0,"type":"chat","sCharacter":{"no":"白尾绘里","index":"CH0304_BG"},"name":"","time":"","isFirst":true,"isCenter":false,"isRight":false,"is_breaking":false,"file":"","isLeft":false,"style":false},{"file":"GameData/BLDA/CharFace/CH0304/18.webp","content":"CharFace","replyDepth":0,"type":"image","sCharacter":{"no":"白尾绘里","index":"CH0304_BG"},"isFirst":false},{"content":"一个海岛怎么会毫无缘由地突然出现在海上，这肯定是有关系的呀！","replyDepth":0,"type":"chat","sCharacter":{"no":"白尾绘里","index":"CH0304_BG"},"name":"","time":"","isFirst":false,"isCenter":false,"isRight":false,"is_breaking":false,"file":""},{"content":"突然出现的海岛可能是因为海底火山喷发或者地壳运动，也可能是之前就存在只是最近才被人发现... ","replyDepth":0,"type":"chat","sCharacter":{"no":"衣斐莱娜","index":"CH0305_BG"},"name":"","time":"","isFirst":true,"isCenter":false,"isRight":false,"is_breaking":false,"file":"","isLeft":false,"style":false},{"file":"GameData/BLDA/CharFace/CH0305/27.webp","content":"CharFace","replyDepth":0,"type":"image","sCharacter":{"no":"衣斐莱娜","index":"CH0305_BG"},"isFirst":false},{"content":"而且，我这几天晚上，天天都心神不宁，睡不着觉！","replyDepth":0,"type":"chat","sCharacter":{"no":"白尾绘里","index":"CH0304_BG"},"name":"","time":"","isFirst":true,"isCenter":false,"isRight":false,"is_breaking":false,"file":"","isLeft":false,"style":false},{"content":"那是你自己非要大晚上喝咖啡！ ","replyDepth":0,"type":"chat","sCharacter":{"no":"衣斐莱娜","index":"CH0305_BG"},"name":"","time":"","isFirst":true,"isCenter":false,"isRight":false,"is_breaking":false,"file":"","isLeft":false,"style":false},{"content":"我睡不着的时候，听到了来自远方的恶魔低语！","replyDepth":0,"type":"chat","sCharacter":{"no":"白尾绘里","index":"CH0304_BG"},"name":"","time":"","isFirst":true,"isCenter":false,"isRight":false,"is_breaking":false,"file":""},{"content":"那只是隔壁宿舍的人半夜在打呼噜好吧！ ","replyDepth":0,"type":"chat","sCharacter":{"no":"衣斐莱娜","index":"CH0305_BG"},"name":"","time":"","isFirst":true,"isCenter":false,"isRight":false,"is_breaking":false,"file":"","isLeft":false,"style":false},{"content":"最关键的是，我今天早上，因为实在放心不下这件事","replyDepth":0,"type":"chat","sCharacter":{"no":"白尾绘里","index":"CH0304_BG"},"file":"","isFirst":true},{"content":"所以进行了塔罗牌占卜...","replyDepth":0,"type":"chat","sCharacter":{"no":"白尾绘里","index":"CH0304_BG"},"name":"","time":"","isFirst":false,"isCenter":false,"isRight":false,"is_breaking":false,"file":""},{"file":"GameData/BLDA/CharFace/CH0304/4.webp","content":"CharFace","replyDepth":0,"type":"image","sCharacter":{"no":"白尾绘里","index":"CH0304_BG"},"isFirst":false},{"content":"直接抽到了一张恶魔牌和一张逆位的世界啊！","replyDepth":0,"type":"chat","sCharacter":{"no":"白尾绘里","index":"CH0304_BG"},"name":"","time":"","isFirst":false,"isCenter":false,"isRight":false,"is_breaking":false,"file":""},{"content":"这怎么看都是印证了恶魔的即将降临，并且毁灭整个基沃托斯啊！","replyDepth":0,"type":"chat","sCharacter":{"no":"白尾绘里","index":"CH0304_BG"},"name":"","time":"","isFirst":false,"isCenter":false,"isRight":false,"is_breaking":false,"file":""},{"content":"那玩意能说明什么啊！ ","replyDepth":0,"type":"chat","sCharacter":{"no":"衣斐莱娜","index":"CH0305_BG"},"file":"","isFirst":true,"name":"","time":"","is_breaking":false,"isLeft":false,"isCenter":false,"isRight":false,"style":false},{"content":"呃... ","replyDepth":0,"type":"chat","sCharacter":{"no":0,"index":"1"},"file":"","isFirst":true},{"file":"GameData/BLDA/Emoji/45.webp","content":"Emoji","replyDepth":0,"type":"image","sCharacter":{"no":0,"index":"1"},"isFirst":false},{"content":"那我们应该怎么做，才能避免这个恶魔苏醒毁灭世界呢... ？","replyDepth":0,"type":"chat","sCharacter":{"no":"0","index":"1"},"name":"","time":"","isFirst":false,"isCenter":false,"isRight":false,"is_breaking":false,"file":""},{"content":"我听说，联邦学生会正准备召集许多探险家去那个岛上面探索","replyDepth":0,"type":"chat","sCharacter":{"no":"白尾绘里","index":"CH0304_BG"},"name":"","time":"","isFirst":true,"isCenter":false,"isRight":false,"is_breaking":false,"file":""},{"content":"如果她们上去了那个岛，惊动了岛上的恶魔，世界一定会毁灭的！","replyDepth":0,"type":"chat","sCharacter":{"no":"白尾绘里","index":"CH0304_BG"},"name":"","time":"","isFirst":false,"isCenter":false,"isRight":false,"is_breaking":false,"file":""},{"file":"GameData/BLDA/CharFace/CH0304/23.webp","content":"CharFace","replyDepth":0,"type":"image","sCharacter":{"no":"白尾绘里","index":"CH0304_BG"},"isFirst":false},{"content":"所以，我们必须在其他人之前，先一步上岛，把那个恶魔封印... ！","replyDepth":0,"type":"chat","sCharacter":{"no":"白尾绘里","index":"CH0304_BG"},"name":"","time":"","isFirst":false,"isCenter":false,"isRight":false,"is_breaking":false,"file":""},{"content":"诶？ ","replyDepth":0,"type":"chat","sCharacter":{"no":"0","index":"1"},"file":"","isFirst":true,"name":"","time":"","is_breaking":false,"isLeft":false,"isCenter":false,"isRight":false,"style":false},{"content":"没错，老师，请帮助我们吧！ ","replyDepth":0,"type":"chat","sCharacter":{"no":"板垣庚","index":"CH0306_BG"},"name":"","time":"","isFirst":true,"isCenter":false,"isRight":false,"is_breaking":false,"file":"","isLeft":false,"style":false},{"file":"GameData/BLDA/CharFace/CH0306/13.webp","content":"CharFace","replyDepth":0,"type":"image","sCharacter":{"no":"板垣庚","index":"CH0306_BG"},"isFirst":false},{"content":"您是我们的命运之人，是我们这次行动的必要人物！","replyDepth":0,"type":"chat","sCharacter":{"no":"板垣庚","index":"CH0306_BG"},"name":"","time":"","isFirst":false,"isCenter":false,"isRight":false,"is_breaking":false,"file":""},{"content":"因为只有老师才可以帮我们提前上岛... ","replyDepth":0,"type":"chat","sCharacter":{"no":"椎名䌷","index":"CH0252_BG"},"name":"","time":"","isFirst":true,"isCenter":false,"isRight":false,"is_breaking":false,"file":"","isLeft":false,"style":false},{"file":"GameData/BLDA/CharFace/CH0252/8.webp","content":"CharFace","replyDepth":0,"type":"image","sCharacter":{"no":"椎名䌷","index":"CH0252_BG"},"isFirst":false},{"content":"怎么样，老师？","replyDepth":0,"type":"chat","sCharacter":{"no":"椎名䌷","index":"CH0252_BG"},"file":"","isFirst":false},{"content":"加入我们吧，一起齐心协力拯救基沃托斯怎么样？","replyDepth":0,"type":"chat","sCharacter":{"no":"椎名䌷","index":"CH0252_BG"},"name":"","time":"","isFirst":false,"isCenter":false,"isRight":false,"is_breaking":false,"file":""}],"MoeTalk":"3-4"}