{"CHAT":[{"content":"将春香在帐篷里安顿好的老师走了出来","replyDepth":0,"type":"info","sCharacter":{"no":0,"index":1}},{"content":"小春香情况怎么样了","replyDepth":0,"type":"chat","sCharacter":{"no":0,"index":1}},{"file":"GameData/BLDA/CharFace/mutsuki/5.webp","content":"CharFace","replyDepth":0,"type":"image","sCharacter":{"no":"0","index":"1"},"isFirst":false,"name":"","isLeft":false,"isCenter":false,"isRight":true,"is_breaking":false,"time":"","style":false},{"content":"还好…只是受惊了…","replyDepth":0,"type":"chat","sCharacter":{"no":"老师","index":"Sensei"}},{"content":"您…不在里面陪她吗？","replyDepth":0,"type":"chat","sCharacter":{"no":0,"index":1}},{"content":"阿露和佳代子去做晚饭了","replyDepth":0,"type":"info","sCharacter":{"no":0,"index":1}},{"content":"睦月…你刚才回来的时候好像不太对劲…","replyDepth":0,"type":"chat","sCharacter":{"no":"老师","index":"Sensei"}},{"content":"……","replyDepth":0,"type":"chat","sCharacter":{"no":0,"index":1}},{"content":"有吗…？","replyDepth":0,"type":"chat","sCharacter":{"no":0,"index":1}},{"content":"有","replyDepth":0,"type":"chat","sCharacter":{"no":"老师","index":"Sensei"}},{"content":"观察力这么强…也未必是好事哦…","replyDepth":0,"type":"chat","sCharacter":{"no":0,"index":1}},{"file":"GameData/BLDA/CharFace/mutsuki/99.webp","content":"CharFace","replyDepth":0,"type":"image","sCharacter":{"no":"0","index":"1"},"isFirst":false,"name":"","isLeft":false,"isCenter":false,"isRight":true,"is_breaking":false,"time":"","style":false},{"content":"你在烦恼什么吗","replyDepth":0,"type":"chat","sCharacter":{"no":"老师","index":"Sensei"}},{"content":"是担心鬼怪吗…？","replyDepth":0,"type":"chat","sCharacter":{"no":"老师","index":"Sensei"}},{"content":"为什么在这种地方有那么迟钝啊…","replyDepth":0,"type":"chat","sCharacter":{"no":0,"index":1}},{"file":"GameData/BLDA/Emoji/1zh_tw8.webp","content":"Emoji","replyDepth":0,"type":"image","sCharacter":{"no":"老师","index":"Sensei"}},{"content":"为师不是一直这样吗","replyDepth":0,"type":"chat","sCharacter":{"no":"老师","index":"Sensei"}},{"content":"鬼怪什么的…我还是觉得不存在…","replyDepth":0,"type":"chat","sCharacter":{"no":0,"index":1}},{"content":"老师你知道吗","replyDepth":0,"type":"chat","sCharacter":{"no":0,"index":1}},{"content":"我很喜欢的一个游戏制作人这么说过","replyDepth":0,"type":"chat","sCharacter":{"no":0,"index":1}},{"content":"“不要在玩家没有犯错的时候给予惩罚”","replyDepth":0,"type":"chat","sCharacter":{"no":0,"index":1}},{"content":"我听说过，那似乎是一个很喜欢恶搞玩家的制作人…","replyDepth":0,"type":"chat","sCharacter":{"no":"老师","index":"Sensei"}},{"content":"我觉得…这也是我恶作剧的底线…","replyDepth":0,"type":"chat","sCharacter":{"no":0,"index":1}},{"content":"小春香很害怕鬼怪之类的东西","replyDepth":0,"type":"chat","sCharacter":{"no":0,"index":1}},{"content":"所以总是很小心…","replyDepth":0,"type":"chat","sCharacter":{"no":0,"index":1}},{"content":"她明明没做错什么…","replyDepth":0,"type":"chat","sCharacter":{"no":0,"index":1}},{"content":"睦月…","replyDepth":0,"type":"chat","sCharacter":{"no":"老师","index":"Sensei"}},{"content":"如果让我知道…这是什么人的恶作剧的话…","replyDepth":0,"type":"chat","sCharacter":{"no":0,"index":1}},{"content":"我就一定会让他尝尝我们便利屋的厉害！","replyDepth":0,"type":"chat","sCharacter":{"no":0,"index":1}},{"file":"GameData/BLDA/CharFace/mutsuki/9.webp","content":"CharFace","replyDepth":0,"type":"image","sCharacter":{"no":"0","index":"1"},"isFirst":false,"name":"","isLeft":false,"isCenter":false,"isRight":true,"is_breaking":false,"time":"","style":false},{"content":"你们很照顾春香呢…","replyDepth":0,"type":"chat","sCharacter":{"no":"老师","index":"Sensei"}},{"content":"就像阿露酱说的一样…","replyDepth":0,"type":"chat","sCharacter":{"no":0,"index":1}},{"content":"便利屋是春香的家","replyDepth":0,"type":"chat","sCharacter":{"no":0,"index":1}},{"content":"她应该，也配得到这些关心…","replyDepth":0,"type":"chat","sCharacter":{"no":0,"index":1}},{"content":"但是她自己不那么认为","replyDepth":0,"type":"chat","sCharacter":{"no":"老师","index":"Sensei"}},{"content":"老师的这句话让我略微沉默","replyDepth":0,"type":"info","sCharacter":{"no":"老师","index":"Sensei"}},{"content":"这些道理我又何尝不懂呢","replyDepth":0,"type":"info","sCharacter":{"no":"老师","index":"Sensei"}},{"content":"所以我希望老师…","replyDepth":0,"type":"chat","sCharacter":{"no":0,"index":1}},{"content":"能让她发自内心的觉得自己配得上","replyDepth":0,"type":"chat","sCharacter":{"no":0,"index":1}},{"content":"这只有老师能做到","replyDepth":0,"type":"chat","sCharacter":{"no":0,"index":1}},{"content":"我尽量…","replyDepth":0,"type":"chat","sCharacter":{"no":"老师","index":"Sensei"}},{"content":"谈话到了末尾，我和老师都默契地不再去看对方","replyDepth":0,"type":"info","sCharacter":{"no":"老师","index":"Sensei"}},{"content":"他在想的是小春香","replyDepth":0,"type":"info","sCharacter":{"no":"老师","index":"Sensei"}},{"content":"我在想的…","replyDepth":0,"type":"info","sCharacter":{"no":"老师","index":"Sensei"}},{"file":"GameData/BLDA/CharFace/mutsuki/5.webp","content":"CharFace","replyDepth":0,"type":"image","sCharacter":{"no":"0","index":"1"},"isFirst":false,"name":"","isLeft":false,"isCenter":false,"isRight":true,"is_breaking":false,"time":"","style":false},{"content":"老师你看…那是什么？","replyDepth":0,"type":"chat","sCharacter":{"no":"0","index":"1"},"isFirst":false,"name":"","isLeft":true,"isCenter":false,"isRight":false,"is_breaking":false,"file":"","time":"","style":false},{"content":"那是…春香说的红光…！","replyDepth":0,"type":"chat","sCharacter":{"no":"老师","index":"Sensei"}},{"content":"老师…去叫佳代子和阿露","replyDepth":0,"type":"chat","sCharacter":{"no":0,"index":1}},{"content":"那你…","replyDepth":0,"type":"chat","sCharacter":{"no":"老师","index":"Sensei"}},{"content":"老师的话还没说完，我已经向着那团红光跑去了","replyDepth":0,"type":"info","sCharacter":{"no":"老师","index":"Sensei"}},{"content":"不管是什么，追上去再说！","replyDepth":0,"type":"chat","sCharacter":{"no":0,"index":1}},{"content":"其实我大概已经猜到是什么了","replyDepth":0,"type":"info","sCharacter":{"no":0,"index":1}},{"content":"我只是…暂时想离开一下…","replyDepth":0,"type":"info","sCharacter":{"no":0,"index":1}}],"MoeTalk":"6-7"}