{"CHAT":[{"replyDepth":0,"sCharacter":{"no":0,"index":"1"},"content":"总之，三人漫无目的地在荒漠中漫步，直至身后四人变为芝麻大的黑点","type":"info"},{"replyDepth":0,"sCharacter":{"no":0,"index":"1"},"content":"暮色四合，一路无言","type":"info"},{"replyDepth":0,"sCharacter":{"no":0,"index":"1"},"content":"我原以为擅长插科打诨的星野会是打破沉默的人，但率先开口的却是莉音","type":"info"},{"replyDepth":0,"sCharacter":{"no":"调月莉音","index":"CH0158"},"content":"星野小姐是为什么呢？","type":"chat"},{"replyDepth":0,"sCharacter":{"no":"小鸟游星野","index":"Hoshino_swimsuit"},"content":"嗯？什么为什么？","type":"chat"},{"replyDepth":0,"sCharacter":{"no":"调月莉音","index":"CH0158"},"content":"感觉你是个很乐观的人，明明是这么艰苦的环境，为什么还能这样呢？","type":"chat"},{"replyDepth":0,"sCharacter":{"no":"小鸟游星野","index":"Hoshino_swimsuit"},"content":"咕嘿，这个嘛……","type":"chat"},{"replyDepth":0,"sCharacter":{"no":"小鸟游星野","index":"Hoshino_swimsuit"},"content":"应该是因为有她们在吧","type":"chat"},{"replyDepth":0,"sCharacter":{"no":"调月莉音","index":"CH0158"},"content":"她们？","type":"chat"},{"replyDepth":0,"sCharacter":{"no":"调月莉音","index":"CH0158"},"content":"哦，是指委员会的后辈们吗？","type":"chat"},{"replyDepth":0,"sCharacter":{"no":"小鸟游星野","index":"Hoshino_swimsuit"},"content":"是的","type":"chat"},{"replyDepth":0,"sCharacter":{"no":"小鸟游星野","index":"Hoshino_swimsuit"},"content":"莉音小姐，你也是一所学校的会长，有件事你应该清楚，对学校而言，最重要的是什么","type":"chat"},{"replyDepth":0,"sCharacter":{"no":"调月莉音","index":"CH0158"},"content":"我明白","type":"chat"},{"replyDepth":0,"sCharacter":{"no":"调月莉音","index":"CH0158"},"content":"是学生","type":"chat"},{"replyDepth":0,"sCharacter":{"no":"小鸟游星野","index":"Hoshino_swimsuit"},"content":"满分，bingo","type":"chat"},{"replyDepth":0,"sCharacter":{"no":"小鸟游星野","index":"Hoshino_swimsuit"},"content":"是的，不是财力，不是技术，也不是土地，是学生","type":"chat"},{"replyDepth":0,"sCharacter":{"no":"调月莉音","index":"CH0158"},"content":"但如我所见，阿拜多斯总共只有五位学生吧，既然如此……","type":"chat"},{"replyDepth":0,"sCharacter":{"no":"小鸟游星野","index":"Hoshino_swimsuit"},"content":"不是这样的哦","type":"chat"},{"replyDepth":0,"sCharacter":{"no":"小鸟游星野","index":"Hoshino_swimsuit"},"content":"重要的不是学生的人数","type":"chat"},{"replyDepth":0,"sCharacter":{"no":"小鸟游星野","index":"Hoshino_swimsuit"},"content":"是彼此之间的联系，是在对方心里的分量","type":"chat"},{"replyDepth":0,"sCharacter":{"no":"小鸟游星野","index":"Hoshino_swimsuit"},"content":"后辈们对大叔我而言，是最珍视的宝物","type":"chat"},{"replyDepth":0,"sCharacter":{"no":"小鸟游星野","index":"Hoshino_swimsuit"},"content":"同时，她们也是我的支柱","type":"chat"},{"replyDepth":0,"sCharacter":{"no":"小鸟游星野","index":"Hoshino_swimsuit"},"content":"为了她们，我必须坚强","type":"chat"},{"replyDepth":0,"sCharacter":{"no":"小鸟游星野","index":"Hoshino_swimsuit"},"content":"尽管我多数时候都很不靠谱，咕嘿……","type":"chat"},{"replyDepth":0,"sCharacter":{"no":"小鸟游星野","index":"Hoshino_swimsuit"},"content":"","type":"image","file":"GameData/BLDA/CharFace/hoshino_swimsuit/2.webp"},{"replyDepth":0,"sCharacter":{"no":0,"index":"1"},"content":"没有这样的事，星野是阿拜多斯最棒的委员长哦","type":"chat"},{"replyDepth":0,"sCharacter":{"no":"小鸟游星野","index":"Hoshino_swimsuit"},"content":"哎呀，sensei又在说什么，好肉麻","type":"chat"},{"replyDepth":0,"sCharacter":{"no":"调月莉音","index":"CH0158"},"content":"我也觉得星野小姐是值得尊敬的人呢","type":"chat"},{"replyDepth":0,"sCharacter":{"no":"调月莉音","index":"CH0158"},"content":"","type":"image","file":"GameData/BLDA/CharFace/CH0158/8.webp"},{"replyDepth":0,"sCharacter":{"no":"小鸟游星野","index":"Hoshino_swimsuit"},"content":"咳咳咳","type":"chat"},{"replyDepth":0,"sCharacter":{"no":"小鸟游星野","index":"Hoshino_swimsuit"},"content":"总之，那份把所有人紧紧联系在一起的牵绊","type":"chat"},{"replyDepth":0,"sCharacter":{"no":"小鸟游星野","index":"Hoshino_swimsuit"},"content":"才是学校的意义","type":"chat"},{"replyDepth":0,"sCharacter":{"no":"小鸟游星野","index":"Hoshino_swimsuit"},"content":"掩埋的建筑可以重建","type":"chat"},{"replyDepth":0,"sCharacter":{"no":"小鸟游星野","index":"Hoshino_swimsuit"},"content":"巨额的债务可以偿还","type":"chat"},{"replyDepth":0,"sCharacter":{"no":"小鸟游星野","index":"Hoshino_swimsuit"},"content":"也许阿拜多斯的明天依旧充满艰辛","type":"chat"},{"replyDepth":0,"sCharacter":{"no":"小鸟游星野","index":"Hoshino_swimsuit"},"content":"但我以前从不曾，以后也决不会因入学阿拜多斯这个决定而后悔","type":"chat"},{"replyDepth":0,"sCharacter":{"no":"小鸟游星野","index":"Hoshino_swimsuit"},"content":"这所学校，还有可爱的后辈，是我引以为傲的至宝","type":"chat"},{"replyDepth":0,"sCharacter":{"no":"小鸟游星野","index":"Hoshino_swimsuit"},"content":"嘛，容我想想要怎么形容啊，年纪大了反应确实比较慢呢","type":"chat"},{"replyDepth":0,"sCharacter":{"no":"小鸟游星野","index":"Hoshino_swimsuit"},"content":"","type":"image","file":"GameData/BLDA/CharFace/hoshino_swimsuit/2.webp"},{"replyDepth":0,"sCharacter":{"no":0,"index":"1"},"content":"星野斟酌着","type":"info"},{"replyDepth":0,"sCharacter":{"no":"小鸟游星野","index":"Hoshino_swimsuit"},"content":"莉音小姐，一定知道认同感和归属感吧","type":"chat"},{"replyDepth":0,"sCharacter":{"no":0,"index":"1"},"content":"也许是不想打断对方，莉音没有出声回答，只是轻轻地点点头","type":"info"},{"replyDepth":0,"sCharacter":{"no":"小鸟游星野","index":"Hoshino_swimsuit"},"content":"这件事或许有些难以理解，毕竟在你的视角里，我们的校园生活是不幸的","type":"chat"},{"replyDepth":0,"sCharacter":{"no":"小鸟游星野","index":"Hoshino_swimsuit"},"content":"但我和后辈们并不觉得不幸会影响我们与学校的联系","type":"chat"},{"replyDepth":0,"sCharacter":{"no":"小鸟游星野","index":"Hoshino_swimsuit"},"content":"你可能会说，不幸会使人疏远，不幸会使人无法理解彼此，不幸会抹消人们的因缘","type":"chat"},{"replyDepth":0,"sCharacter":{"no":"小鸟游星野","index":"Hoshino_swimsuit"},"content":"错了哦，不是这样的","type":"chat"},{"replyDepth":0,"sCharacter":{"no":"小鸟游星野","index":"Hoshino_swimsuit"},"content":"认同并非来源于获得与满足，归属感和幸福感也不是一样的东西","type":"chat"},{"replyDepth":0,"sCharacter":{"no":"小鸟游星野","index":"Hoshino_swimsuit"},"content":"听过一句话吗","type":"chat"},{"replyDepth":0,"sCharacter":{"no":"小鸟游星野","index":"Hoshino_swimsuit"},"content":"Where your treasure is, there will your heart be also","type":"chat"},{"replyDepth":0,"sCharacter":{"no":"小鸟游星野","index":"Hoshino_swimsuit"},"content":"珍宝在何处，心也在何处","type":"chat"},{"replyDepth":0,"sCharacter":{"no":"小鸟游星野","index":"Hoshino_swimsuit"},"content":"归属感的来源，是你心里最重要的人和事物","type":"chat"},{"replyDepth":0,"sCharacter":{"no":0,"index":"1"},"content":"星野指了指脚下的土地，又指了指远处已经看不见的四位少女","type":"info"},{"replyDepth":0,"sCharacter":{"no":0,"index":"1"},"content":"然后，她指着自己的胸口","type":"info"},{"replyDepth":0,"sCharacter":{"no":"小鸟游星野","index":"Hoshino_swimsuit"},"content":"这是我的所在","type":"chat"},{"replyDepth":0,"sCharacter":{"no":"小鸟游星野","index":"Hoshino_swimsuit"},"content":"是我这一生应该在的地方","type":"chat"},{"replyDepth":0,"sCharacter":{"no":"小鸟游星野","index":"Hoshino_swimsuit"},"content":"是我活在这里，也要埋在这里的地方","type":"chat"},{"replyDepth":0,"sCharacter":{"no":"小鸟游星野","index":"Hoshino_swimsuit"},"content":"而她们，是我要穷尽一生守护的人","type":"chat"},{"replyDepth":0,"sCharacter":{"no":"小鸟游星野","index":"Hoshino_swimsuit"},"content":"我不幸吗？也许吧","type":"chat"},{"replyDepth":0,"sCharacter":{"no":"小鸟游星野","index":"Hoshino_swimsuit"},"content":"但我不觉得痛苦","type":"chat"},{"replyDepth":0,"sCharacter":{"no":"小鸟游星野","index":"Hoshino_swimsuit"},"content":"莉音小姐，也有要去的地方，也有要守护的人吧？","type":"chat"},{"replyDepth":0,"sCharacter":{"no":"小鸟游星野","index":"Hoshino_swimsuit"},"content":"千年的学生们，还有……","type":"chat"},{"replyDepth":0,"sCharacter":{"no":"小鸟游星野","index":"Hoshino_swimsuit"},"content":"","type":"image","file":"GameData/BLDA/CharFace/hoshino_swimsuit/99.webp"},{"replyDepth":0,"sCharacter":{"no":0,"index":"1"},"content":"星野笑而不语","type":"info"},{"replyDepth":0,"sCharacter":{"no":0,"index":"1"},"content":"旋即，她又把目光转向我","type":"info"},{"replyDepth":0,"sCharacter":{"no":"小鸟游星野","index":"Hoshino_swimsuit"},"content":"sensei也是","type":"chat"},{"replyDepth":0,"sCharacter":{"no":0,"index":"1"},"content":"星野看着我，但她的眼神不住地朝莉音的方向瞄","type":"info"},{"replyDepth":0,"sCharacter":{"no":0,"index":"1"},"content":"我明白她的暗示，伸手拍了一下她的脑袋","type":"info"},{"replyDepth":0,"sCharacter":{"no":"小鸟游星野","index":"Hoshino_swimsuit"},"content":"哎哟喂，sensei你干嘛啦！","type":"chat"},{"replyDepth":0,"sCharacter":{"no":"小鸟游星野","index":"Hoshino_swimsuit"},"content":"","type":"image","file":"GameData/BLDA/CharFace/hoshino_swimsuit/13.webp"},{"replyDepth":0,"sCharacter":{"no":0,"index":"1"},"content":"没什么，只是有个多管闲事的小朋友需要一些人文关怀","type":"chat"},{"replyDepth":0,"sCharacter":{"no":0,"index":"1"},"content":"","type":"image","file":"GameData/BLDA/Emoji/stamps/ClanChat_Emoji_08_Jp.webp"},{"replyDepth":0,"sCharacter":{"no":"调月莉音","index":"CH0158"},"content":"噗","type":"chat"},{"replyDepth":0,"sCharacter":{"no":"调月莉音","index":"CH0158"},"content":"哈哈哈","type":"chat"},{"replyDepth":0,"sCharacter":{"no":0,"index":"1"},"content":"天色沉了，荒漠的夜晚甚是寒冷，还有止不住的风","type":"info"},{"replyDepth":0,"sCharacter":{"no":"小鸟游星野","index":"Hoshino_swimsuit"},"content":"已经很晚啦，差不多该回去啦","type":"chat"},{"replyDepth":0,"sCharacter":{"no":"小鸟游星野","index":"Hoshino_swimsuit"},"content":"回到我的归宿","type":"chat"},{"replyDepth":0,"sCharacter":{"no":"小鸟游星野","index":"Hoshino_swimsuit"},"content":"","type":"image","file":"GameData/BLDA/CharFace/hoshino_swimsuit/3.webp"},{"replyDepth":0,"sCharacter":{"no":0,"index":"1"},"content":"挥别对策委员会，我们再度启程","type":"info"},{"replyDepth":0,"sCharacter":{"no":0,"index":"1"},"content":"贝阿朵莉切大道","type":"info"},{"replyDepth":0,"sCharacter":{"no":0,"index":"1"},"content":"搭乘前往三一的班车，步行前往古圣堂的地下，位于阿里乌斯，旅途的第二站","type":"info"},{"replyDepth":0,"sCharacter":{"no":0,"index":"1"},"content":"本以为能遇到谁当导游的","type":"chat"},{"replyDepth":0,"sCharacter":{"no":0,"index":"1"},"content":"没办法，只能我自己来啦","type":"chat"},{"replyDepth":0,"sCharacter":{"no":0,"index":"1"},"content":"也对，亚津子已经继承了阿里乌斯会长的正统地位，和三一的和解议程还在推进，正是忙得不可开交的时候","type":"info"},{"replyDepth":0,"sCharacter":{"no":0,"index":"1"},"content":"纱织的话，肯定又是在哪里打工吧","type":"info"},{"replyDepth":0,"sCharacter":{"no":0,"index":"1"},"content":"日和又怕生，美咲的性子也不合适干这个","type":"info"},{"replyDepth":0,"sCharacter":{"no":0,"index":"1"},"content":"走吧，莉音","type":"chat"},{"replyDepth":0,"sCharacter":{"no":"调月莉音","index":"CH0158"},"content":"嗯","type":"chat"},{"replyDepth":0,"sCharacter":{"no":"调月莉音","index":"CH0158"},"content":"话说，这里是……","type":"chat"},{"replyDepth":0,"sCharacter":{"no":0,"index":"1"},"content":"是阿里乌斯的自治区哦","type":"chat"},{"replyDepth":0,"sCharacter":{"no":"调月莉音","index":"CH0158"},"content":"阿里乌斯……","type":"chat"},{"replyDepth":0,"sCharacter":{"no":"调月莉音","index":"CH0158"},"content":"是三一第一次公会议被驱逐的那个教派？","type":"chat"},{"replyDepth":0,"sCharacter":{"no":0,"index":"1"},"content":"是的，莉音历史学得也很好嘛","type":"chat"},{"replyDepth":0,"sCharacter":{"no":0,"index":"1"},"content":"","type":"image","file":"GameData/BLDA/Emoji/stamps/ClanChat_Emoji_08_Jp.webp"},{"replyDepth":0,"sCharacter":{"no":"调月莉音","index":"CH0158"},"content":"这应该算常识吧，sensei过奖了","type":"chat"},{"replyDepth":0,"sCharacter":{"no":"调月莉音","index":"CH0158"},"content":"","type":"image","file":"GameData/BLDA/CharFace/CH0158/6.webp"},{"replyDepth":0,"sCharacter":{"no":0,"index":"1"},"content":"她们被驱逐后，总得有一个容身之处，所以就在这里建立了学校","type":"chat"},{"replyDepth":0,"sCharacter":{"no":"调月莉音","index":"CH0158"},"content":"学校？建在墓穴里？","type":"chat"},{"replyDepth":0,"sCharacter":{"no":"调月莉音","index":"CH0158"},"content":"说不清和阿拜多斯比起来哪一方更令人心酸……","type":"chat"},{"replyDepth":0,"sCharacter":{"no":0,"index":"1"},"content":"嗯，她们也是一群可怜的孩子","type":"chat"},{"replyDepth":0,"sCharacter":{"no":0,"index":"1"},"content":"不同于星野她们，即使艰难，都还保留着生的意志和希望","type":"chat"},{"replyDepth":0,"sCharacter":{"no":0,"index":"1"},"content":"阿里乌斯的孩子，她们被沉浸在绝望中太久了","type":"chat"},{"replyDepth":0,"sCharacter":{"no":0,"index":"1"},"content":"但现在是推倒重建的时候了","type":"chat"},{"replyDepth":0,"sCharacter":{"no":0,"index":"1"},"content":"笼罩在阿里乌斯头顶的阴霾已经消散了","type":"chat"},{"replyDepth":0,"sCharacter":{"no":0,"index":"1"},"content":"她们会走出来的","type":"chat"},{"replyDepth":0,"sCharacter":{"no":0,"index":"1"},"content":"我指了指地面和墙边随处可见的弹孔，有很多已经长出了花朵","type":"info"},{"replyDepth":0,"sCharacter":{"no":"调月莉音","index":"CH0158"},"content":"哦，哦……","type":"chat"},{"replyDepth":0,"sCharacter":{"no":"调月莉音","index":"CH0158"},"content":"再多跟我说说吧，sensei","type":"chat"},{"replyDepth":0,"sCharacter":{"no":"调月莉音","index":"CH0158"},"content":"有关这里的事","type":"chat"},{"replyDepth":0,"sCharacter":{"no":0,"index":"1"},"content":"当然可以","type":"chat"},{"replyDepth":0,"sCharacter":{"no":0,"index":"1"},"content":"我们现在所在的这条大道","type":"chat"},{"replyDepth":0,"sCharacter":{"no":0,"index":"1"},"content":"是整个自治区最大最宽阔的，通向学院的主路","type":"chat"},{"replyDepth":0,"sCharacter":{"no":0,"index":"1"},"content":"叫贝阿朵莉切大道","type":"chat"},{"replyDepth":0,"sCharacter":{"no":"调月莉音","index":"CH0158"},"content":"贝阿……朵莉切……","type":"chat"},{"replyDepth":0,"sCharacter":{"no":0,"index":"1"},"content":"那就是阿里乌斯上空的乌云的名字","type":"chat"},{"replyDepth":0,"sCharacter":{"no":0,"index":"1"},"content":"是一个邪恶的人，但她已经被驱逐了","type":"chat"},{"replyDepth":0,"sCharacter":{"no":"调月莉音","index":"CH0158"},"content":"既然如此，为何这条大道要保留着她的名字呢","type":"chat"},{"replyDepth":0,"sCharacter":{"no":"调月莉音","index":"CH0158"},"content":"改个名应该更好吧，也不是什么麻烦的事","type":"chat"},{"replyDepth":0,"sCharacter":{"no":0,"index":"1"},"content":"嗯，这个问题我也想过","type":"chat"},{"replyDepth":0,"sCharacter":{"no":0,"index":"1"},"content":"阿里乌斯的现任会长亚津子，是我熟悉的学生","type":"chat"},{"replyDepth":0,"sCharacter":{"no":0,"index":"1"},"content":"也是当时最大的受害者","type":"chat"},{"replyDepth":0,"sCharacter":{"no":0,"index":"1"},"content":"我问过她","type":"chat"},{"replyDepth":0,"sCharacter":{"no":"调月莉音","index":"CH0158"},"content":"她怎么说？","type":"chat"},{"replyDepth":0,"sCharacter":{"no":0,"index":"1"},"content":"莉音，你知道《神曲》吗？","type":"chat"},{"replyDepth":0,"sCharacter":{"no":"调月莉音","index":"CH0158"},"content":"仅限听过的程度的话，知道","type":"chat"},{"replyDepth":0,"sCharacter":{"no":0,"index":"1"},"content":"贝阿朵莉切，不是这个恶人的真名","type":"chat"},{"replyDepth":0,"sCharacter":{"no":0,"index":"1"},"content":"她冒用了《神曲》中的圣女的名字","type":"chat"},{"replyDepth":0,"sCharacter":{"no":0,"index":"1"},"content":"那也是作者但丁挚爱的女性的名字","type":"chat"},{"replyDepth":0,"sCharacter":{"no":0,"index":"1"},"content":"诗人把爱人的名字、性格、样貌，投射到了自己的诗歌之中","type":"chat"},{"replyDepth":0,"sCharacter":{"no":0,"index":"1"},"content":"创作了一位完美到近乎神性的女性形象","type":"chat"},{"replyDepth":0,"sCharacter":{"no":0,"index":"1"},"content":"显然，她和我们现在讨论的这个人相去甚远","type":"chat"},{"replyDepth":0,"sCharacter":{"no":0,"index":"1"},"content":"但亚津子对我说","type":"chat"},{"replyDepth":0,"sCharacter":{"no":0,"index":"1"},"content":"这个名字曾带给她和阿里乌斯学生挥之不去的伤痛","type":"chat"},{"replyDepth":0,"sCharacter":{"no":0,"index":"1"},"content":"而这份伤痛，同样是她们不该忘却的历史","type":"chat"},{"replyDepth":0,"sCharacter":{"no":0,"index":"1"},"content":"和星野她们一样，阿里乌斯的学生，也是在磨难中成长的","type":"chat"},{"replyDepth":0,"sCharacter":{"no":0,"index":"1"},"content":"正如贝阿朵莉切这个名字，一方面承载着她们的痛苦","type":"chat"},{"replyDepth":0,"sCharacter":{"no":0,"index":"1"},"content":"另一方面，也是她们的期待","type":"chat"},{"replyDepth":0,"sCharacter":{"no":0,"index":"1"},"content":"期待有一天","type":"chat"},{"replyDepth":0,"sCharacter":{"no":0,"index":"1"},"content":"她们真的能遇到一个像是但丁笔下的圣洁之人","type":"chat"},{"replyDepth":0,"sCharacter":{"no":0,"index":"1"},"content":"而非某个肮脏丑陋的怪物","type":"chat"},{"replyDepth":0,"sCharacter":{"no":0,"index":"1"},"content":"又或许，不是遇到","type":"chat"},{"replyDepth":0,"sCharacter":{"no":0,"index":"1"},"content":"是亚津子希望自己能成为那样的人","type":"chat"},{"replyDepth":0,"sCharacter":{"no":0,"index":"1"},"content":"能带领阿里乌斯去往属于她们的明天","type":"chat"},{"replyDepth":0,"sCharacter":{"no":"调月莉音","index":"CH0158"},"content":"……","type":"chat"},{"replyDepth":0,"sCharacter":{"no":"调月莉音","index":"CH0158"},"content":"她会的","type":"chat"},{"replyDepth":0,"sCharacter":{"no":"调月莉音","index":"CH0158"},"content":"","type":"image","file":"GameData/BLDA/CharFace/CH0158/8.webp"},{"replyDepth":0,"sCharacter":{"no":0,"index":"1"},"content":"（小声）如果亚津子今天在这的话，她应该已经遇到了","type":"chat"},{"replyDepth":0,"sCharacter":{"no":0,"index":"1"},"content":"","type":"image","file":"GameData/BLDA/Emoji/stamps/ClanChat_Emoji_08_Jp.webp"},{"replyDepth":0,"sCharacter":{"no":"调月莉音","index":"CH0158"},"content":"sensei你说什么？","type":"chat"},{"replyDepth":0,"sCharacter":{"no":0,"index":"1"},"content":"没什么","type":"chat"},{"replyDepth":0,"sCharacter":{"no":0,"index":"1"},"content":"累吗？","type":"chat"},{"replyDepth":0,"sCharacter":{"no":"调月莉音","index":"CH0158"},"content":"不会","type":"chat"},{"replyDepth":0,"sCharacter":{"no":"调月莉音","index":"CH0158"},"content":"我想继续我们的旅途，可以吗？","type":"chat"},{"replyDepth":0,"sCharacter":{"no":0,"index":"1"},"content":"当然，出发吧","type":"chat"},{"replyDepth":0,"sCharacter":{"no":0,"index":"1"},"content":"丁梅斯代尔小圣堂","type":"info"},{"replyDepth":0,"sCharacter":{"no":0,"index":"1"},"content":"偏安于三一校区边缘的一隅，是一座小小的教堂","type":"info"},{"replyDepth":0,"sCharacter":{"no":0,"index":"1"},"content":"占地不大，双层平顶的建筑风格，显得十分内敛","type":"info"},{"replyDepth":0,"sCharacter":{"no":0,"index":"1"},"content":"由于平日里修女会都是在大圣堂讲经布道，加上位置比较偏僻，这间小圣堂基本是没有什么人来的","type":"info"},{"replyDepth":0,"sCharacter":{"no":0,"index":"1"},"content":"但看来日常的维护和清扫都有在做，观感上还是相当整洁的，阳光透过精致的彩绘玻璃窗投在地上，均匀的色块错落有致","type":"info"},{"replyDepth":0,"sCharacter":{"no":0,"index":"1"},"content":"莉音站在光斑处，阳光倾洒在她随着呼吸均匀起伏的胸口上，仿佛有了生命一样，清流宛转","type":"info"},{"replyDepth":0,"sCharacter":{"no":0,"index":"1"},"content":"如果你有一流明的光，你就有一流明的水","type":"chat"},{"replyDepth":0,"sCharacter":{"no":0,"index":"1"},"content":"也不知道在想什么，脑子里无端蹦出这么一句","type":"info"},{"replyDepth":0,"sCharacter":{"no":"调月莉音","index":"CH0158"},"content":"什么？","type":"chat"},{"replyDepth":0,"sCharacter":{"no":"浦和花子","index":"CH0209"},"content":"只是一则经典的三一冷笑话啦","type":"chat"},{"replyDepth":0,"sCharacter":{"no":"浦和花子","index":"CH0209"},"content":"","type":"image","file":"GameData/BLDA/CharFace/CH0209/99.webp"},{"replyDepth":0,"sCharacter":{"no":"伊落玛丽","index":"Mari"},"content":"花花花花子小姐！","type":"chat"}],"MoeTalk":"0-2"}