{"SRT":{"兔子小队":{"zh_cn":"兔子小队","zh_tw":"兔子小隊","jp":"RABBIT 小隊","en":"RABBIT Platoon","kr":"RABBIT 소대","pinyin":"tuzixiaodui"},"狐狸小队":{"zh_cn":"狐狸小队","zh_tw":"狐狸小隊","jp":"FOX 小隊","en":"FOX Platoon","kr":"FOX 소대","pinyin":"hulixiaodui"}},"其他":{"什亭之匣":{"zh_cn":"什庭之匣","zh_tw":"希迪姆的箱子","jp":"シッテムの箱","en":"Shittim Chests","kr":"싯딤의 상자","pinyin":"shentingzhixia"},"克洛诺斯报道部":{"zh_cn":"克洛诺斯报道部","zh_tw":"克洛諾斯報道部","jp":"クロノス 報道部","en":"Cronos Press","kr":"크로노스 보도부","pinyin":"keluonuosibaodaobu"},"凯坦泽":{"zh_cn":"凯坦泽","zh_tw":"凱坦澤","jp":"カイテンジャー","en":"Kaitenger","kr":"카이텐저","pinyin":"kaitanze"},"凯撒集团":{"zh_cn":"凯撒","zh_tw":"凱撒","jp":"カイザー","en":"Kaiser","kr":"카이저","pinyin":"kaisajituan"},"十字神明":{"zh_cn":"十字神名","zh_tw":"十字神名","jp":"デカグラマトン","en":"Decagrammaton","kr":"데카그라마톤","pinyin":"shizishenming"},"夏莱":{"zh_cn":"联邦搜查社团「夏莱」","zh_tw":"聯邦搜查社團「夏萊」","jp":"連邦捜査部「シャーレ」","en":"Schale, Independent Federal Investigation Club","kr":"연방수사동아리 <S.C.H.A.L.E>","pinyin":"xialai"},"天使24":{"zh_cn":"天使24","zh_tw":"天使24","jp":"エンジェル24","en":"Angel 24","kr":"엔젤 24","pinyin":"tianshi24"},"所属不明-其他":{"zh_cn":"所属不明","zh_tw":"所屬不明","jp":"所属不明","en":"Unknown","kr":"소속 불명","pinyin":"suoshubuming-qita"},"所确幸":{"zh_cn":"所确幸","zh_tw":"所確幸","jp":"所確幸","en":"Tokorokiyuki","kr":"소확행","pinyin":"suoquexing"},"数秘术":{"zh_cn":"数秘术","zh_tw":"蓋瑪特利亞","jp":"ゲマトリア","en":"Gematria","kr":"게마트리아","pinyin":"shumishu"},"斯兰皮亚":{"zh_cn":"斯兰皮亚","zh_tw":"斯兰皮亚","jp":"スランピア","en":"Slumpia","kr":"슬럼피아","pinyin":"silanpiya"},"无名众神":{"zh_cn":"无名众神","zh_tw":"无名众神","jp":"名もなき神","en":"Nameless Gods","kr":"이름 없는 신","pinyin":"wumingzhongshen"},"无限怪谈图书馆":{"zh_cn":"无限怪谈图书馆","zh_tw":"無限怪談圖書館","jp":"The Library of Lore","en":"The Library of Lore","kr":"The Library of Lore","pinyin":"wuxianguaitantushuguan"},"机器人":{"zh_cn":"机器人","zh_tw":"機器人","jp":"オートマタ","en":"Automata","kr":"오토마타","pinyin":"jiqiren"},"柴关拉面":{"zh_cn":"柴关拉面","zh_tw":"柴關拉麵","jp":"柴関ラーメン","en":"Sibaseki Ramen","kr":"시바세키 라멘","pinyin":"chaiguanlamian"},"联邦学生会":{"zh_cn":"联邦学生会","zh_tw":"聯邦學生會","jp":"連邦生徒会","en":"GSC","kr":"연방학생회","pinyin":"lianbangxueshenghui"},"色彩":{"zh_cn":"色彩","zh_tw":"色彩","jp":"色彩","en":"Color","kr":"색채","pinyin":"secai"},"诸圣相通":{"zh_cn":"诸圣相通","zh_tw":"諸聖相通","jp":"コムニオ・サンクトラム","en":"Communio Sanctorum","kr":"코뮤니오 상토룸","pinyin":"zhushengxiangtong"}},"千年":{"C&C":{"zh_cn":"C&C","zh_tw":"C&C","jp":"Cleaning & Clearing","en":"Cleaning & Clearing","kr":"Cleaning & Clearing","pinyin":"C&C"},"伪科学部":{"zh_cn":"伪科学部","zh_tw":"偽科学部","jp":"疑似科学部","en":"Pseudoscience","kr":"유사과학부","pinyin":"weikexuebu"},"健身部":{"zh_cn":"健身部","zh_tw":"健身部","jp":"トレーニング部","en":"Gym Training","kr":"트레이닝부","pinyin":"jianshenbu"},"工程部":{"zh_cn":"工程部","zh_tw":"工程師部","jp":"エンジニア部","en":"Engineering","kr":"엔지니어부","pinyin":"gongchengbu"},"所属不明-千年":{"zh_cn":"所属不明","zh_tw":"所屬不明","jp":"所属不明","en":"Unknown","kr":"소속 불명","pinyin":"suoshubuming-qiannian"},"游戏开发部":{"zh_cn":"游戏开发部","zh_tw":"遊戲開發部","jp":"ゲーム開発部","en":"Game Development","kr":"게임개발부","pinyin":"youxikaifabu"},"特异现象搜查部":{"zh_cn":"特异现象搜查部","zh_tw":"特異現象搜查部","jp":"特異現象捜査部","en":"Super Phenomenon Task Force","kr":"초현상특무부","pinyin":"teyixianxiangsouzhabu"},"真理部":{"zh_cn":"真理部","zh_tw":"貝利塔斯","jp":"ヴェリタス","en":"Veritas","kr":"베리타스","pinyin":"zhenlibu"},"研讨会":{"zh_cn":"研讨会","zh_tw":"研討會","jp":"セミナー","en":"Seminar","kr":"세미나","pinyin":"yantaohui"}},"圣三一":{"修女会":{"zh_cn":"修女会","zh_tw":"修女會","jp":"シスターフッド","en":"Sisterhood","kr":"시스터후드","pinyin":"xiunvhui"},"图书委员会":{"zh_cn":"图书委员会","zh_tw":"圖書委員會","jp":"図書委員会","en":"Library Committee","kr":"도서부","pinyin":"tushuweiyuanhui"},"圣三一自警团":{"zh_cn":"圣三一自警团","zh_tw":"聖三一自警團","jp":"トリニティ自警団","en":"Vigilante Crew","kr":"트리니티 자경단","pinyin":"shengsanyizijingtuan"},"头盔团":{"zh_cn":"头盔团","zh_tw":"頭盔團","jp":"ヘルメット団","en":"Helmet Gang","kr":"헬멧단","pinyin":"toukuituan"},"所属不明-圣三一":{"zh_cn":"所属不明","zh_tw":"所屬不明","jp":"所属不明","en":"Unknown","kr":"소속 불명","pinyin":"suoshubuming-shengsanyi"},"放学后甜品部":{"zh_cn":"放学后甜品部","zh_tw":"放學後甜品部","jp":"放課後スイーツ部","en":"After-School Sweets Club","kr":"방과후 디저트부","pinyin":"fangxuehoutianpinbu"},"救护骑士团":{"zh_cn":"救护骑士团","zh_tw":"救護騎士團","jp":"救護騎士団","en":"Remedial Knights","kr":"구호기사단","pinyin":"jiuhuqishituan"},"正义实现委员会":{"zh_cn":"正义实现委员会","zh_tw":"正義實現委員會","jp":"正義実現委員会","en":"Justice Task Force","kr":"정의실현부","pinyin":"zhengyishixianweiyuanhui"},"茶会":{"zh_cn":"茶会","zh_tw":"茶會","jp":"ティーパーティー","en":"Tea Party","kr":"티 파티","pinyin":"chahui"},"补习部":{"zh_cn":"补习部","zh_tw":"補習部","jp":"補習授業部","en":"Make-Up Work Club","kr":"보충수업부","pinyin":"buxibu"}},"山海经":{"京剧部":{"zh_cn":"京剧部","zh_tw":"京劇部","jp":"京劇部","en":"Peking Opera","kr":"경극과","pinyin":"jingjubu"},"所属不明-山海经":{"zh_cn":"所属不明","zh_tw":"所屬不明","jp":"所属不明","en":"Unknown","kr":"소속 불명","pinyin":"suoshubuming-shanhaijing"},"梅花园":{"zh_cn":"教育支援部「梅花园」","zh_tw":"教育支援部「梅花園」","jp":"訓育支援部「梅花園」","en":"Plum Blossom Garden","kr":"훈육지원부 「매화원」","pinyin":"meihuayuan"},"炼丹术研究会":{"zh_cn":"炼丹术研究会","zh_tw":"煉丹術研究會","jp":"練丹術研究会","en":"Eastern Alchemy Society","kr":"연단방","pinyin":"liandanshuyanjiuhui"},"玄武商会":{"zh_cn":"玄武商会","zh_tw":"玄武商會","jp":"玄武商会","en":"Genbu Shokai","kr":"현무상회","pinyin":"xuanwushanghui"},"玄龙门":{"zh_cn":"玄龙门","zh_tw":"玄龍門","jp":"玄竜門","en":"Genryumon","kr":"현룡문","pinyin":"xuanlongmen"}},"格黑娜":{"万魔殿":{"zh_cn":"万魔殿","zh_tw":"萬魔殿","jp":"万魔殿","en":"Pandemonium Society","kr":"만마전","pinyin":"wanmodian"},"便利屋68":{"zh_cn":"便利屋68","zh_tw":"便利屋68","jp":"便利屋68","en":"Problem Solver 68","kr":"흥신소68","pinyin":"bianliwu68"},"归宅部":{"zh_cn":"归宅部","zh_tw":"歸宅部","jp":"帰宅部","en":"Go-Home Club","kr":"귀가부","pinyin":"guizhaibu"},"所属不明-格黑娜":{"zh_cn":"所属不明","zh_tw":"所屬不明","jp":"所属不明","en":"Unknown","kr":"소속 불명","pinyin":"suoshubuming-geheina"},"救急医学部":{"zh_cn":"救急医学部","zh_tw":"救急醫學部","jp":"救急医学部","en":"Emargency Medicine Club","kr":"응급의학부","pinyin":"jiujiyixuebu"},"温泉开发部":{"zh_cn":"温泉开发部","zh_tw":"溫泉開發部","jp":"温泉開発部","en":"Onsen Development Club","kr":"온천개발부","pinyin":"wenquankaifabu"},"给食部":{"zh_cn":"给食部","zh_tw":"給食部","jp":"給食部","en":"School Lunch Club","kr":"급양부","pinyin":"geishibu"},"美食研究部":{"zh_cn":"美食研究会","zh_tw":"美食研究會","jp":"美食研究会","en":"Gourmet Research Society","kr":"미식연구회","pinyin":"meishiyanjiubu"},"风纪委员会":{"zh_cn":"风纪委员会","zh_tw":"糾察部","jp":"風紀委員会","en":"Prefect Team","kr":"선도부","pinyin":"fengjiweiyuanhui"}},"海兰德":{"CCC":{"zh_cn":"中央管制中心","zh_tw":"中央管制中心","jp":"CCC","en":"CCC","kr":"CCC","pinyin":"CCC"},"所属不明-海兰德":{"zh_cn":"所属不明","zh_tw":"所屬不明","jp":"所属不明","en":"Unknown","kr":"소속 불명","pinyin":"suoshubuming-hailande"},"海兰德监理室":{"zh_cn":"海兰德监理室","zh_tw":"海蘭德監理室","jp":"ハイランダー監理室","en":"Highlander Supervision Office","kr":"하이랜더 감리실","pinyin":"hailandejianlishi"},"货物输送管理部":{"zh_cn":"货物输送管理部","zh_tw":"貨物輸送管理部","jp":"貨物輸送管理部","en":"Freight Transport Managemen","kr":"화물운송 관리부","pinyin":"huowushusongguanlibu"}},"狂猎艺术":{"特殊交易部":{"zh_cn":"特殊交易部","zh_tw":"特殊交易部","jp":"特殊交易部","en":"Free Trade Cartel club","kr":"특수교역부","pinyin":"teshujiaoyibu"},"神秘学研究会":{"zh_cn":"神秘学研究会","zh_tw":"神祕學研究會","jp":"オカルト研究会","en":"Occult Research","kr":"오컬트 연구회","pinyin":"shenmixueyanjiuhui"},"舍监队":{"zh_cn":"舍监队","zh_tw":"舍監隊","jp":"寮監隊","en":"Dormitory Supervisors","kr":"사감대","pinyin":"shejiandui"}},"瓦尔基里":{"公安局":{"zh_cn":"公安局","zh_tw":"公安局","jp":"公安局","en":"Public Security Bureau","kr":"공안국","pinyin":"gonganju"},"所属不明-瓦尔基里":{"zh_cn":"所属不明","zh_tw":"所屬不明","jp":"所属不明","en":"Unknown","kr":"소속 불명","pinyin":"suoshubuming-waerjili"},"生活安全局":{"zh_cn":"生活安全局","zh_tw":"生活安全局","jp":"生活安全局","en":"Community Safety Bureau","kr":"생활안전국","pinyin":"shenghuoanquanju"}},"百鬼夜行":{"修行部":{"zh_cn":"修行部","zh_tw":"執行部","jp":"修行部","en":"Etiquette Training Society","kr":"수행부","pinyin":"xiuxingbu"},"庆典运营委员会":{"zh_cn":"庆典运营委员会","zh_tw":"慶典運營委員會","jp":"お祭り運営委員会","en":"Festival Management Committee","kr":"마츠리운영관리부","pinyin":"qingdianyunyingweiyuanhui"},"忍术研究部":{"zh_cn":"忍术研究部","zh_tw":"忍術研究部","jp":"忍術研究部","en":"Ninjutsu Research","kr":"인법연구부","pinyin":"renshuyanjiubu"},"所属不明-百鬼夜行":{"zh_cn":"所属不明","zh_tw":"所屬不明","jp":"所属不明","en":"Unknown","kr":"소속 불명","pinyin":"suoshubuming-baiguiyexing"},"百物语":{"zh_cn":"百物语","zh_tw":"百物語","jp":"百物語","en":"Hyakumonogatari Kaidankai","kr":"백물어","pinyin":"baiwuyu"},"百花缭乱纷争调停委员会":{"zh_cn":"百花缭乱纷争调停委员会","zh_tw":"百花繚亂紛爭調停委員會","jp":"百花繚乱紛争調停委員会","en":"Hyakkayouran Conflict Resolution Council","kr":"백화요란 분쟁조정위원회","pinyin":"baihualiaoluanfenzhengtiaotingweiyuanhui"},"花鸟风月部":{"zh_cn":"花鸟风月部","zh_tw":"花鳥風月部","jp":"花鳥風月部","en":"Kachouhuugetsu","kr":"화조풍월부","pinyin":"huaniaofengyuebu"},"阴阳部":{"zh_cn":"阴阳部","zh_tw":"陰陽部","jp":"陰陽部","en":"Yin-Yang Club","kr":"음양부","pinyin":"yinyangbu"},"魑魅一座":{"zh_cn":"魑魅一座・路上流","zh_tw":"二水魅劇團路流","jp":"魑魅一座・路上流","en":"Chimi Ichiza Rojou Ryu","kr":"이매일좌 노상류","pinyin":"chimeiyizuo"}},"赤冬":{"227号特别班":{"zh_cn":"227号特别班","zh_tw":"227號特別班","jp":"227号特別クラス","en":"Spec Ops.227","kr":"227호 특별반","pinyin":"227haotebieban"},"出版部":{"zh_cn":"出版部","zh_tw":"出版部","jp":"出版部","en":"Publishing","kr":"출판부","pinyin":"chubanbu"},"工务部":{"zh_cn":"工务部","zh_tw":"工務部","jp":"工務部","en":"Construction","kr":"용역부","pinyin":"gongwubu"},"知识解放战线":{"zh_cn":"知识解放战线","zh_tw":"知識解放戰線","jp":"知識解放戦線","en":"Knowledge Liberation Front","kr":"지식해방전선","pinyin":"zhishijiefangzhanxian"},"赤冬事务局":{"zh_cn":"赤冬事务局","zh_tw":"赤冬事務局","jp":"レッドウィンター事務局","en":"REDWINTER Secretariat","kr":"붉은겨울 사무국","pinyin":"chidongshiwuju"}},"阿比多斯":{"对策委员会":{"zh_cn":"对策委员会","zh_tw":"對策委員會","jp":"対策委員会","en":"Countermeasures Council","kr":"대책위원회","pinyin":"duiceweiyuanhui"}},"阿里乌斯":{"所属不明-阿里乌斯":{"zh_cn":"所属不明","zh_tw":"所屬不明","jp":"所属不明","en":"Unknown","kr":"소속 불명","pinyin":"suoshubuming-aliwusi"},"特殊小队":{"zh_cn":"阿里乌斯特殊小队","zh_tw":"阿里烏斯特殊小隊","jp":"アリウス スクワッド","en":"Arius Squad","kr":"아리우스 스쿼드","pinyin":"teshuxiaodui"}}}