{"刺客":{"school":"NPC角色","club":"剧情NPC","head":"cike","name":{"zh_cn":"","zh_tw":"","jp":"","en":"","kr":"","pinyin":"cike"}},"医生":{"school":"NPC角色","club":"剧情NPC","head":"yisheng","name":{"zh_cn":"","zh_tw":"","jp":"","en":"","kr":"","pinyin":"yisheng"}},"占卜师":{"school":"NPC角色","club":"剧情NPC","head":"zhanbushi","name":{"zh_cn":"","zh_tw":"","jp":"","en":"","kr":"","pinyin":"zhanbushi"}},"彼得":{"school":"NPC角色","club":"剧情NPC","head":"egunbide,egunbide2","name":{"zh_cn":"","zh_tw":"","jp":"","en":"","kr":"","pinyin":"bide"}},"德奥":{"school":"NPC角色","club":"剧情NPC","head":"deao","name":{"zh_cn":"","zh_tw":"","jp":"","en":"","kr":"","pinyin":"deao"}},"扎拉尔":{"school":"NPC角色","club":"剧情NPC","head":"xiongtu1","name":{"zh_cn":"","zh_tw":"","jp":"","en":"","kr":"","pinyin":"zhalaer"}},"梅克罗卡":{"school":"NPC角色","club":"剧情NPC","head":"meikeluoka","name":{"zh_cn":"","zh_tw":"","jp":"","en":"","kr":"","pinyin":"meikeluoka"}},"碧桂":{"school":"NPC角色","club":"剧情NPC","head":"bigui","name":{"zh_cn":"","zh_tw":"","jp":"","en":"","kr":"","pinyin":"bigui"}},"神灯精灵":{"school":"NPC角色","club":"剧情NPC","head":"shendengjinglingR","name":{"zh_cn":"","zh_tw":"","jp":"","en":"","kr":"","pinyin":"shendengjingling"}},"罗德":{"school":"NPC角色","club":"剧情NPC","head":"luode","name":{"zh_cn":"","zh_tw":"","jp":"","en":"","kr":"","pinyin":"luode"}},"辰龙侍女":{"school":"NPC角色","club":"剧情NPC","head":"chenlongshinv","name":{"zh_cn":"","zh_tw":"","jp":"","en":"","kr":"","pinyin":"chenlongshinv"}},"迪亚里托":{"school":"NPC角色","club":"剧情NPC","head":"diyalituo","name":{"zh_cn":"","zh_tw":"","jp":"","en":"","kr":"","pinyin":"diyalituo"}},"阿桑斯":{"school":"NPC角色","club":"剧情NPC","head":"asangsi","name":{"zh_cn":"","zh_tw":"","jp":"","en":"","kr":"","pinyin":"asangsi"}},"韦布里恩":{"school":"NPC角色","club":"剧情NPC","head":"weibulien","name":{"zh_cn":"","zh_tw":"","jp":"","en":"","kr":"","pinyin":"weibulien"}},"马尔吉纳":{"school":"NPC角色","club":"剧情NPC","head":"maerjina","name":{"zh_cn":"","zh_tw":"","jp":"","en":"","kr":"","pinyin":"maerjina"}},"黑面纱":{"school":"NPC角色","club":"剧情NPC","head":"heimiansha","name":{"zh_cn":"","zh_tw":"","jp":"","en":"","kr":"","pinyin":"heimiansha"}},"使徒":{"school":"NPC角色","club":"反派角色","head":"renxingshitu","name":{"zh_cn":"","zh_tw":"","jp":"","en":"","kr":"","pinyin":"shitu"}},"厨怪":{"school":"NPC角色","club":"反派角色","head":"chuguai","name":{"zh_cn":"","zh_tw":"","jp":"","en":"","kr":"","pinyin":"chuguai"}},"咎瓦尤斯":{"school":"NPC角色","club":"反派角色","head":"jiuwayousi,jiuwayousiwuci","name":{"zh_cn":"","zh_tw":"","jp":"","en":"","kr":"","pinyin":"jiuwayousi"}},"年兽":{"school":"NPC角色","club":"反派角色","head":"nianshourenxing","name":{"zh_cn":"","zh_tw":"","jp":"","en":"","kr":"","pinyin":"nianshou"}},"愤怒":{"school":"NPC角色","club":"反派角色","head":"fennubai,fennuhong","name":{"zh_cn":"","zh_tw":"","jp":"","en":"","kr":"","pinyin":"fennu"}},"懒惰":{"school":"NPC角色","club":"反派角色","head":"landuo","name":{"zh_cn":"","zh_tw":"","jp":"","en":"","kr":"","pinyin":"landuo"}},"戏剧家":{"school":"NPC角色","club":"反派角色","head":"xijujia","name":{"zh_cn":"","zh_tw":"","jp":"","en":"","kr":"","pinyin":"xijujia"}},"暴食":{"school":"NPC角色","club":"反派角色","head":"baoshi","name":{"zh_cn":"","zh_tw":"","jp":"","en":"","kr":"","pinyin":"baoshi"}},"狄妮莎":{"school":"NPC角色","club":"反派角色","head":"dinisha,dinisha2","name":{"zh_cn":"","zh_tw":"","jp":"","en":"","kr":"","pinyin":"dinisha"}},"色欲":{"school":"NPC角色","club":"反派角色","head":"seyu","name":{"zh_cn":"","zh_tw":"","jp":"","en":"","kr":"","pinyin":"seyu"}},"莉莉布朗尼":{"school":"NPC角色","club":"反派角色","head":"lilibulangni,lilibulangnishitu","name":{"zh_cn":"","zh_tw":"","jp":"","en":"","kr":"","pinyin":"lilibulangni"}},"西蒙":{"school":"NPC角色","club":"反派角色","head":"ximengshitu","name":{"zh_cn":"","zh_tw":"","jp":"","en":"","kr":"","pinyin":"ximeng"}},"金主":{"school":"NPC角色","club":"反派角色","head":"jinzhu","name":{"zh_cn":"","zh_tw":"","jp":"","en":"","kr":"","pinyin":"jinzhu"}},"黑影":{"school":"NPC角色","club":"反派角色","head":"xiaoguaiheiying","name":{"zh_cn":"","zh_tw":"","jp":"","en":"","kr":"","pinyin":"heiying"}},"丹鼠":{"school":"NPC角色","club":"怪物(无差分)","head":"CharID_0","name":{"zh_cn":"","zh_tw":"","jp":"","en":"","kr":"","pinyin":"danshu"}},"云沫狐":{"school":"NPC角色","club":"怪物(无差分)","head":"CharID_1","name":{"zh_cn":"","zh_tw":"","jp":"","en":"","kr":"","pinyin":"yunmohu"}},"公主骑士偶":{"school":"NPC角色","club":"怪物(无差分)","head":"CharID_2","name":{"zh_cn":"","zh_tw":"","jp":"","en":"","kr":"","pinyin":"gongzhuqishiou"}},"凋败妖蝇":{"school":"NPC角色","club":"怪物(无差分)","head":"CharID_3","name":{"zh_cn":"","zh_tw":"","jp":"","en":"","kr":"","pinyin":"diaobaiyaoying"}},"刃行怪":{"school":"NPC角色","club":"怪物(无差分)","head":"CharID_4","name":{"zh_cn":"","zh_tw":"","jp":"","en":"","kr":"","pinyin":"renxingguai"}},"刃行者":{"school":"NPC角色","club":"怪物(无差分)","head":"CharID_5","name":{"zh_cn":"","zh_tw":"","jp":"","en":"","kr":"","pinyin":"renxingzhe"}},"刃行魔":{"school":"NPC角色","club":"怪物(无差分)","head":"CharID_6","name":{"zh_cn":"","zh_tw":"","jp":"","en":"","kr":"","pinyin":"renxingmo"}},"厚垣蕈人":{"school":"NPC角色","club":"怪物(无差分)","head":"CharID_7","name":{"zh_cn":"","zh_tw":"","jp":"","en":"","kr":"","pinyin":"houyuanxunren"}},"厨妖":{"school":"NPC角色","club":"怪物(无差分)","head":"CharID_8","name":{"zh_cn":"","zh_tw":"","jp":"","en":"","kr":"","pinyin":"chuyao"}},"厨鬼":{"school":"NPC角色","club":"怪物(无差分)","head":"CharID_10","name":{"zh_cn":"","zh_tw":"","jp":"","en":"","kr":"","pinyin":"chugui"}},"吞噬怪":{"school":"NPC角色","club":"怪物(无差分)","head":"CharID_11","name":{"zh_cn":"","zh_tw":"","jp":"","en":"","kr":"","pinyin":"tunshiguai"}},"命鼠":{"school":"NPC角色","club":"怪物(无差分)","head":"CharID_12","name":{"zh_cn":"","zh_tw":"","jp":"","en":"","kr":"","pinyin":"mingshu"}},"咒行鵺":{"school":"NPC角色","club":"怪物(无差分)","head":"CharID_14","name":{"zh_cn":"","zh_tw":"","jp":"","en":"","kr":"","pinyin":"zhouxing鵺"}},"器傀":{"school":"NPC角色","club":"怪物(无差分)","head":"CharID_15","name":{"zh_cn":"","zh_tw":"","jp":"","en":"","kr":"","pinyin":"qikui"}},"噬命刃":{"school":"NPC角色","club":"怪物(无差分)","head":"CharID_16","name":{"zh_cn":"","zh_tw":"","jp":"","en":"","kr":"","pinyin":"shimingren"}},"噬怒魔":{"school":"NPC角色","club":"怪物(无差分)","head":"CharID_17","name":{"zh_cn":"","zh_tw":"","jp":"","en":"","kr":"","pinyin":"shinumo"}},"夺心魔":{"school":"NPC角色","club":"怪物(无差分)","head":"CharID_18","name":{"zh_cn":"","zh_tw":"","jp":"","en":"","kr":"","pinyin":"duoxinmo"}},"妄兽":{"school":"NPC角色","club":"怪物(无差分)","head":"CharID_19","name":{"zh_cn":"","zh_tw":"","jp":"","en":"","kr":"","pinyin":"wangshou"}},"婴狐":{"school":"NPC角色","club":"怪物(无差分)","head":"CharID_20","name":{"zh_cn":"","zh_tw":"","jp":"","en":"","kr":"","pinyin":"yinghu"}},"宁芙妖":{"school":"NPC角色","club":"怪物(无差分)","head":"CharID_21","name":{"zh_cn":"","zh_tw":"","jp":"","en":"","kr":"","pinyin":"ningfuyao"}},"巨食花":{"school":"NPC角色","club":"怪物(无差分)","head":"CharID_22","name":{"zh_cn":"","zh_tw":"","jp":"","en":"","kr":"","pinyin":"jushihua"}},"影巫女":{"school":"NPC角色","club":"怪物(无差分)","head":"CharID_23","name":{"zh_cn":"","zh_tw":"","jp":"","en":"","kr":"","pinyin":"yingwunv"}},"怒魔人":{"school":"NPC角色","club":"怪物(无差分)","head":"CharID_24","name":{"zh_cn":"","zh_tw":"","jp":"","en":"","kr":"","pinyin":"numoren"}},"怪邪妖精":{"school":"NPC角色","club":"怪物(无差分)","head":"CharID_25","name":{"zh_cn":"","zh_tw":"","jp":"","en":"","kr":"","pinyin":"guaixieyaojing"}},"恶神-桃":{"school":"NPC角色","club":"怪物(无差分)","head":"CharID_26","name":{"zh_cn":"","zh_tw":"","jp":"","en":"","kr":"","pinyin":"eshen-tao"}},"恶诞花妖":{"school":"NPC角色","club":"怪物(无差分)","head":"CharID_27","name":{"zh_cn":"","zh_tw":"","jp":"","en":"","kr":"","pinyin":"edanhuayao"}},"憎恶异魔":{"school":"NPC角色","club":"怪物(无差分)","head":"CharID_28","name":{"zh_cn":"","zh_tw":"","jp":"","en":"","kr":"","pinyin":"zengeyimo"}},"掠夺怪":{"school":"NPC角色","club":"怪物(无差分)","head":"CharID_29","name":{"zh_cn":"","zh_tw":"","jp":"","en":"","kr":"","pinyin":"lveduoguai"}},"播疫妖蝇":{"school":"NPC角色","club":"怪物(无差分)","head":"CharID_30","name":{"zh_cn":"","zh_tw":"","jp":"","en":"","kr":"","pinyin":"boyiyaoying"}},"梦游羊·幻魇":{"school":"NPC角色","club":"怪物(无差分)","head":"CharID_32","name":{"zh_cn":"","zh_tw":"","jp":"","en":"","kr":"","pinyin":"mengyouyang·huanyan"}},"梦游羊·惊爆":{"school":"NPC角色","club":"怪物(无差分)","head":"CharID_33","name":{"zh_cn":"","zh_tw":"","jp":"","en":"","kr":"","pinyin":"mengyouyang·jingbao"}},"梦游羊·白夜":{"school":"NPC角色","club":"怪物(无差分)","head":"CharID_34","name":{"zh_cn":"","zh_tw":"","jp":"","en":"","kr":"","pinyin":"mengyouyang·baiye"}},"梦游羊·苏生":{"school":"NPC角色","club":"怪物(无差分)","head":"CharID_35","name":{"zh_cn":"","zh_tw":"","jp":"","en":"","kr":"","pinyin":"mengyouyang·susheng"}},"深渊刺":{"school":"NPC角色","club":"怪物(无差分)","head":"CharID_36","name":{"zh_cn":"","zh_tw":"","jp":"","en":"","kr":"","pinyin":"shenyuanci"}},"深红射手":{"school":"NPC角色","club":"怪物(无差分)","head":"CharID_37","name":{"zh_cn":"","zh_tw":"","jp":"","en":"","kr":"","pinyin":"shenhongsheshou"}},"潜伏怪":{"school":"NPC角色","club":"怪物(无差分)","head":"CharID_38","name":{"zh_cn":"","zh_tw":"","jp":"","en":"","kr":"","pinyin":"qianfuguai"}},"灰烬射手":{"school":"NPC角色","club":"怪物(无差分)","head":"CharID_39","name":{"zh_cn":"","zh_tw":"","jp":"","en":"","kr":"","pinyin":"huijinsheshou"}},"炎射手":{"school":"NPC角色","club":"怪物(无差分)","head":"CharID_40","name":{"zh_cn":"","zh_tw":"","jp":"","en":"","kr":"","pinyin":"yansheshou"}},"炽炎翼":{"school":"NPC角色","club":"怪物(无差分)","head":"CharID_41","name":{"zh_cn":"","zh_tw":"","jp":"","en":"","kr":"","pinyin":"chiyanyi"}},"炽贤者":{"school":"NPC角色","club":"怪物(无差分)","head":"CharID_42","name":{"zh_cn":"","zh_tw":"","jp":"","en":"","kr":"","pinyin":"chixianzhe"}},"烛贤者":{"school":"NPC角色","club":"怪物(无差分)","head":"CharID_43","name":{"zh_cn":"","zh_tw":"","jp":"","en":"","kr":"","pinyin":"zhuxianzhe"}},"烬贤者":{"school":"NPC角色","club":"怪物(无差分)","head":"CharID_44","name":{"zh_cn":"","zh_tw":"","jp":"","en":"","kr":"","pinyin":"jinxianzhe"}},"狐魑":{"school":"NPC角色","club":"怪物(无差分)","head":"CharID_45","name":{"zh_cn":"","zh_tw":"","jp":"","en":"","kr":"","pinyin":"huchi"}},"猩红骑士偶":{"school":"NPC角色","club":"怪物(无差分)","head":"CharID_46","name":{"zh_cn":"","zh_tw":"","jp":"","en":"","kr":"","pinyin":"xinghongqishiou"}},"瓷傀":{"school":"NPC角色","club":"怪物(无差分)","head":"CharID_47","name":{"zh_cn":"","zh_tw":"","jp":"","en":"","kr":"","pinyin":"cikui"}},"白银骑士":{"school":"NPC角色","club":"怪物(无差分)","head":"CharID_48","name":{"zh_cn":"","zh_tw":"","jp":"","en":"","kr":"","pinyin":"baiyinqishi"}},"皇家骑士偶":{"school":"NPC角色","club":"怪物(无差分)","head":"CharID_49","name":{"zh_cn":"","zh_tw":"","jp":"","en":"","kr":"","pinyin":"huangjiaqishiou"}},"祸兽":{"school":"NPC角色","club":"怪物(无差分)","head":"CharID_50","name":{"zh_cn":"","zh_tw":"","jp":"","en":"","kr":"","pinyin":"huoshou"}},"竹傀儡":{"school":"NPC角色","club":"怪物(无差分)","head":"CharID_51","name":{"zh_cn":"","zh_tw":"","jp":"","en":"","kr":"","pinyin":"zhukuilei"}},"竹筒王":{"school":"NPC角色","club":"怪物(无差分)","head":"CharID_52","name":{"zh_cn":"","zh_tw":"","jp":"","en":"","kr":"","pinyin":"zhutongwang"}},"糖豆妖精":{"school":"NPC角色","club":"怪物(无差分)","head":"CharID_53","name":{"zh_cn":"","zh_tw":"","jp":"","en":"","kr":"","pinyin":"tangdouyaojing"}},"艾卡希猎手":{"school":"NPC角色","club":"怪物(无差分)","head":"CharID_55","name":{"zh_cn":"","zh_tw":"","jp":"","en":"","kr":"","pinyin":"aikaxilieshou"}},"蕈人":{"school":"NPC角色","club":"怪物(无差分)","head":"CharID_57","name":{"zh_cn":"","zh_tw":"","jp":"","en":"","kr":"","pinyin":"xunren"}},"蕈人酋长":{"school":"NPC角色","club":"怪物(无差分)","head":"CharID_58","name":{"zh_cn":"","zh_tw":"","jp":"","en":"","kr":"","pinyin":"xunrenqiuchang"}},"蝇斥候":{"school":"NPC角色","club":"怪物(无差分)","head":"CharID_59","name":{"zh_cn":"","zh_tw":"","jp":"","en":"","kr":"","pinyin":"yingchihou"}},"诡戏妖精":{"school":"NPC角色","club":"怪物(无差分)","head":"CharID_61","name":{"zh_cn":"","zh_tw":"","jp":"","en":"","kr":"","pinyin":"guixiyaojing"}},"赤面":{"school":"NPC角色","club":"怪物(无差分)","head":"CharID_62","name":{"zh_cn":"","zh_tw":"","jp":"","en":"","kr":"","pinyin":"chimian"}},"铁骑士":{"school":"NPC角色","club":"怪物(无差分)","head":"CharID_63","name":{"zh_cn":"","zh_tw":"","jp":"","en":"","kr":"","pinyin":"tieqishi"}},"食人花":{"school":"NPC角色","club":"怪物(无差分)","head":"CharID_64","name":{"zh_cn":"","zh_tw":"","jp":"","en":"","kr":"","pinyin":"shirenhua"}},"黄金骑士":{"school":"NPC角色","club":"怪物(无差分)","head":"CharID_65","name":{"zh_cn":"","zh_tw":"","jp":"","en":"","kr":"","pinyin":"huangjinqishi"}},"黑面纱之怨":{"school":"NPC角色","club":"怪物(无差分)","head":"CharID_66","name":{"zh_cn":"","zh_tw":"","jp":"","en":"","kr":"","pinyin":"heimianshazhiyuan"}},"黑面纱之魅":{"school":"NPC角色","club":"怪物(无差分)","head":"CharID_67","name":{"zh_cn":"","zh_tw":"","jp":"","en":"","kr":"","pinyin":"heimianshazhimei"}},"黑面纱之魇":{"school":"NPC角色","club":"怪物(无差分)","head":"CharID_68","name":{"zh_cn":"","zh_tw":"","jp":"","en":"","kr":"","pinyin":"heimianshazhiyan"}},"鼎生":{"school":"NPC角色","club":"怪物(无差分)","head":"CharID_69","name":{"zh_cn":"","zh_tw":"","jp":"","en":"","kr":"","pinyin":"dingsheng"}},"信隼":{"school":"NPC角色","club":"龙套","head":"xinsun","name":{"zh_cn":"","zh_tw":"","jp":"","en":"","kr":"","pinyin":"xinsun"}},"农民":{"school":"NPC角色","club":"龙套","head":"nanrenshoushang_tao_huodong,nanren_tao_huodong,nongfu_tao_huodong","name":{"zh_cn":"","zh_tw":"","jp":"","en":"","kr":"","pinyin":"nongmin"}},"天使":{"school":"NPC角色","club":"龙套","head":"tianshi2","name":{"zh_cn":"","zh_tw":"","jp":"","en":"","kr":"","pinyin":"tianshi"}},"女性":{"school":"NPC角色","club":"龙套","head":"nvzhongnian","name":{"zh_cn":"","zh_tw":"","jp":"","en":"","kr":"","pinyin":"nvxing"}},"富商":{"school":"NPC角色","club":"龙套","head":"furen_tao_huodong","name":{"zh_cn":"","zh_tw":"","jp":"","en":"","kr":"","pinyin":"fushang"}},"小孩":{"school":"NPC角色","club":"龙套","head":"liulangertong,liulangertong2,xiaonanhai,xiaonanhai_qingdian,xiaonvhai,xiaonvhai_qingdian,xiaonvhai_tao_huodong","name":{"zh_cn":"","zh_tw":"","jp":"","en":"","kr":"","pinyin":"xiaohai"}},"少女":{"school":"NPC角色","club":"龙套","head":"banshourenshaonv","name":{"zh_cn":"","zh_tw":"","jp":"","en":"","kr":"","pinyin":"shaonv"}},"帽将":{"school":"NPC角色","club":"龙套","head":"maojiang","name":{"zh_cn":"","zh_tw":"","jp":"","en":"","kr":"","pinyin":"maojiang"}},"平民":{"school":"NPC角色","club":"龙套","head":"pingmin","name":{"zh_cn":"","zh_tw":"","jp":"","en":"","kr":"","pinyin":"pingmin"}},"拉亚谢尔":{"school":"NPC角色","club":"龙套","head":"layaxieerdekaerpeien","name":{"zh_cn":"","zh_tw":"","jp":"","en":"","kr":"","pinyin":"layaxieer"}},"服务员":{"school":"NPC角色","club":"龙套","head":"maoniangfuwuyuan","name":{"zh_cn":"","zh_tw":"","jp":"","en":"","kr":"","pinyin":"fuwuyuan"}},"游民":{"school":"NPC角色","club":"龙套","head":"youmin","name":{"zh_cn":"","zh_tw":"","jp":"","en":"","kr":"","pinyin":"youmin"}},"矿工":{"school":"NPC角色","club":"龙套","head":"emokuanggongnan,emokuanggongnv","name":{"zh_cn":"","zh_tw":"","jp":"","en":"","kr":"","pinyin":"kuanggong"}},"精灵":{"school":"NPC角色","club":"龙套","head":"jinglingnan,jinglingnv","name":{"zh_cn":"","zh_tw":"","jp":"","en":"","kr":"","pinyin":"jingling"}},"老人":{"school":"NPC角色","club":"龙套","head":"laonainai","name":{"zh_cn":"","zh_tw":"","jp":"","en":"","kr":"","pinyin":"laoren"}},"贵族":{"school":"NPC角色","club":"龙套","head":"guizu,guizulaotou,guizunv,longnvguizu","name":{"zh_cn":"","zh_tw":"","jp":"","en":"","kr":"","pinyin":"guizu"}},"青年":{"school":"NPC角色","club":"龙套","head":"eba_tao_huodong","name":{"zh_cn":"","zh_tw":"","jp":"","en":"","kr":"","pinyin":"qingnian"}},"餐厅老板":{"school":"NPC角色","club":"龙套","head":"cantinglaoban","name":{"zh_cn":"","zh_tw":"","jp":"","en":"","kr":"","pinyin":"cantinglaoban"}},"骑士":{"school":"NPC角色","club":"龙套","head":"hongqishi,lanqishi","name":{"zh_cn":"","zh_tw":"","jp":"","en":"","kr":"","pinyin":"qishi"}},"魔女":{"school":"NPC角色","club":"龙套","head":"putongmonv,xunhuimonv","name":{"zh_cn":"","zh_tw":"","jp":"","en":"","kr":"","pinyin":"monv"}},"丘吉尔":{"school":"你的后宫","club":"星痕","head":"3014022,301402201,qiujier","name":{"zh_cn":"","zh_tw":"","jp":"","en":"","kr":"","pinyin":"qiujier"}},"丹妮":{"school":"你的后宫","club":"星痕","head":"3015002,301500201,danni","name":{"zh_cn":"","zh_tw":"","jp":"","en":"","kr":"","pinyin":"danni"}},"仙蒂":{"school":"你的后宫","club":"星痕","head":"3016038,xiandi","name":{"zh_cn":"","zh_tw":"","jp":"","en":"","kr":"","pinyin":"xiandi"}},"伊卡洛斯":{"school":"你的后宫","club":"星痕","head":"3016130,301613001,yikaluosi","name":{"zh_cn":"","zh_tw":"","jp":"","en":"","kr":"","pinyin":"yikaluosi"}},"伊拉":{"school":"你的后宫","club":"星痕","head":"3014031,301403101,yila","name":{"zh_cn":"","zh_tw":"","jp":"","en":"","kr":"","pinyin":"yila"}},"佩内洛普":{"school":"你的后宫","club":"星痕","head":"3016023,peineiluopu,peineiluopu_x","name":{"zh_cn":"","zh_tw":"","jp":"","en":"","kr":"","pinyin":"peineiluopu"}},"克尔苏娜":{"school":"你的后宫","club":"星痕","head":"3016013,301601301,keersuna","name":{"zh_cn":"","zh_tw":"","jp":"","en":"","kr":"","pinyin":"keersuna"}},"卡洛蒂":{"school":"你的后宫","club":"星痕","head":"3014028,kaluodi","name":{"zh_cn":"","zh_tw":"","jp":"","en":"","kr":"","pinyin":"kaluodi"}},"卡萝琳":{"school":"你的后宫","club":"星痕","head":"3016011,243016011,kaluolin","name":{"zh_cn":"","zh_tw":"","jp":"","en":"","kr":"","pinyin":"kaluolin"}},"吉拉蒂亚":{"school":"你的后宫","club":"星痕","head":"3016009,301600901,301600903,301600904,jiladiya,jiladiya2,jiladiya_LSJR,jiladiya_SHMY","name":{"zh_cn":"","zh_tw":"","jp":"","en":"","kr":"","pinyin":"jiladiya"}},"哀歌":{"school":"你的后宫","club":"星痕","head":"3013015,aige","name":{"zh_cn":"","zh_tw":"","jp":"","en":"","kr":"","pinyin":"aige"}},"塔嘉娜":{"school":"你的后宫","club":"星痕","head":"3016189,tajiana","name":{"zh_cn":"","zh_tw":"","jp":"","en":"","kr":"","pinyin":"tajiana"}},"塞蕾丝蒂娜":{"school":"你的后宫","club":"星痕","head":"3016024,213016024,301602401,saileisidina,saileisidina_YDZB","name":{"zh_cn":"","zh_tw":"","jp":"","en":"","kr":"","pinyin":"saileisidina"}},"多萝西":{"school":"你的后宫","club":"星痕","head":"3013025","name":{"zh_cn":"","zh_tw":"","jp":"","en":"","kr":"","pinyin":"duoluoxi"}},"奈奈芙":{"school":"你的后宫","club":"星痕","head":"3013009,nainaifu","name":{"zh_cn":"","zh_tw":"","jp":"","en":"","kr":"","pinyin":"nainaifu"}},"奈奥米":{"school":"你的后宫","club":"星痕","head":"3016020,301602001,naiaomi,naiaomi_YXYL","name":{"zh_cn":"","zh_tw":"","jp":"","en":"","kr":"","pinyin":"naiaomi"}},"安娜":{"school":"你的后宫","club":"星痕","head":"3014030,301403001,aluweier,shaonvanna","name":{"zh_cn":"","zh_tw":"","jp":"","en":"","kr":"","pinyin":"anna"}},"安普莎":{"school":"你的后宫","club":"星痕","head":"3014025,301402501,301402502,anpusha","name":{"zh_cn":"","zh_tw":"","jp":"","en":"","kr":"","pinyin":"anpusha"}},"小闪":{"school":"你的后宫","club":"星痕","head":"3016031,301603101,xiaoshan","name":{"zh_cn":"","zh_tw":"","jp":"","en":"","kr":"","pinyin":"xiaoshan"}},"希夕莉":{"school":"你的后宫","club":"星痕","head":"3015006,301500601,xixili","name":{"zh_cn":"","zh_tw":"","jp":"","en":"","kr":"","pinyin":"xixili"}},"希尔芙":{"school":"你的后宫","club":"星痕","head":"3011002,xierfu","name":{"zh_cn":"","zh_tw":"","jp":"","en":"","kr":"","pinyin":"xierfu"}},"库萝心":{"school":"你的后宫","club":"星痕","head":"3013019,kuluoxin","name":{"zh_cn":"","zh_tw":"","jp":"","en":"","kr":"","pinyin":"kuluoxin"}},"库萝爱":{"school":"你的后宫","club":"星痕","head":"3014026,kuluoai","name":{"zh_cn":"","zh_tw":"","jp":"","en":"","kr":"","pinyin":"kuluoai"}},"异邦波斯菊":{"school":"你的后宫","club":"星痕","head":"3016187,301618701","name":{"zh_cn":"","zh_tw":"","jp":"","en":"","kr":"","pinyin":"yibangbosiju"}},"弥生":{"school":"你的后宫","club":"星痕","head":"3014005,misheng","name":{"zh_cn":"","zh_tw":"","jp":"","en":"","kr":"","pinyin":"misheng"}},"念":{"school":"你的后宫","club":"星痕","head":"nian","name":{"zh_cn":"","zh_tw":"","jp":"","en":"","kr":"","pinyin":"nian"}},"恋花":{"school":"你的后宫","club":"星痕","head":"3014006,lianhua","name":{"zh_cn":"","zh_tw":"","jp":"","en":"","kr":"","pinyin":"lianhua"}},"昔莱":{"school":"你的后宫","club":"星痕","head":"3016078,301607801,xilai","name":{"zh_cn":"","zh_tw":"","jp":"","en":"","kr":"","pinyin":"xilai"}},"普琳普顿":{"school":"你的后宫","club":"星痕","head":"3014001,pulinpudun","name":{"zh_cn":"","zh_tw":"","jp":"","en":"","kr":"","pinyin":"pulinpudun"}},"未来":{"school":"你的后宫","club":"星痕","head":"3014012,weilai","name":{"zh_cn":"","zh_tw":"","jp":"","en":"","kr":"","pinyin":"weilai"}},"杏林":{"school":"你的后宫","club":"星痕","head":"3014016","name":{"zh_cn":"","zh_tw":"","jp":"","en":"","kr":"","pinyin":"xinglin"}},"杜达戴维":{"school":"你的后宫","club":"星痕","head":"3016119,dudadaiwei","name":{"zh_cn":"杜达","zh_tw":"杜達","jp":"","en":"","kr":"","pinyin":"dudadaiwei"}},"极焰":{"school":"你的后宫","club":"星痕","head":"3016188,223016188,301618801,jiyan,jiyan_CLHQ","name":{"zh_cn":"","zh_tw":"","jp":"","en":"","kr":"","pinyin":"jiyan"}},"格蕾":{"school":"你的后宫","club":"星痕","head":"3013001,gelei","name":{"zh_cn":"","zh_tw":"","jp":"","en":"","kr":"","pinyin":"gelei"}},"桃":{"school":"你的后宫","club":"星痕","head":"3014009,113014009,301400901,heihuatao,shaonvtao,tao,taoshouxingtai,tao_SFDQC","name":{"zh_cn":"","zh_tw":"","jp":"","en":"","kr":"","pinyin":"tao"}},"梅露特":{"school":"你的后宫","club":"星痕","head":"3013008","name":{"zh_cn":"","zh_tw":"","jp":"","en":"","kr":"","pinyin":"meilute"}},"梨多":{"school":"你的后宫","club":"星痕","head":"liduo","name":{"zh_cn":"","zh_tw":"","jp":"","en":"","kr":"","pinyin":"liduo"}},"水仙":{"school":"你的后宫","club":"星痕","head":"3013006,shuixian","name":{"zh_cn":"","zh_tw":"","jp":"","en":"","kr":"","pinyin":"shuixian"}},"波斯菊":{"school":"你的后宫","club":"星痕","head":"3013017,dabosiju,xiaobosiju","name":{"zh_cn":"","zh_tw":"","jp":"","en":"","kr":"","pinyin":"bosiju"}},"炽爱":{"school":"你的后宫","club":"星痕","head":"3013004,301300401,chiai","name":{"zh_cn":"","zh_tw":"","jp":"","en":"","kr":"","pinyin":"chiai"}},"焰心":{"school":"你的后宫","club":"星痕","head":"3014003","name":{"zh_cn":"","zh_tw":"","jp":"","en":"","kr":"","pinyin":"yanxin"}},"牧":{"school":"你的后宫","club":"星痕","head":"3015008,301500801,301500802,mu,mudeheiying,mu_DXQMY","name":{"zh_cn":"","zh_tw":"","jp":"","en":"","kr":"","pinyin":"mu"}},"狄安娜":{"school":"你的后宫","club":"星痕","head":"dianna","name":{"zh_cn":"","zh_tw":"","jp":"","en":"","kr":"","pinyin":"dianna"}},"玛瑙":{"school":"你的后宫","club":"星痕","head":"3013014","name":{"zh_cn":"","zh_tw":"","jp":"","en":"","kr":"","pinyin":"manao"}},"瑞比娅":{"school":"你的后宫","club":"星痕","head":"3016010,233016010,301601002,ruibiya,ruibiya2","name":{"zh_cn":"","zh_tw":"","jp":"","en":"","kr":"","pinyin":"ruibiya"}},"白夜":{"school":"你的后宫","club":"星痕","head":"3013012,baiye","name":{"zh_cn":"","zh_tw":"","jp":"","en":"","kr":"","pinyin":"baiye"}},"神光":{"school":"你的后宫","club":"星痕","head":"3014023,301402301,shenguang,shenguang_QQYMZ","name":{"zh_cn":"","zh_tw":"","jp":"","en":"","kr":"","pinyin":"shenguang"}},"索菲":{"school":"你的后宫","club":"星痕","head":"3014004","name":{"zh_cn":"","zh_tw":"","jp":"","en":"","kr":"","pinyin":"suofei"}},"纳菲":{"school":"你的后宫","club":"星痕","head":"3014021,123014021,301402101,nafei","name":{"zh_cn":"","zh_tw":"","jp":"","en":"","kr":"","pinyin":"nafei"}},"维达":{"school":"你的后宫","club":"星痕","head":"3013020","name":{"zh_cn":"","zh_tw":"","jp":"","en":"","kr":"","pinyin":"weida"}},"罗莎莉":{"school":"你的后宫","club":"星痕","head":"3016017,luoshali","name":{"zh_cn":"","zh_tw":"","jp":"","en":"","kr":"","pinyin":"luoshali"}},"耶坦尼娅":{"school":"你的后宫","club":"星痕","head":"3015004,301500401,301500402,yetanniya,yetanniya_ZDYS","name":{"zh_cn":"","zh_tw":"","jp":"","en":"","kr":"","pinyin":"yetanniya"}},"艾什尔":{"school":"你的后宫","club":"星痕","head":"3014019,aishier","name":{"zh_cn":"","zh_tw":"","jp":"","en":"","kr":"","pinyin":"aishener"}},"艾斯塔利亚":{"school":"你的后宫","club":"星痕","head":"3014011,301401101,aisitaliya","name":{"zh_cn":"","zh_tw":"","jp":"","en":"","kr":"","pinyin":"aisitaliya"}},"艾琳":{"school":"你的后宫","club":"星痕","head":"3013018,ailin","name":{"zh_cn":"","zh_tw":"","jp":"","en":"","kr":"","pinyin":"ailin"}},"艾琳娜":{"school":"你的后宫","club":"星痕","head":"3016049,301604901,ailinna,shaonvailinna","name":{"zh_cn":"","zh_tw":"","jp":"","en":"","kr":"","pinyin":"ailinna"}},"芙洛拉":{"school":"你的后宫","club":"星痕","head":"3013023,fuluola","name":{"zh_cn":"","zh_tw":"","jp":"","en":"","kr":"","pinyin":"fuluola"}},"花梨":{"school":"你的后宫","club":"星痕","head":"3014017,huali","name":{"zh_cn":"","zh_tw":"","jp":"","en":"","kr":"","pinyin":"huali"}},"莱拉":{"school":"你的后宫","club":"星痕","head":"3013022,laila","name":{"zh_cn":"","zh_tw":"","jp":"","en":"","kr":"","pinyin":"laila"}},"菲尔盖娜":{"school":"你的后宫","club":"星痕","head":"3013013,feiergaina","name":{"zh_cn":"","zh_tw":"","jp":"","en":"","kr":"","pinyin":"feiergaina"}},"菲莉希亚":{"school":"你的后宫","club":"星痕","head":"3013007,feilixiya","name":{"zh_cn":"","zh_tw":"","jp":"","en":"","kr":"","pinyin":"feilixiya"}},"萨拉":{"school":"你的后宫","club":"星痕","head":"3015007,301500701,sala,sala_YZXG","name":{"zh_cn":"","zh_tw":"","jp":"","en":"","kr":"","pinyin":"sala"}},"诗娅":{"school":"你的后宫","club":"星痕","head":"3014018","name":{"zh_cn":"","zh_tw":"","jp":"","en":"","kr":"","pinyin":"shiya"}},"诺亚":{"school":"你的后宫","club":"星痕","head":"3016022,301602201,nuoya,nuoya_ZCYC","name":{"zh_cn":"","zh_tw":"","jp":"","en":"","kr":"","pinyin":"nuoya"}},"诺姆":{"school":"你的后宫","club":"星痕","head":"3011001","name":{"zh_cn":"","zh_tw":"","jp":"","en":"","kr":"","pinyin":"nuomu"}},"诺维雅":{"school":"你的后宫","club":"星痕","head":"3015001,301500101,nuoweiya","name":{"zh_cn":"","zh_tw":"","jp":"","en":"","kr":"","pinyin":"nuoweiya"}},"贝儿":{"school":"你的后宫","club":"星痕","head":"3014029,beier","name":{"zh_cn":"","zh_tw":"","jp":"","en":"","kr":"","pinyin":"beier"}},"贝卡丝":{"school":"你的后宫","club":"星痕","head":"3016068,301606801,beikasi,xiaobeikasi","name":{"zh_cn":"","zh_tw":"","jp":"","en":"","kr":"","pinyin":"beikasi"}},"贝拉":{"school":"你的后宫","club":"星痕","head":"3014027,beila","name":{"zh_cn":"","zh_tw":"","jp":"","en":"","kr":"","pinyin":"beila"}},"阿波菲斯":{"school":"你的后宫","club":"星痕","head":"3014020,abofeisi","name":{"zh_cn":"","zh_tw":"","jp":"","en":"","kr":"","pinyin":"abofeisi"}},"阿涅克丝":{"school":"你的后宫","club":"星痕","head":"3013003,aniekesi","name":{"zh_cn":"","zh_tw":"","jp":"","en":"","kr":"","pinyin":"aniekesi"}},"雪不归":{"school":"你的后宫","club":"星痕","head":"3017002,301700201,xuebugui","name":{"zh_cn":"","zh_tw":"","jp":"","en":"","kr":"","pinyin":"xuebugui"}},"雪泉":{"school":"你的后宫","club":"星痕","head":"3017001,301700101,xuequan","name":{"zh_cn":"","zh_tw":"","jp":"","en":"","kr":"","pinyin":"xuequan"}},"雷雷":{"school":"你的后宫","club":"星痕","head":"3014024,301402401,leilei","name":{"zh_cn":"","zh_tw":"","jp":"","en":"","kr":"","pinyin":"leilei"}},"露易丝":{"school":"你的后宫","club":"星痕","head":"3016016,luyisi","name":{"zh_cn":"","zh_tw":"","jp":"","en":"","kr":"","pinyin":"luyisi"}},"黑音":{"school":"你的后宫","club":"星痕","head":"3013011,301301101,heiyin,heiyin_TMSG","name":{"zh_cn":"","zh_tw":"","jp":"","en":"","kr":"","pinyin":"heiyin"}},"黛比":{"school":"你的后宫","club":"星痕","head":"3014002,daibi","name":{"zh_cn":"","zh_tw":"","jp":"","en":"","kr":"","pinyin":"daibi"}},"克萝萝":{"school":"你的后宫","club":"魔女及剧情角色","head":"3000002,keluoluo","name":{"zh_cn":"","zh_tw":"","jp":"","en":"","kr":"","pinyin":"keluoluo"}},"克蕾儿":{"school":"你的后宫","club":"魔女及剧情角色","head":"keleier","name":{"zh_cn":"","zh_tw":"","jp":"","en":"","kr":"","pinyin":"keleier"}},"凯尔丝":{"school":"你的后宫","club":"魔女及剧情角色","head":"kaiersi","name":{"zh_cn":"","zh_tw":"","jp":"","en":"","kr":"","pinyin":"kaiersi"}},"土地神":{"school":"你的后宫","club":"魔女及剧情角色","head":"tudishen","name":{"zh_cn":"","zh_tw":"","jp":"","en":"","kr":"","pinyin":"tudishen"}},"安洁":{"school":"你的后宫","club":"魔女及剧情角色","head":"3000004,anjie,xiaoanjie","name":{"zh_cn":"","zh_tw":"","jp":"","en":"","kr":"","pinyin":"anjie"}},"廿穗":{"school":"你的后宫","club":"魔女及剧情角色","head":"nianshoudeshanmian","name":{"zh_cn":"","zh_tw":"","jp":"","en":"","kr":"","pinyin":"niansui"}},"律":{"school":"你的后宫","club":"魔女及剧情角色","head":"3000001,effect_recruit_choukacg,lv","name":{"zh_cn":"","zh_tw":"","jp":"","en":"","kr":"","pinyin":"lv"}},"杰西斯":{"school":"你的后宫","club":"魔女及剧情角色","head":"jiexisi","name":{"zh_cn":"","zh_tw":"","jp":"","en":"","kr":"","pinyin":"jiexisi"}},"灵昭":{"school":"你的后宫","club":"魔女及剧情角色","head":"xiaolingzhao","name":{"zh_cn":"","zh_tw":"","jp":"","en":"","kr":"","pinyin":"lingzhao"}},"玛莎":{"school":"你的后宫","club":"魔女及剧情角色","head":"3000006,masha,masha2","name":{"zh_cn":"","zh_tw":"","jp":"","en":"","kr":"","pinyin":"masha"}},"米娅":{"school":"你的后宫","club":"魔女及剧情角色","head":"3000005,miya,tanlan,xiaomiya","name":{"zh_cn":"","zh_tw":"","jp":"","en":"","kr":"","pinyin":"miya"}},"莉莉娅":{"school":"你的后宫","club":"魔女及剧情角色","head":"3000000,liliya,liliya2","name":{"zh_cn":"","zh_tw":"","jp":"","en":"","kr":"","pinyin":"liliya"}},"阿洛瑞斯":{"school":"你的后宫","club":"魔女及剧情角色","head":"aluoruisi","name":{"zh_cn":"","zh_tw":"","jp":"","en":"","kr":"","pinyin":"aluoruisi"}},"阿莎":{"school":"你的后宫","club":"魔女及剧情角色","head":"asha","name":{"zh_cn":"","zh_tw":"","jp":"","en":"","kr":"","pinyin":"asha"}},"露西":{"school":"你的后宫","club":"魔女及剧情角色","head":"luxi","name":{"zh_cn":"","zh_tw":"","jp":"","en":"","kr":"","pinyin":"luxi"}},"飞玉":{"school":"你的后宫","club":"魔女及剧情角色","head":"feiyu","name":{"zh_cn":"","zh_tw":"","jp":"","en":"","kr":"","pinyin":"feiyu"}},"马恩":{"school":"你的后宫","club":"魔女及剧情角色","head":"maen","name":{"zh_cn":"","zh_tw":"","jp":"","en":"","kr":"","pinyin":"maen"}},"黑神伊娜":{"school":"你的后宫","club":"魔女及剧情角色","head":"heishenyina","name":{"zh_cn":"","zh_tw":"","jp":"","en":"","kr":"","pinyin":"heishenyina"}},"黑神月咏":{"school":"你的后宫","club":"魔女及剧情角色","head":"3000003,heishenhefu,heishenjuexing,heishenyueyong,heishen_xiaonvwu,xiaoheishen","name":{"zh_cn":"","zh_tw":"","jp":"","en":"","kr":"","pinyin":"heishenyueyong"}},"黑神紫音":{"school":"你的后宫","club":"魔女及剧情角色","head":"heishenziyin","name":{"zh_cn":"","zh_tw":"","jp":"","en":"","kr":"","pinyin":"heishenziyin"}}}