{"CHAT":[{"replyDepth":0,"sCharacter":{"no":0,"index":"1"},"content":"她坐得更加靠近了，让我有些无所适从","type":"info"},{"replyDepth":0,"sCharacter":{"no":0,"index":"1"},"content":"哪怕愚笨如我，也知道现在并非自作多情","type":"info"},{"replyDepth":0,"sCharacter":{"no":0,"index":"1"},"content":"我们心中的某些情愫，已在悄然间萌芽了，想要将我们彼此纠缠在一起","type":"info"},{"replyDepth":0,"sCharacter":{"no":0,"index":"1"},"content":"这一刻，空气仿佛凝固一般，我觉得喉咙有些发紧","type":"info"},{"replyDepth":0,"sCharacter":{"no":0,"index":"1"},"content":"但这种时候还让女生主动什么的，未免太差劲了","type":"info"},{"replyDepth":0,"sCharacter":{"no":0,"index":"1"},"content":"我努力地开口，听见自己的声音有些嘶哑","type":"info"},{"replyDepth":0,"sCharacter":{"no":0,"index":"1"},"content":"但我还是说了出来","type":"info"},{"replyDepth":0,"sCharacter":{"no":0,"index":"1"},"content":"我喜欢你，莉音","type":"chat"},{"replyDepth":0,"sCharacter":{"no":"调月莉音","index":"CH0158"},"content":"嗯","type":"chat"},{"replyDepth":0,"sCharacter":{"no":0,"index":"1"},"content":"我感觉空气又开始流动了","type":"info"},{"replyDepth":0,"sCharacter":{"no":0,"index":"1"},"content":"你是什么时候知道的呢？","type":"chat"},{"replyDepth":0,"sCharacter":{"no":"调月莉音","index":"CH0158"},"content":"……那首诗","type":"chat"},{"replyDepth":0,"sCharacter":{"no":0,"index":"1"},"content":"诗？","type":"chat"},{"replyDepth":0,"sCharacter":{"no":"调月莉音","index":"CH0158"},"content":"《我想和你一起生活》","type":"chat"},{"replyDepth":0,"sCharacter":{"no":"调月莉音","index":"CH0158"},"content":"茨维塔耶娃的","type":"chat"},{"replyDepth":0,"sCharacter":{"no":"调月莉音","index":"CH0158"},"content":"我是说，我其实听得懂……赤冬的语言……","type":"chat"},{"replyDepth":0,"sCharacter":{"no":"调月莉音","index":"CH0158"},"content":"","type":"image","file":"GameData/BLDA/CharFace/CH0158/6.webp"},{"replyDepth":0,"sCharacter":{"no":0,"index":"1"},"content":"啊？！","type":"chat"},{"replyDepth":0,"sCharacter":{"no":0,"index":"1"},"content":"那不是一开始就！","type":"chat"},{"replyDepth":0,"sCharacter":{"no":0,"index":"1"},"content":"","type":"image","file":"GameData/BLDA/Emoji/stamps/ClanChat_Emoji_05_Jp.webp"},{"replyDepth":0,"sCharacter":{"no":"调月莉音","index":"CH0158"},"content":"是……","type":"chat"},{"replyDepth":0,"sCharacter":{"no":"调月莉音","index":"CH0158"},"content":"sensei，有几个词的发音还不太对……","type":"chat"},{"replyDepth":0,"sCharacter":{"no":0,"index":"1"},"content":"临阵磨枪真是抱歉啊……","type":"chat"},{"replyDepth":0,"sCharacter":{"no":0,"index":"1"},"content":"","type":"image","file":"GameData/BLDA/Emoji/stamps/ClanChat_Emoji_65_Jp.webp"},{"replyDepth":0,"sCharacter":{"no":"调月莉音","index":"CH0158"},"content":"还有百鬼夜行祭典的时候","type":"chat"},{"replyDepth":0,"sCharacter":{"no":"调月莉音","index":"CH0158"},"content":"唱的歌，我也听得出来","type":"chat"},{"replyDepth":0,"sCharacter":{"no":"调月莉音","index":"CH0158"},"content":"苹果糖的意思也……","type":"chat"},{"replyDepth":0,"sCharacter":{"no":0,"index":"1"},"content":"可以了可以了不用再说了太丢人了啊啊啊！","type":"chat"},{"replyDepth":0,"sCharacter":{"no":0,"index":"1"},"content":"","type":"image","file":"GameData/BLDA/Emoji/stamps/ClanChat_Emoji_07_Jp.webp"},{"replyDepth":0,"sCharacter":{"no":"调月莉音","index":"CH0158"},"content":"抱歉","type":"chat"},{"replyDepth":0,"sCharacter":{"no":"调月莉音","index":"CH0158"},"content":"我想说逗一逗sensei也挺有意思的，就没拆穿","type":"chat"},{"replyDepth":0,"sCharacter":{"no":"调月莉音","index":"CH0158"},"content":"不对","type":"chat"},{"replyDepth":0,"sCharacter":{"no":"调月莉音","index":"CH0158"},"content":"其实只是我也……","type":"chat"},{"replyDepth":0,"sCharacter":{"no":"调月莉音","index":"CH0158"},"content":"还没准备好如何回应","type":"chat"},{"replyDepth":0,"sCharacter":{"no":"调月莉音","index":"CH0158"},"content":"","type":"image","file":"GameData/BLDA/CharFace/CH0158/7.webp"},{"replyDepth":0,"sCharacter":{"no":0,"index":"1"},"content":"那现在呢，准备好了吗？","type":"chat"},{"replyDepth":0,"sCharacter":{"no":0,"index":"1"},"content":"莉音是怎么看我的呢，我想知道你的回答","type":"chat"},{"replyDepth":0,"sCharacter":{"no":"调月莉音","index":"CH0158"},"content":"喜……","type":"chat"},{"replyDepth":0,"sCharacter":{"no":0,"index":"1"},"content":"喜？","type":"chat"},{"replyDepth":0,"sCharacter":{"no":"调月莉音","index":"CH0158"},"content":"喜欢……","type":"chat"},{"replyDepth":0,"sCharacter":{"no":"调月莉音","index":"CH0158"},"content":"我喜欢sensei","type":"chat"},{"replyDepth":0,"sCharacter":{"no":"调月莉音","index":"CH0158"},"content":"在阿拜多斯，星野小姐不是说过吗","type":"chat"},{"replyDepth":0,"sCharacter":{"no":"调月莉音","index":"CH0158"},"content":"重要的不是做什么，是心情","type":"chat"},{"replyDepth":0,"sCharacter":{"no":"调月莉音","index":"CH0158"},"content":"当时我不太理解，但现在明白了","type":"chat"},{"replyDepth":0,"sCharacter":{"no":"调月莉音","index":"CH0158"},"content":"就像是我喜欢听sensei讲每个地方的故事","type":"chat"},{"replyDepth":0,"sCharacter":{"no":"调月莉音","index":"CH0158"},"content":"对我来说，有趣的不是那些故事","type":"chat"},{"replyDepth":0,"sCharacter":{"no":"调月莉音","index":"CH0158"},"content":"是讲故事的人","type":"chat"},{"replyDepth":0,"sCharacter":{"no":"调月莉音","index":"CH0158"},"content":"因为是你讲的，我才会那么喜欢听","type":"chat"},{"replyDepth":0,"sCharacter":{"no":"调月莉音","index":"CH0158"},"content":"所以，我想你带我去更多地方，跟我讲更多故事","type":"chat"},{"replyDepth":0,"sCharacter":{"no":"调月莉音","index":"CH0158"},"content":"我，想和sensei待在一起","type":"chat"},{"replyDepth":0,"sCharacter":{"no":0,"index":"1"},"content":"有生以来，我第一次觉得自己的心跳声如此吵闹","type":"info"},{"replyDepth":0,"sCharacter":{"no":0,"index":"1"},"content":"我从没谈过恋爱，不是很明白","type":"chat"},{"replyDepth":0,"sCharacter":{"no":0,"index":"1"},"content":"这是不是可以理解为我有女朋友了？","type":"chat"},{"replyDepth":0,"sCharacter":{"no":"调月莉音","index":"CH0158"},"content":"……","type":"chat"},{"replyDepth":0,"sCharacter":{"no":"调月莉音","index":"CH0158"},"content":"我也没谈过恋爱","type":"chat"},{"replyDepth":0,"sCharacter":{"no":"调月莉音","index":"CH0158"},"content":"但我觉得这很难有第二种解释","type":"chat"},{"replyDepth":0,"sCharacter":{"no":"调月莉音","index":"CH0158"},"content":"","type":"image","file":"GameData/BLDA/CharFace/CH0158/4.webp"},{"replyDepth":0,"sCharacter":{"no":0,"index":"1"},"content":"那……请多指教，女友大人？","type":"chat"},{"replyDepth":0,"sCharacter":{"no":"调月莉音","index":"CH0158"},"content":"请多指教，可爱的男友大人","type":"chat"},{"replyDepth":0,"sCharacter":{"no":"调月莉音","index":"CH0158"},"content":"","type":"image","file":"GameData/BLDA/CharFace/CH0158/8.webp"},{"replyDepth":0,"sCharacter":{"no":0,"index":"1"},"content":"这么说来，前段时间我看你闷闷不乐的样子","type":"chat"},{"replyDepth":0,"sCharacter":{"no":0,"index":"1"},"content":"其实就是看了那本书心里有些难受？","type":"chat"},{"replyDepth":0,"sCharacter":{"no":"调月莉音","index":"CH0158"},"content":"不全是","type":"chat"},{"replyDepth":0,"sCharacter":{"no":"调月莉音","index":"CH0158"},"content":"我是感到害怕","type":"chat"},{"replyDepth":0,"sCharacter":{"no":0,"index":"1"},"content":"害怕？","type":"chat"},{"replyDepth":0,"sCharacter":{"no":"调月莉音","index":"CH0158"},"content":"我害怕会不会有一天，你也会像这样，同我挥手告别，说你要去很远的地方","type":"chat"},{"replyDepth":0,"sCharacter":{"no":"调月莉音","index":"CH0158"},"content":"我想去芬奇的小屋，因为我想亲自感受","type":"chat"},{"replyDepth":0,"sCharacter":{"no":"调月莉音","index":"CH0158"},"content":"感受我们在面对那不愿提及的终极命题时的心境","type":"chat"},{"replyDepth":0,"sCharacter":{"no":"调月莉音","index":"CH0158"},"content":"sensei，你知道吗，你理解吗，我好害怕失去你","type":"chat"},{"replyDepth":0,"sCharacter":{"no":"调月莉音","index":"CH0158"},"content":"就算那时我们还不是恋人，我也……","type":"chat"},{"replyDepth":0,"sCharacter":{"no":0,"index":"1"},"content":"傻","type":"chat"},{"replyDepth":0,"sCharacter":{"no":0,"index":"1"},"content":"不会的哦","type":"chat"},{"replyDepth":0,"sCharacter":{"no":0,"index":"1"},"content":"对我们来说，在字母的尽头等待着的","type":"chat"},{"replyDepth":0,"sCharacter":{"no":0,"index":"1"},"content":"不是别离，是令人怦然心动的爱情","type":"chat"},{"replyDepth":0,"sCharacter":{"no":0,"index":"1"},"content":"你知道旅程的终点为什么是窄门吗？","type":"chat"},{"replyDepth":0,"sCharacter":{"no":"调月莉音","index":"CH0158"},"content":"为什么？","type":"chat"},{"replyDepth":0,"sCharacter":{"no":0,"index":"1"},"content":"经典里说过，你们要进窄门，那引向永生的门是窄的，进的人也少","type":"chat"},{"replyDepth":0,"sCharacter":{"no":0,"index":"1"},"content":"每个人对永生的理解都是不一样的，所以这句话可以有很多种解释","type":"chat"},{"replyDepth":0,"sCharacter":{"no":0,"index":"1"},"content":"对那本书的主人公来说","type":"chat"},{"replyDepth":0,"sCharacter":{"no":0,"index":"1"},"content":"窄门是通往天国的入口","type":"chat"},{"replyDepth":0,"sCharacter":{"no":0,"index":"1"},"content":"他的永生，是离开尘世的苦痛","type":"chat"},{"replyDepth":0,"sCharacter":{"no":0,"index":"1"},"content":"对我们来说，窄门是通向厮守一生的幸福","type":"chat"},{"replyDepth":0,"sCharacter":{"no":0,"index":"1"},"content":"只要你愿意，我会伴你一生一世","type":"chat"},{"replyDepth":0,"sCharacter":{"no":"调月莉音","index":"CH0158"},"content":"我愿意哦","type":"chat"},{"replyDepth":0,"sCharacter":{"no":0,"index":"1"},"content":"现在想想把天台的门视作窄门未免有些太草草了事的感觉了","type":"chat"},{"replyDepth":0,"sCharacter":{"no":0,"index":"1"},"content":"我期待着未来的某天，我牵着你套上白纱的手","type":"chat"},{"replyDepth":0,"sCharacter":{"no":0,"index":"1"},"content":"我们走过婚姻殿堂的大门","type":"chat"},{"replyDepth":0,"sCharacter":{"no":0,"index":"1"},"content":"那才是我们的窄门","type":"chat"},{"replyDepth":0,"sCharacter":{"no":"调月莉音","index":"CH0158"},"content":"嗯！","type":"chat"},{"replyDepth":0,"sCharacter":{"no":0,"index":"1"},"content":"莉音仰起脸，注视着天空","type":"info"},{"replyDepth":0,"sCharacter":{"no":0,"index":"1"},"content":"下一刻，她像是下定了某种决心的样子，闭上了眼睛","type":"info"},{"replyDepth":0,"sCharacter":{"no":"调月莉音","index":"CH0158"},"content":"sensei","type":"chat"},{"replyDepth":0,"sCharacter":{"no":0,"index":"1"},"content":"她开口说着，语气轻飘飘的，有如晴空里的云","type":"info"},{"replyDepth":0,"sCharacter":{"no":0,"index":"1"},"content":"她的声音坚定明快，没有一丝阴霾","type":"info"},{"replyDepth":0,"sCharacter":{"no":0,"index":"1"},"content":"我在","type":"chat"},{"replyDepth":0,"sCharacter":{"no":"调月莉音","index":"CH0158"},"content":"还有最后一个问题","type":"chat"},{"replyDepth":0,"sCharacter":{"no":0,"index":"1"},"content":"你说","type":"chat"},{"replyDepth":0,"sCharacter":{"no":"调月莉音","index":"CH0158"},"content":"……V","type":"chat"},{"replyDepth":0,"sCharacter":{"no":0,"index":"1"},"content":"你说什么？","type":"chat"},{"replyDepth":0,"sCharacter":{"no":"调月莉音","index":"CH0158"},"content":"首字母V的地点","type":"chat"},{"replyDepth":0,"sCharacter":{"no":"调月莉音","index":"CH0158"},"content":"书里是有的","type":"chat"},{"replyDepth":0,"sCharacter":{"no":"调月莉音","index":"CH0158"},"content":"但我们没去","type":"chat"},{"replyDepth":0,"sCharacter":{"no":"调月莉音","index":"CH0158"},"content":"我知道，你不是故意遗漏的","type":"chat"},{"replyDepth":0,"sCharacter":{"no":0,"index":"1"},"content":"……","type":"chat"},{"replyDepth":0,"sCharacter":{"no":0,"index":"1"},"content":"是的，从一开始就计划好整场旅行的我，当然不可能遗漏任何一个地点","type":"info"},{"replyDepth":0,"sCharacter":{"no":0,"index":"1"},"content":"我们没有去的原因","type":"info"},{"replyDepth":0,"sCharacter":{"no":0,"index":"1"},"content":"当然是因为那时还不能去那个地方","type":"chat"},{"replyDepth":0,"sCharacter":{"no":"调月莉音","index":"CH0158"},"content":"但现在，可以了","type":"chat"},{"replyDepth":0,"sCharacter":{"no":"调月莉音","index":"CH0158"},"content":"我，做好准备了","type":"chat"},{"replyDepth":0,"sCharacter":{"no":0,"index":"1"},"content":"那是，书中的主角在人生中最后一次，完成灵与肉的升华的地方","type":"info"},{"replyDepth":0,"sCharacter":{"no":0,"index":"1"},"content":"真的吗？","type":"chat"},{"replyDepth":0,"sCharacter":{"no":"调月莉音","index":"CH0158"},"content":"真讨厌","type":"chat"},{"replyDepth":0,"sCharacter":{"no":"调月莉音","index":"CH0158"},"content":"这种事，不要让女孩子说第二遍啦","type":"chat"},{"replyDepth":0,"sCharacter":{"no":"调月莉音","index":"CH0158"},"content":"去吧，Valentine's Love Hotel","type":"chat"},{"replyDepth":0,"sCharacter":{"no":0,"index":"1"},"content":"莉音牵起我的手向楼下走去，让我再次感受到了她是个行动力多么强的女生","type":"info"},{"replyDepth":0,"sCharacter":{"no":0,"index":"1"},"content":"但我们并没有走出夏莱的大门","type":"info"},{"replyDepth":0,"sCharacter":{"no":0,"index":"1"},"content":"下到生活区所在的楼层，她在我的卧室门口停下了","type":"info"},{"replyDepth":0,"sCharacter":{"no":"调月莉音","index":"CH0158"},"content":"sensei，你这有挂在房门上的那种小木牌吗？","type":"chat"},{"replyDepth":0,"sCharacter":{"no":"调月莉音","index":"CH0158"},"content":"空白的可以手写的那种","type":"chat"},{"replyDepth":0,"sCharacter":{"no":0,"index":"1"},"content":"就是写什么请勿打扰或者某某的房间之类的那种？","type":"chat"},{"replyDepth":0,"sCharacter":{"no":0,"index":"1"},"content":"我这里没有，但天使24应该有卖，怎……","type":"chat"},{"replyDepth":0,"sCharacter":{"no":"调月莉音","index":"CH0158"},"content":"那就去买一个吧","type":"chat"},{"replyDepth":0,"sCharacter":{"no":"调月莉音","index":"CH0158"},"content":"刚好，还有别的东西要买","type":"chat"},{"replyDepth":0,"sCharacter":{"no":0,"index":"1"},"content":"别的东西？","type":"chat"},{"replyDepth":0,"sCharacter":{"no":"调月莉音","index":"CH0158"},"content":"非要说那么清楚吗……","type":"chat"},{"replyDepth":0,"sCharacter":{"no":"调月莉音","index":"CH0158"},"content":"就是，计……","type":"chat"},{"replyDepth":0,"sCharacter":{"no":"调月莉音","index":"CH0158"},"content":"计生……用品……","type":"chat"},{"replyDepth":0,"sCharacter":{"no":"调月莉音","index":"CH0158"},"content":"","type":"image","file":"GameData/BLDA/CharFace/CH0158/6.webp"},{"replyDepth":0,"sCharacter":{"no":0,"index":"1"},"content":"啊！","type":"chat"},{"replyDepth":0,"sCharacter":{"no":0,"index":"1"},"content":"（话说这东西，宾馆会提供的吧……）","type":"chat"},{"replyDepth":0,"sCharacter":{"no":0,"index":"1"},"content":"","type":"image","file":"GameData/BLDA/Emoji/stamps/ClanChat_Emoji_66_Jp.webp"},{"replyDepth":0,"sCharacter":{"no":0,"index":"1"},"content":"不久后，我的房门挂上了Valentine's Love Hotel的木牌，字迹娟秀","type":"info"},{"replyDepth":0,"sCharacter":{"no":0,"index":"1"},"content":"不是不是不是……","type":"chat"},{"replyDepth":0,"sCharacter":{"no":0,"index":"1"},"content":"这这这！","type":"chat"},{"replyDepth":0,"sCharacter":{"no":0,"index":"1"},"content":"这要联邦的谁来查寝什么的就说不清了呀！","type":"chat"},{"replyDepth":0,"sCharacter":{"no":0,"index":"1"},"content":"","type":"image","file":"GameData/BLDA/Emoji/stamps/ClanChat_Emoji_05_Jp.webp"},{"replyDepth":0,"sCharacter":{"no":"调月莉音","index":"CH0158"},"content":"这都是小问题","type":"chat"},{"replyDepth":0,"sCharacter":{"no":"调月莉音","index":"CH0158"},"content":"小玉","type":"chat"},{"replyDepth":0,"sCharacter":{"no":"音濑小玉","index":"Kotama"},"content":"？","type":"chat"},{"replyDepth":0,"sCharacter":{"no":"调月莉音","index":"CH0158"},"content":"我知道你在偷听","type":"chat"},{"replyDepth":0,"sCharacter":{"no":"音濑小玉","index":"Kotama"},"content":"？","type":"chat"},{"replyDepth":0,"sCharacter":{"no":"音濑小玉","index":"Kotama"},"content":"","type":"image","file":"GameData/BLDA/CharFace/kotama/4.webp"},{"replyDepth":0,"sCharacter":{"no":0,"index":"1"},"content":"？","type":"chat"},{"replyDepth":0,"sCharacter":{"no":0,"index":"1"},"content":"小——玉——","type":"chat"},{"replyDepth":0,"sCharacter":{"no":0,"index":"1"},"content":"","type":"image","file":"GameData/BLDA/Emoji/stamps/ClanChat_Emoji_74_Jp.webp"},{"replyDepth":0,"sCharacter":{"no":"音濑小玉","index":"Kotama"},"content":"所以我只是你们play的一环吗？","type":"chat"},{"replyDepth":0,"sCharacter":{"no":"音濑小玉","index":"Kotama"},"content":"啊不是，我是说……","type":"chat"},{"replyDepth":0,"sCharacter":{"no":"音濑小玉","index":"Kotama"},"content":"这都是有原因的！sensei你听我狡辩！","type":"chat"},{"replyDepth":0,"sCharacter":{"no":"调月莉音","index":"CH0158"},"content":"反正你也都听到了，没什么好瞒着你的","type":"chat"},{"replyDepth":0,"sCharacter":{"no":"调月莉音","index":"CH0158"},"content":"除了我们俩，你现在是第一个知道我们关系的人","type":"chat"},{"replyDepth":0,"sCharacter":{"no":"调月莉音","index":"CH0158"},"content":"你也算赚了","type":"chat"},{"replyDepth":0,"sCharacter":{"no":"音濑小玉","index":"Kotama"},"content":"……","type":"chat"},{"replyDepth":0,"sCharacter":{"no":"音濑小玉","index":"Kotama"},"content":"不是，大姐头，你有话直说，我怕了还不行吗","type":"chat"},{"replyDepth":0,"sCharacter":{"no":"调月莉音","index":"CH0158"},"content":"别紧张，我只想跟你做个交易","type":"chat"},{"replyDepth":0,"sCharacter":{"no":"调月莉音","index":"CH0158"},"content":"你应该也不希望被优香知道你又在夏莱装窃听器的事吧？","type":"chat"},{"replyDepth":0,"sCharacter":{"no":0,"index":"1"},"content":"你刚才是不是在“又”这个字上加了重音？","type":"chat"},{"replyDepth":0,"sCharacter":{"no":"音濑小玉","index":"Kotama"},"content":"……","type":"chat"},{"replyDepth":0,"sCharacter":{"no":"调月莉音","index":"CH0158"},"content":"你现在把夏莱的门禁调到最高级别，任何人都进不来的那种","type":"chat"},{"replyDepth":0,"sCharacter":{"no":"调月莉音","index":"CH0158"},"content":"我就答应你不追究窃听器的事","type":"chat"},{"replyDepth":0,"sCharacter":{"no":"音濑小玉","index":"Kotama"},"content":"好的，时间呢？","type":"chat"},{"replyDepth":0,"sCharacter":{"no":"调月莉音","index":"CH0158"},"content":"sensei，假期还多久？","type":"chat"},{"replyDepth":0,"sCharacter":{"no":0,"index":"1"},"content":"咦？今天是最后一天哦","type":"chat"},{"replyDepth":0,"sCharacter":{"no":0,"index":"1"},"content":"","type":"image","file":"GameData/BLDA/Emoji/stamps/ClanChat_Emoji_17_Jp.webp"},{"replyDepth":0,"sCharacter":{"no":"调月莉音","index":"CH0158"},"content":"明白了，那先定个三天吧","type":"chat"},{"replyDepth":0,"sCharacter":{"no":"音濑小玉","index":"Kotama"},"content":"了解","type":"chat"},{"replyDepth":0,"sCharacter":{"no":0,"index":"1"},"content":"咦……","type":"chat"},{"replyDepth":0,"sCharacter":{"no":0,"index":"1"},"content":"等等……","type":"chat"},{"replyDepth":0,"sCharacter":{"no":0,"index":"1"},"content":"三天？！","type":"chat"},{"replyDepth":0,"sCharacter":{"no":0,"index":"1"},"content":"","type":"image","file":"GameData/BLDA/Emoji/stamps/ClanChat_Emoji_15_Jp.webp"},{"replyDepth":0,"sCharacter":{"no":"调月莉音","index":"CH0158"},"content":"我突然想起来今天是周五，你还有双休日","type":"chat"},{"replyDepth":0,"sCharacter":{"no":"调月莉音","index":"CH0158"},"content":"别怕，sensei","type":"chat"},{"replyDepth":0,"sCharacter":{"no":"调月莉音","index":"CH0158"},"content":"我不会让你死的","type":"chat"},{"replyDepth":0,"sCharacter":{"no":0,"index":"1"},"content":"这话是放在这种场合说的吗！","type":"chat"}],"MoeTalk":"0-7"}