{"CHAT":[{"content":"那边有个小山丘","replyDepth":0,"type":"chat","sCharacter":{"no":"板垣庚","index":"CH0306_BG"},"isFirst":false,"file":""},{"content":"越来越有意思了呢！","replyDepth":0,"type":"chat","sCharacter":{"no":"椎名䌷","index":"CH0252_BG"},"isFirst":true,"file":""},{"file":"GameData/BLDA/CharFace/CH0252/9.webp","content":"CharFace","replyDepth":0,"type":"image","sCharacter":{"no":"椎名䌷","index":"CH0252_BG"},"isFirst":false},{"content":"我们就一起朝那个小山丘进发吧！","replyDepth":0,"type":"chat","sCharacter":{"no":"白尾绘里","index":"CH0304_BG"},"isFirst":true,"file":""},{"content":"哦哦，出发吧！","replyDepth":0,"type":"chat","sCharacter":{"no":"0","index":"1"},"isFirst":true,"file":"","name":"","time":"","is_breaking":false,"isLeft":false,"isCenter":false,"isRight":false,"style":false},{"file":"GameData/BLDA/Emoji/3zh_tw41.webp","content":"Emoji","replyDepth":0,"type":"image","sCharacter":{"no":0,"index":"1"},"isFirst":false},{"content":"一起爬山！","replyDepth":0,"type":"chat","sCharacter":{"no":0,"index":"1"},"file":"","isFirst":false},{"content":"啊啊啊，要走这么远，还要爬山... ","replyDepth":0,"type":"chat","sCharacter":{"no":"衣斐莱娜","index":"CH0305_BG"},"isFirst":true,"file":"","name":"","time":"","is_breaking":false,"isLeft":false,"isCenter":false,"isRight":false,"style":false},{"file":"GameData/BLDA/CharFace/CH0305/14.webp","content":"CharFace","replyDepth":0,"type":"image","sCharacter":{"no":"衣斐莱娜","index":"CH0305_BG"},"isFirst":false},{"content":"恶魔，我们来了！","replyDepth":0,"type":"chat","sCharacter":{"no":"板垣庚","index":"CH0306_BG"},"file":"","name":"","time":"","is_breaking":false,"isFirst":true,"isLeft":false,"isCenter":false,"isRight":false,"style":false},{"file":"GameData/BLDA/CharFace/CH0306/8.webp","content":"CharFace","replyDepth":0,"type":"image","sCharacter":{"no":"板垣庚","index":"CH0306_BG"},"isFirst":false},{"content":"嘻嘻嘻...","replyDepth":0,"type":"chat","sCharacter":{"no":"板垣庚","index":"CH0306_BG"},"file":"","isFirst":false},{"content":"大家一起朝着恶魔盘踞的小山丘前进！","replyDepth":0,"type":"info","sCharacter":{"no":0,"index":"1"},"isFirst":true,"file":""}],"MoeTalk":"3-25"}