{"CHAT":[{"content":"呜呜呜呜，好热啊！怎么会那么热啊.....","replyDepth":0,"type":"chat","sCharacter":{"no":"古关忧","index":"CH0169"},"isFirst":false,"name":"","isLeft":true,"isCenter":false,"isRight":false,"is_breaking":false,"file":"","time":"","style":false},{"file":"GameData/BLDA/CharFace/CH0169/12.webp","content":"CharFace","replyDepth":0,"type":"image","sCharacter":{"no":"古关忧","index":"CH0169"}},{"content":"今年的夏天本来就热的离谱....为什么偏偏这个停电了","replyDepth":0,"type":"chat","sCharacter":{"no":"古关忧","index":"CH0169"}},{"content":"我买回来冰美式啦","replyDepth":0,"type":"chat","sCharacter":{"no":"0","index":"1"},"isFirst":false,"name":"","isLeft":true,"isCenter":false,"isRight":false,"is_breaking":false,"file":"","time":"","style":false},{"content":"忧酱喝一口消消暑","replyDepth":0,"type":"chat","sCharacter":{"no":0,"index":"1"}},{"content":"没办法，古书馆的电路实在是太老旧了....加上最近的高温可能实在是撑不住了","replyDepth":0,"type":"chat","sCharacter":{"no":"圆堂志美子","index":"Shimiko_BG"}},{"file":"GameData/BLDA/CharFace/shimiko/99.webp","content":"CharFace","replyDepth":0,"type":"image","sCharacter":{"no":"圆堂志美子","index":"Shimiko_BG"}},{"content":"我已经和茶会的人联系过了，她们也在想办法找到能处理这些老旧线路的师傅","replyDepth":0,"type":"chat","sCharacter":{"no":"圆堂志美子","index":"Shimiko_BG"}},{"content":"唔....明明能修好旧物....却做不到修好旧电路","replyDepth":0,"type":"chat","sCharacter":{"no":"古关忧","index":"CH0169"}},{"content":"我的孩子们.....我宝贵的书，这样下去早晚会出事的.....","replyDepth":0,"type":"chat","sCharacter":{"no":"古关忧","index":"CH0169"}},{"content":"我和志美子已经把最珍贵和容易出事的几箱书转移到图书馆了","replyDepth":0,"type":"chat","sCharacter":{"no":0,"index":"1"}},{"content":"忧酱就不用担心了","replyDepth":0,"type":"chat","sCharacter":{"no":0,"index":"1"}},{"content":"话说，忧委员长也来图书馆待着就是了，图书馆的空调是正常的","replyDepth":0,"type":"chat","sCharacter":{"no":"圆堂志美子","index":"Shimiko_BG"}},{"content":"不...不要....图书馆一天到晚都全是人....辅导学习的机器人....跑来乘凉的市民...还有....还有忍不住就交头接耳的女高中生！外面的人太吵了我受不了！","replyDepth":0,"type":"chat","sCharacter":{"no":"古关忧","index":"CH0169"}},{"file":"GameData/BLDA/CharFace/CFID_1/CharID_112/4.webp","content":"CharFace","replyDepth":0,"type":"image","sCharacter":{"no":"古关忧","index":"CH0169"}},{"content":"忧委员长现在才是最吵的吧...（小声）","replyDepth":0,"type":"chat","sCharacter":{"no":"圆堂志美子","index":"Shimiko_BG"}},{"file":"GameData/BLDA/CharFace/shimiko/4.webp","content":"CharFace","replyDepth":0,"type":"image","sCharacter":{"no":"圆堂志美子","index":"Shimiko_BG"}},{"content":"老师...","replyDepth":0,"type":"chat","sCharacter":{"no":"圆堂志美子","index":"Shimiko_BG"}},{"content":"志美子向我投来些许担忧的目光，用自信满满的眼神给予回复","replyDepth":0,"type":"info","sCharacter":{"no":"圆堂志美子","index":"Shimiko_BG"}},{"content":"那我就先回图书馆了...今天还需要我值班","replyDepth":0,"type":"chat","sCharacter":{"no":"圆堂志美子","index":"Shimiko_BG"}},{"content":"志美子离开了","replyDepth":0,"type":"info","sCharacter":{"no":"圆堂志美子","index":"Shimiko_BG"},"isFirst":false,"name":"","isLeft":false,"isCenter":true,"isRight":false,"is_breaking":false,"file":"","time":"","style":false}],"MoeTalk":"2-0"}