{"CHAT":[{"content":"呜呜呜呜，好热啊！怎么会那么热啊.....","replyDepth":0,"type":"chat","sCharacter":{"no":"古关忧","index":"CH0169"},"isFirst":false,"name":"","isLeft":true,"isCenter":false,"isRight":false,"is_breaking":false,"file":"","time":"","style":false},{"file":"GameData/BLDA/CharFace/CH0169/12.webp","content":"CharFace","replyDepth":0,"type":"image","sCharacter":{"no":"古关忧","index":"CH0169"}},{"content":"今年的夏天本来就热的离谱....为什么偏偏这个停电了","replyDepth":0,"type":"chat","sCharacter":{"no":"古关忧","index":"CH0169"}},{"content":"我买回来冰美式啦","replyDepth":0,"type":"chat","sCharacter":{"no":"0","index":"1"},"isFirst":false,"name":"","isLeft":true,"isCenter":false,"isRight":false,"is_breaking":false,"file":"","time":"","style":false},{"content":"忧酱喝一口消消暑","replyDepth":0,"type":"chat","sCharacter":{"no":0,"index":"1"}},{"content":"没办法，古书馆的电路实在是太老旧了....加上最近的高温可能实在是撑不住了","replyDepth":0,"type":"chat","sCharacter":{"no":"圆堂志美子","index":"Shimiko_BG"}},{"file":"GameData/BLDA/CharFace/shimiko/99.webp","content":"CharFace","replyDepth":0,"type":"image","sCharacter":{"no":"圆堂志美子","index":"Shimiko_BG"}},{"content":"我已经和茶会的人联系过了，她们也在想办法找到能处理这些老旧线路的师傅","replyDepth":0,"type":"chat","sCharacter":{"no":"圆堂志美子","index":"Shimiko_BG"}},{"content":"唔....明明能修好旧物....却做不到修好旧电路","replyDepth":0,"type":"chat","sCharacter":{"no":"古关忧","index":"CH0169"}},{"content":"我的孩子们.....我宝贵的书，这样下去早晚会出事的.....","replyDepth":0,"type":"chat","sCharacter":{"no":"古关忧","index":"CH0169"}},{"content":"我和志美子已经把最珍贵和容易出事的几箱书转移到图书馆了","replyDepth":0,"type":"chat","sCharacter":{"no":0,"index":"1"}},{"content":"忧酱就不用担心了","replyDepth":0,"type":"chat","sCharacter":{"no":0,"index":"1"}},{"content":"话说，忧委员长也来图书馆待着就是了，图书馆的空调是正常的","replyDepth":0,"type":"chat","sCharacter":{"no":"圆堂志美子","index":"Shimiko_BG"}},{"content":"不...不要....图书馆一天到晚都全是人....辅导学习的机器人....跑来乘凉的市民...还有....还有忍不住就交头接耳的女高中生！外面的人太吵了我受不了！","replyDepth":0,"type":"chat","sCharacter":{"no":"古关忧","index":"CH0169"}},{"file":"GameData/BLDA/CharFace/CFID_1/CharID_112/4.webp","content":"CharFace","replyDepth":0,"type":"image","sCharacter":{"no":"古关忧","index":"CH0169"}},{"content":"忧委员长现在才是最吵的吧...（小声）","replyDepth":0,"type":"chat","sCharacter":{"no":"圆堂志美子","index":"Shimiko_BG"}},{"file":"GameData/BLDA/CharFace/shimiko/4.webp","content":"CharFace","replyDepth":0,"type":"image","sCharacter":{"no":"圆堂志美子","index":"Shimiko_BG"}},{"content":"老师...","replyDepth":0,"type":"chat","sCharacter":{"no":"圆堂志美子","index":"Shimiko_BG"}},{"content":"志美子向我投来些许担忧的目光，用自信满满的眼神给予回复","replyDepth":0,"type":"info","sCharacter":{"no":"圆堂志美子","index":"Shimiko_BG"}},{"content":"那我就先回图书馆了...今天还需要我值班","replyDepth":0,"type":"chat","sCharacter":{"no":"圆堂志美子","index":"Shimiko_BG"}},{"content":"志美子离开了","replyDepth":0,"type":"info","sCharacter":{"no":"圆堂志美子","index":"Shimiko_BG"}},{"content":"呜呜哇呜呜啊呜唔唔.....","replyDepth":0,"type":"chat","sCharacter":{"no":"古关忧","index":"CH0169"}},{"file":"GameData/BLDA/CharFace/CFID_1/CharID_112/37.webp","content":"CharFace","replyDepth":0,"type":"image","sCharacter":{"no":"古关忧","index":"CH0169"}},{"content":"忧一边嚼着咖啡杯的吸管一边发出些许怪声，以往在古书馆总是很安静的忧，似乎已经被这酷暑热昏了脑袋","replyDepth":0,"type":"info","sCharacter":{"no":"古关忧","index":"CH0169"}},{"content":"忧把身体懒散靠在了墙壁上，似乎准备用这种方式得到些许降温，随着目光扫到一眼老师，又赶紧恢复了坐姿","replyDepth":0,"type":"info","sCharacter":{"no":"古关忧","index":"CH0169"}},{"content":"抱歉....老师...在这种情况下见面...本来今天应该是分享交换笔记的日子","replyDepth":0,"type":"chat","sCharacter":{"no":"古关忧","index":"CH0169"}},{"content":"笔记放在右边的长椅上了，我现在手上全是汗...不太适合拿起我们的....","replyDepth":0,"type":"chat","sCharacter":{"no":"古关忧","index":"CH0169"}},{"content":"通红的脸低下了头，不知道是因为热还是害羞","replyDepth":0,"type":"info","sCharacter":{"no":"古关忧","index":"CH0169"}},{"content":"没事，我可是一点不介意","replyDepth":0,"type":"chat","sCharacter":{"no":0,"index":"1"}},{"content":"尤其还有忧酱的手汗！","replyDepth":0,"type":"chat","sCharacter":{"no":0,"index":"1"}},{"content":"您您您在说什么啊.....","replyDepth":0,"type":"chat","sCharacter":{"no":"古关忧","index":"CH0169"}},{"file":"GameData/BLDA/CharFace/CFID_1/CharID_112/32.webp","content":"CharFace","replyDepth":0,"type":"image","sCharacter":{"no":"古关忧","index":"CH0169"}},{"content":"唔，看来老师也和我一样热的神志不清了....","replyDepth":0,"type":"chat","sCharacter":{"no":"古关忧","index":"CH0169"}},{"content":"忧酱有什么清凉的衣服吗","replyDepth":0,"type":"chat","sCharacter":{"no":0,"index":"1"}},{"content":"没有....因为从来没有在圣三一经历过这种热天....清凉的衣服应该一件也没....","replyDepth":0,"type":"chat","sCharacter":{"no":"古关忧","index":"CH0169"}},{"file":"GameData/BLDA/CharFace/CH0169/4.webp","content":"CharFace","replyDepth":0,"type":"image","sCharacter":{"no":"古关忧","index":"CH0169"}},{"content":"忧酱愣了一下，看来是想到了什么","replyDepth":0,"type":"info","sCharacter":{"no":"古关忧","index":"CH0169"}},{"content":"库库，没错，我说的就是这个！","replyDepth":0,"type":"chat","sCharacter":{"no":0,"index":"1"}},{"content":"一起去海岛消暑，怎么样！","replyDepth":0,"type":"chat","sCharacter":{"no":0,"index":"1"}},{"content":"","type":"image","file":"Emoji-2-0","replyDepth":0,"sCharacter":{"no":0,"index":"1"}},{"content":"停好了小艇，扶着忧走向沙滩","replyDepth":0,"type":"info","sCharacter":{"no":0,"index":"1"}},{"content":"不知道为什么，沙滩上有深深的拖拽痕迹","replyDepth":0,"type":"info","sCharacter":{"no":"0","index":"1"},"isFirst":false,"name":"","isLeft":false,"isCenter":true,"isRight":false,"is_breaking":false,"file":"","time":"","style":false},{"content":"唔...热加晕船实在是....","replyDepth":0,"type":"chat","sCharacter":{"no":"古关忧","index":"CH0204_BG"}},{"content":"老师现在可是很清醒","replyDepth":0,"type":"chat","sCharacter":{"no":0,"index":"1"}},{"content":"尤其还能看到忧酱的泳装，真的是太好...嘶","replyDepth":0,"type":"chat","sCharacter":{"no":0,"index":"1"}},{"file":"GameData/BLDA/CharFace/CH0204/16.webp","content":"CharFace","replyDepth":0,"type":"image","sCharacter":{"no":"古关忧","index":"CH0204_BG"}},{"content":"腰部被掐了一下","replyDepth":0,"type":"info","sCharacter":{"no":"古关忧","index":"CH0204_BG"}},{"content":"稀里糊涂就答应......感觉被老师忽悠了","replyDepth":0,"type":"chat","sCharacter":{"no":"古关忧","index":"CH0204_BG"}},{"content":"不过...现在....","replyDepth":0,"type":"chat","sCharacter":{"no":"古关忧","index":"CH0204_BG"}},{"content":"忧试着直起了身体，猛地呼吸了一口","replyDepth":0,"type":"info","sCharacter":{"no":"古关忧","index":"CH0204_BG"}},{"file":"GameData/BLDA/CharFace/CFID_6/CharID_112-167/66.webp","content":"CharFace","replyDepth":0,"type":"image","sCharacter":{"no":"古关忧","index":"CH0204_BG"}},{"content":"这里....确实很凉快的，尤其加上穿上了泳装...","replyDepth":0,"type":"chat","sCharacter":{"no":"古关忧","index":"CH0204_BG"}},{"content":"这个小岛是....","replyDepth":0,"type":"chat","sCharacter":{"no":"古关忧","index":"CH0204_BG"}},{"content":"就是上次忧酱和花子他们一起来的小岛哦","replyDepth":0,"type":"chat","sCharacter":{"no":0,"index":"1"}},{"content":"诶....诶？","replyDepth":0,"type":"chat","sCharacter":{"no":"古关忧","index":"CH0204_BG"}},{"file":"GameData/BLDA/CharFace/CH0204/24.webp","content":"CharFace","replyDepth":0,"type":"image","sCharacter":{"no":"古关忧","index":"CH0204_BG"}},{"content":"正在努力呼吸清凉空气的忧打了个踉跄","replyDepth":0,"type":"info","sCharacter":{"no":"古关忧","index":"CH0204_BG"}},{"content":"修女会那座小岛？....我记得那次之后修女会内部不是已经禁止....禁止无关人士再上岛了吗","replyDepth":0,"type":"chat","sCharacter":{"no":"古关忧","index":"CH0204_BG"}},{"content":"确实是禁止了","replyDepth":0,"type":"chat","sCharacter":{"no":0,"index":"1"}},{"content":"但我们可不是“无关人士”","replyDepth":0,"type":"chat","sCharacter":{"no":0,"index":"1"}},{"content":"而且还有比现在更适合再次造访的机会吗","replyDepth":0,"type":"chat","sCharacter":{"no":0,"index":"1"}},{"content":"但是....我们就这样来....","replyDepth":0,"type":"chat","sCharacter":{"no":"古关忧","index":"CH0204_BG"}},{"content":"忧停住了话，随后闭上了眼睛，过了一会又睁开，表情恢复了往日的平静","replyDepth":0,"type":"info","sCharacter":{"no":"古关忧","index":"CH0204_BG"}},{"file":"GameData/BLDA/CharFace/CH0204/3.webp","content":"CharFace","replyDepth":0,"type":"image","sCharacter":{"no":"古关忧","index":"CH0204_BG"}},{"content":"的确.......这里远离现在天气糟糕的圣三一自治区.....风景也是极好....","replyDepth":0,"type":"chat","sCharacter":{"no":"古关忧","index":"CH0204_BG"}},{"content":"最重要的....这里不被修女会以外的人知晓，没有旁人的目光，只有我和老师....","replyDepth":0,"type":"chat","sCharacter":{"no":"古关忧","index":"CH0204_BG"}},{"content":"忧的目光落在了我的身上","replyDepth":0,"type":"info","sCharacter":{"no":"古关忧","index":"CH0204_BG"}},{"file":"GameData/BLDA/CharFace/CFID_6/CharID_112-167/181.webp","content":"CharFace","replyDepth":0,"type":"image","sCharacter":{"no":"古关忧","index":"CH0204_BG"}},{"content":"果然，总是被老师牵着鼻子走呢...不过...\n嘛，也蛮好的","replyDepth":0,"type":"chat","sCharacter":{"no":"古关忧","index":"CH0204_BG"},"isFirst":false,"name":"","isLeft":true,"isCenter":false,"isRight":false,"is_breaking":false,"file":"","time":"","style":false},{"content":"如果不是因为忧，我也不会这样做","replyDepth":0,"type":"chat","sCharacter":{"no":0,"index":"1"}},{"content":"所以某种意义上，忧也脱不了干系哦","replyDepth":0,"type":"chat","sCharacter":{"no":0,"index":"1"}},{"content":"如何，晕船缓过来后，要不要一起踩踩海水呢...","replyDepth":0,"type":"chat","sCharacter":{"no":0,"index":"1"}},{"content":"呋呋...当然...","replyDepth":0,"type":"chat","sCharacter":{"no":"古关忧","index":"CH0204_BG"}},{"file":"GameData/BLDA/CharFace/CFID_6/CharID_112-167/13.webp","content":"CharFace","replyDepth":0,"type":"image","sCharacter":{"no":"古关忧","index":"CH0204_BG"}},{"content":"和忧喝完咖啡后，慢悠悠地向岛内散步过去，决定一起走到之前来时候忧布置的露营咖啡基地","replyDepth":0,"type":"info","sCharacter":{"no":"古关忧","index":"CH0204_BG"}},{"content":"似乎和上次来变化不大呢","replyDepth":0,"type":"chat","sCharacter":{"no":0,"index":"1"}},{"content":"看来我们那次后....修女会真的封锁了小岛","replyDepth":0,"type":"chat","sCharacter":{"no":0,"index":"1"}},{"content":"毕竟这里的文物对修女会确实蛮重要的....尤其是地下遗迹部分还是之前从未发现过的构造...而她们现在的情况.....又无暇来到这种偏远海岛上考古作业，所以先封锁了这里的消息....","replyDepth":0,"type":"chat","sCharacter":{"no":"古关忧","index":"CH0204_BG"}},{"content":"（盯着忧）","replyDepth":0,"type":"chat","sCharacter":{"no":0,"index":"1"}},{"file":"GameData/BLDA/CharFace/CFID_6/CharID_112-167/21.webp","content":"CharFace","replyDepth":0,"type":"image","sCharacter":{"no":"古关忧","index":"CH0204_BG"}},{"content":"唔....只有一些SNS上看来的消息而已.....只是网络上，修女会那些讨人厌的家伙我并没有什么兴趣....","replyDepth":0,"type":"chat","sCharacter":{"no":"古关忧","index":"CH0204_BG"}},{"content":"不信，忧酱也会SNS？","replyDepth":0,"type":"chat","sCharacter":{"no":0,"index":"1"}},{"content":"啊？那是当然了...我时不时就会上线看看，包括圣三一的学院新闻之类的....","replyDepth":0,"type":"chat","sCharacter":{"no":"古关忧","index":"CH0204_BG"}},{"content":"我一直以为忧酱感兴趣的只有考古书本","replyDepth":0,"type":"chat","sCharacter":{"no":0,"index":"1"}},{"content":"毕竟忧给人的感觉似乎不太会用社交网络呢","replyDepth":0,"type":"chat","sCharacter":{"no":0,"index":"1"}},{"content":"唔...怎么把我说的和老奶奶一样....","replyDepth":0,"type":"chat","sCharacter":{"no":"古关忧","index":"CH0204_BG"}},{"file":"GameData/BLDA/CharFace/CH0204/4.webp","content":"CharFace","replyDepth":0,"type":"image","sCharacter":{"no":"古关忧","index":"CH0204_BG"}},{"content":"我只是更在意那些孩子而已.....相比于新的事物，我更想探究代表过去的秘密与历史。不过...这并不代表我拒绝使用一些潮流","replyDepth":0,"type":"chat","sCharacter":{"no":"古关忧","index":"CH0204_BG"}},{"content":"而且...网络小说我也在看哦...是叫什么修罗来着....虽然不知道为什么最近不更新了...","replyDepth":0,"type":"chat","sCharacter":{"no":"古关忧","index":"CH0204_BG"}},{"content":"再说了....我与老师的远程联系...主要也是momotalk","replyDepth":0,"type":"chat","sCharacter":{"no":"古关忧","index":"CH0204_BG"}},{"content":"忧酱的回复总是很慢嘛","replyDepth":0,"type":"chat","sCharacter":{"no":0,"index":"1"}},{"content":"唔...毕竟我在作业时总是很专注而且每次都是几个小时起步，不怎么有时间看手机....","replyDepth":0,"type":"chat","sCharacter":{"no":"古关忧","index":"CH0204_BG"}},{"content":"等等....","replyDepth":0,"type":"chat","sCharacter":{"no":"古关忧","index":"CH0204_BG"}},{"content":"不对....怎么感觉....感觉从刚才开始，老师就一直在找我的茬.....","replyDepth":0,"type":"chat","sCharacter":{"no":"古关忧","index":"CH0204_BG"}},{"file":"GameData/BLDA/CharFace/CH0204/16.webp","content":"CharFace","replyDepth":0,"type":"image","sCharacter":{"no":"古关忧","index":"CH0204_BG"}},{"content":"慌张作出的回答到只有我一个，总感觉有些不爽....","replyDepth":0,"type":"chat","sCharacter":{"no":"古关忧","index":"CH0204_BG"}},{"content":"忧忽然掏出手机开始打字","replyDepth":0,"type":"info","sCharacter":{"no":"古关忧","index":"CH0204_BG"}},{"content":"忧，忧，忧酱？","replyDepth":0,"type":"chat","sCharacter":{"no":0,"index":"1"}},{"content":"忧同学？","replyDepth":0,"type":"chat","sCharacter":{"no":0,"index":"1"}},{"content":"好的....发送...老师既然说我总是没法及时回复....那么现在就让老师马上回复我发的问题吧","replyDepth":0,"type":"chat","sCharacter":{"no":"古关忧","index":"CH0204_BG"}},{"file":"GameData/BLDA/CharFace/CH0204/9.webp","content":"CharFace","replyDepth":0,"type":"image","sCharacter":{"no":"古关忧","index":"CH0204_BG"}},{"content":"呋呋...怎么样老师...我的反击","replyDepth":0,"type":"chat","sCharacter":{"no":"古关忧","index":"CH0204_BG"}},{"content":"忧有些痴笑的看着我","replyDepth":0,"type":"info","sCharacter":{"no":"古关忧","index":"CH0204_BG"}},{"content":"一会后，发现我并没有反应","replyDepth":0,"type":"info","sCharacter":{"no":"古关忧","index":"CH0204_BG"}},{"file":"GameData/BLDA/CharFace/CH0204/1.webp","content":"CharFace","replyDepth":0,"type":"image","sCharacter":{"no":"古关忧","index":"CH0204_BG"}},{"content":"又过了一会","replyDepth":0,"type":"info","sCharacter":{"no":"古关忧","index":"CH0204_BG"}},{"content":"唔姆.....老师.....","replyDepth":0,"type":"chat","sCharacter":{"no":"古关忧","index":"CH0204_BG"},"isFirst":false,"name":"","isLeft":true,"isCenter":false,"isRight":false,"is_breaking":false,"file":"","time":"","style":false},{"file":"GameData/BLDA/CharFace/CH0204/18.webp","content":"CharFace","replyDepth":0,"type":"image","sCharacter":{"no":"古关忧","index":"CH0204_BG"}},{"content":"怎么了忧酱","replyDepth":0,"type":"chat","sCharacter":{"no":0,"index":"1"}},{"content":"那个...手机....消息...","replyDepth":0,"type":"chat","sCharacter":{"no":"古关忧","index":"CH0204_BG"}},{"content":"岛上并没有信号哦忧酱，我是看不到你的消息","replyDepth":0,"type":"chat","sCharacter":{"no":0,"index":"1"}},{"content":"没有...信号....","replyDepth":0,"type":"chat","sCharacter":{"no":"古关忧","index":"CH0204_BG"}},{"content":"不过如果忧酱愿意的话可以和老师分享手机，让老师看看写了什么","replyDepth":0,"type":"chat","sCharacter":{"no":0,"index":"1"}},{"file":"GameData/BLDA/CharFace/CH0204/2.webp","content":"CharFace","replyDepth":0,"type":"image","sCharacter":{"no":"古关忧","index":"CH0204_BG"}},{"file":"GameData/BLDA/CharFace/CH0204/21.webp","content":"CharFace","replyDepth":0,"type":"image","sCharacter":{"no":"古关忧","index":"CH0204_BG"}}],"MoeTalk":"2-0"}