{"月雪宫子":{"school":"SRT","club":"兔子小队","head":"CH0215_L2D,Miyako_L2D,NP0070_BG,CH0215_BG,Miyako_BG,CH0215,Miyako","name":{"zh_cn":"月雪 宫子","zh_tw":"月雪 都子","jp":"月雪 ミヤコ","en":"Tsukiyuki Miyako","kr":"츠키유키 미야코","pinyin":"yuexuegongzi"}},"油桶":{"school":"SRT","club":"兔子小队","head":"NP0018","name":{"zh_cn":"油桶","zh_tw":"油桶","jp":"ドラム缶","en":"Steel-Drum","kr":"드럼통","pinyin":"youtong"}},"空井咲":{"school":"SRT","club":"兔子小队","head":"CH0144_L2D,CH0217_L2D,NP0072_BG,CH0144_BG,CH0144_NoHelmet_BG,CH0217_BG,CH0144,CH0217","name":{"zh_cn":"空井 咲","zh_tw":"空井 咲希","jp":"空井 サキ","en":"Sorai Saki","kr":"소라이 사키","pinyin":"kongjingxiao"}},"霞泽美游":{"school":"SRT","club":"兔子小队","head":"CH0145_L2D,CH0218_L2D,NP0071_BG,CH0145_BG,CH0218_BG,CH0145,CH0218","name":{"zh_cn":"霞泽 美游","zh_tw":"霞澤 美優","jp":"霞沢 ミユ","en":"Kasumizawa Miyu","kr":"카스미자와 미유","pinyin":"xiazemeiyou"}},"风仓萌绘":{"school":"SRT","club":"兔子小队","head":"CH0216_L2D,Moe_L2D,NP0073_BG,CH0216_BG,Moe_BG,CH0216,Moe","name":{"zh_cn":"风仓 萌惠","zh_tw":"風倉 萌","jp":"風倉 モエ","en":"Kazekura Moe","kr":"카제쿠라 모에","pinyin":"fengcangmenghui"}},"七度雪乃":{"school":"SRT","club":"狐狸小队","head":"CH0171_BG,CH0171","name":{"zh_cn":"七度 雪乃","zh_tw":"七度 雪乃","jp":"七度 ユキノ","en":"Shichido Yukino","kr":"유키노","pinyin":"qiduxuenai"}},"妮可":{"school":"SRT","club":"狐狸小队","head":"CH0172_BG,CH0172","name":{"zh_cn":"妮可","zh_tw":"妮可","jp":"ニコ","en":"Niko","kr":"니코","pinyin":"nike"}},"胡桃":{"school":"SRT","club":"狐狸小队","head":"CH0173_BG,CH0173","name":{"zh_cn":"胡桃","zh_tw":"胡桃","jp":"クルミ","en":"Kurumi","kr":"쿠루미","pinyin":"hutao"}},"音葵":{"school":"SRT","club":"狐狸小队","head":"CH0174_BG,CH0174","name":{"zh_cn":"音葵","zh_tw":"音葵","jp":"オトギ","en":"Otogi","kr":"오토기","pinyin":"yinkui"}},"普拉娜":{"school":"其他","club":"什亭之匣","head":"NP0035_BG,NP0035","name":{"zh_cn":"普拉娜","zh_tw":"普拉娜","jp":"プラナ","en":"Purana","kr":"프라나","pinyin":"pulana"}},"阿罗娜":{"school":"其他","club":"什亭之匣","head":"Arona_BG,Arona","name":{"zh_cn":"阿罗娜","zh_tw":"彩奈","jp":"アロナ","en":"Arona","kr":"아로나","pinyin":"aluona"}},"川流诗乃":{"school":"其他","club":"克洛诺斯报道部","head":"Shinon_BG,Shinon","name":{"zh_cn":"川流 诗乃","zh_tw":"川流 詩乃","jp":"川流 シノン","en":"Kawaru Shinon","kr":"카와루 시논","pinyin":"chuanliushinai"}},"舞":{"school":"其他","club":"克洛诺斯报道部","head":"Mai_BG,Mai","name":{"zh_cn":"风卷 舞","zh_tw":"風巻 舞","jp":"風巻 マイ","en":"Kazemaki Mai","kr":"카제마키 마이","pinyin":"wu"}},"KaitenFxMk0":{"school":"其他","club":"凯坦泽","head":"KaitenFxMk0_BG,KaitenFxMk0","name":{"zh_cn":"KAITEN-FX-Mk.0","zh_tw":"KAITEN-FX-Mk.0","jp":"KAITEN-FX-Mk.0","en":"KAITEN-FX-Mk.0","kr":"KAITEN-FX-Mk.0","pinyin":"KaitenFxMk0"}},"回转寿司战队":{"school":"其他","club":"凯坦泽","head":"Kaitenranger_Black_BG,Kaitenranger_Green_BG,Kaitenranger_Pink_BG,Kaitenranger_Red_BG,Kaitenranger_Yellow_BG,Kaitenranger_Black,Kaitenranger_Green,Kaitenranger_Pink,Kaitenranger_Red,Kaitenranger_Yellow","name":{"zh_cn":"凯坦泽","zh_tw":"凱坦澤","jp":"カイテンジャー","en":"Kaitenger","kr":"카이텐레인저","pinyin":"huizhuanshousizhandui"}},"凯撒PMC将军":{"school":"其他","club":"凯撒集团","head":"NP0104_BG,NP0104","name":{"zh_cn":"凯撒PMC将军","zh_tw":"凱撒PMC將軍","jp":"カイザーPMC将軍","en":"Kaiser-PMC-General","kr":"카이저-PMC-장군","pinyin":"kaisaPMCjiangjun"}},"凯撒PMC理事":{"school":"其他","club":"凯撒集团","head":"NP0034_BG,Pmcdirector_BG,NP0034,Pmcdirector","name":{"zh_cn":"凯撒PMC理事","zh_tw":"凱撒PMC理事","jp":"カイザーPMC理事","en":"Kaiser-PMC-Director","kr":"카이저-PMC-이사","pinyin":"kaisaPMClishi"}},"凯撒总裁":{"school":"其他","club":"凯撒集团","head":"NP0096_BG,NP0096","name":{"zh_cn":"凯撒总裁","zh_tw":"凱撒主席","jp":"カイザー会長","en":"Kaiser-President","kr":"카이저-회장","pinyin":"kaisazongcai"}},"凯撒特种部队":{"school":"其他","club":"凯撒集团","head":"NP0116_BG,NP0116","name":{"zh_cn":"凯撒特种部队","zh_tw":"凱撒特種部隊","jp":"カイザーSOF","en":"Kaiser-SOF","kr":"카이저-SOF","pinyin":"kaisatezhongbudui"}},"光":{"school":"其他","club":"十字神明","head":"NP0131_BG,NP0131","name":{"zh_cn":"光","zh_tw":"光","jp":"オウル","en":"Aur","kr":"오르","pinyin":"guang"}},"凯瑟":{"school":"其他","club":"十字神明","head":"Keiser_BG","name":{"zh_cn":"凯瑟","zh_tw":"凱瑟","jp":"ケテル","en":"KETHER","kr":"케테르","pinyin":"kaise"}},"凯瑟TypeC":{"school":"其他","club":"十字神明","head":"KeiserTypeC","name":{"zh_cn":"凯瑟TypeC","zh_tw":"凱瑟TypeC","jp":"カイザーTypeC","en":"KaiserTypeC","kr":"황제TypeC","pinyin":"kaiseTypeC"}},"凯瑟TypeE":{"school":"其他","club":"十字神明","head":"KeiserTypeE","name":{"zh_cn":"凯瑟TypeE","zh_tw":"凱瑟TypeE","jp":"カイザーTypeE","en":"KaiserTypeE","kr":"황제TypeE","pinyin":"kaiseTypeE"}},"凯瑟TypeV":{"school":"其他","club":"十字神明","head":"KeiserTypeV","name":{"zh_cn":"凯瑟TypeV","zh_tw":"凱瑟TypeV","jp":"カイザーTypeV","en":"KaiserTypeV","kr":"황제TypeV","pinyin":"kaiseTypeV"}},"劳工机器人":{"school":"其他","club":"十字神明","head":"NP0282","name":{"zh_cn":"","zh_tw":"","jp":"","en":"","kr":"","pinyin":"laogongjiqiren"}},"提法勒特":{"school":"其他","club":"十字神明","head":"Tiphareth_BG","name":{"zh_cn":"提法勒特","zh_tw":"提法勒特","jp":"ティファレト","en":"TIPHARETH","kr":"티페레트","pinyin":"tifalete"}},"无":{"school":"其他","club":"十字神明","head":"NP0129_BG,NP0129","name":{"zh_cn":"无","zh_tw":"無","jp":"アイン","en":"Ain","kr":"아인","pinyin":"wu"}},"盖布拉":{"school":"其他","club":"十字神明","head":"Geburah_BG","name":{"zh_cn":"盖布拉","zh_tw":"蓋布拉","jp":"ゲブラ","en":"Geburah","kr":"게부라","pinyin":"gaibula"}},"耶索德":{"school":"其他","club":"十字神明","head":"yesod_BG","name":{"zh_cn":"耶索德","zh_tw":"耶索德","jp":"イェソド","en":"Yesod","kr":"예소드","pinyin":"yesuode"}},"薇娜":{"school":"其他","club":"十字神明","head":"Binah_BG,Binah","name":{"zh_cn":"薇娜","zh_tw":"薇娜","jp":"ビナー","en":"Binah","kr":"비나","pinyin":"weina"}},"赫赛德":{"school":"其他","club":"十字神明","head":"Chesed_BG,Chesed","name":{"zh_cn":"赫赛德","zh_tw":"赫賽德","jp":"ケセド","en":"Chesed","kr":"헤세드","pinyin":"hesaide"}},"限":{"school":"其他","club":"十字神明","head":"NP0130_BG,NP0130","name":{"zh_cn":"限","zh_tw":"限","jp":"ソフ","en":"Soph","kr":"소프","pinyin":"xian"}},"霍克玛":{"school":"其他","club":"十字神明","head":"Chokmah_BG","name":{"zh_cn":"霍克玛","zh_tw":"霍克瑪","jp":"コクマー","en":"Chokmah","kr":"호크마","pinyin":"huokema"}},"霍德":{"school":"其他","club":"十字神明","head":"Hod_BG,Hod","name":{"zh_cn":"霍德","zh_tw":"霍德","jp":"ホド","en":"Hod","kr":"호드","pinyin":"huode"}},"马路库特":{"school":"其他","club":"十字神明","head":"NP0030_BG,NP0119_BG,NP0030,NP0119","name":{"zh_cn":"马路库特","zh_tw":"馬爾庫特","jp":"マルクト","en":"Malkuth","kr":"말쿠트","pinyin":"malukute"}},"老师":{"school":"其他","club":"夏莱","head":"Sensei","name":{"zh_cn":"老师","zh_tw":"老師","jp":"先生","en":"Sensei","kr":"선생님","pinyin":"laoshi"}},"空":{"school":"其他","club":"天使24","head":"Sora_BG,Sora","name":{"zh_cn":"空","zh_tw":"空","jp":"ソラ","en":"Sora","kr":"소라","pinyin":"kong"}},"NP0263":{"school":"其他","club":"所属不明-其他","head":"NP0263_BG,NP0263","name":{"zh_cn":"？？？","zh_tw":"？？？","jp":"？？？","en":"？？？","kr":"？？？","pinyin":"NP0263"}},"佐天泪子":{"school":"其他","club":"所属不明-其他","head":"CH9996_L2D,CH9996_BG,CH9996","name":{"zh_cn":"佐天 泪子","zh_tw":"佐天 淚子","jp":"佐天 淚子","en":"Saten Ruiko","kr":"사텐 루이코","pinyin":"zuotianleizi"}},"佩洛洛":{"school":"其他","club":"所属不明-其他","head":"Peroro_BG,Peroro","name":{"zh_cn":"佩洛洛大人","zh_tw":"佩洛洛大人","jp":"ペロロ様","en":"Peroro-Sama","kr":"페로로님","pinyin":"peiluoluo"}},"兔女郎守卫":{"school":"其他","club":"所属不明-其他","head":"BunnyGirl_SR_BG,BunnyGirl_SR","name":{"zh_cn":"兔女郎守卫","zh_tw":"兔女郎守衛","jp":"バニーガール-ガード","en":"BunnyGirl-Guard","kr":"바니걸-가드","pinyin":"tunvlangshouwei"}},"初音未来":{"school":"其他","club":"所属不明-其他","head":"CH9999_L2D,CH9999_BG,CH9999","name":{"zh_cn":"初音未来","zh_tw":"初音未來","jp":"初音ミク","en":"Hatsune-Miku","kr":"하츠네-미쿠","pinyin":"chuyinweilai"}},"尤斯蒂娅圣徒会":{"school":"其他","club":"所属不明-其他","head":"NP0074_BG,NP0137_BG,Yustina_SR1_BG,NP0074,NP0137,Yustina_SR1","name":{"zh_cn":"尤斯蒂娅圣徒会","zh_tw":"尤斯蒂亞聖徒會","jp":"ユスティナ信徒","en":"Yustina","kr":"유스티나-성도회","pinyin":"yousidiyashengtuhui"}},"市民":{"school":"其他","club":"所属不明-其他","head":"BandageDog_BG,NP0247_BG,Citizen_Animal1_BG,Citizen_Animal2_BG,Citizen_Animal3_BG,Citizen_Animal5_BG,Citizen_Animal5_eyepatch_BG,Citizen_Animal6_BG,Citizen_animal7_BG,Citizen_Borot1_BG,Citizen_Borot2_BG,NP0086_BG,NP0087_BG,NP0092_BG,NP0093_BG,NP0094_BG,NP0132_BG,NP0133_BG,NP0135_BG,NP0136_BG,NP0203_BG,Citizen_Animal1,Citizen_Animal2,Citizen_Animal3,Citizen_Animal5,Citizen_Animal5_eyepatch,Citizen_Animal6,Citizen_animal7,Citizen_Borot1,Citizen_Borot2,NP0086,NP0087,NP0092,NP0093,NP0094,NP0132,NP0133,NP0135,NP0136,NP0203,NP0247","name":{"zh_cn":"市民","zh_tw":"市民","jp":"市民","en":"Citizen","kr":"시민","pinyin":"shimin"}},"废案学生":{"school":"其他","club":"所属不明-其他","head":"Kanna_BG,Miria_BG,Nao_BG,Pei_BG,Rone_BG,Yukari_BG","name":{"zh_cn":"废案学生","zh_tw":"廢案學生","jp":"Student","en":"Student","kr":"Student","pinyin":"feianxuesheng"}},"御坂美琴":{"school":"其他","club":"所属不明-其他","head":"CH9998_L2D,CH9998_BG,CH9998","name":{"zh_cn":"御坂 美琴","zh_tw":"御坂 美琴","jp":"御坂 美琴","en":"Misaka Mikoto","kr":"미사카 미코토","pinyin":"yubanmeiqin"}},"打工学生":{"school":"其他","club":"所属不明-其他","head":"Yoheki_Normal1_BG,Yoheki_Normal1","name":{"zh_cn":"打工佣兵","zh_tw":"打工傭兵","jp":"傭兵バイト","en":"Yoheki","kr":"용역","pinyin":"dagongxuesheng"}},"混混":{"school":"其他","club":"所属不明-其他","head":"NP0245_BG,NP0246_BG,Sukebanswim_MG1_BG,Sukebanswim_SMG1_BG,Sukeban_HMG1_BG,Sukeban_SMG1_BG,Sukeban_SR1_BG,NP0245,NP0246,Sukebanswim_MG1,Sukebanswim_SMG1,Sukeban_HMG1,Sukeban_SMG1,Sukeban_SR1","name":{"zh_cn":"混混","zh_tw":"混混","jp":"スケバン","en":"Thugs","kr":"불량배","pinyin":"hunhun"}},"笑面教授":{"school":"其他","club":"所属不明-其他","head":"CH0277_BG,CH0277","name":{"zh_cn":"笑面教授","zh_tw":"笑面教授","jp":"ニヤニヤ教授","en":"Professor Smug","kr":"히죽히죽 교수","pinyin":"xiaomianjiaoshou"}},"赛特":{"school":"其他","club":"所属不明-其他","head":"Set_BG","name":{"zh_cn":"赛特","zh_tw":"賽特","jp":"セト","en":"Set","kr":"세트","pinyin":"saite"}},"食蜂操祈":{"school":"其他","club":"所属不明-其他","head":"CH9997_L2D,CH9997_BG,CH9997","name":{"zh_cn":"食蜂 操祈","zh_tw":"食蜂 操祈","jp":"食蜂 操祈","en":"Shokuhou Misaki","kr":"쇼쿠호 미사키","pinyin":"shifengcaoqi"}},"黑帮学生":{"school":"其他","club":"所属不明-其他","head":"NP0181_BG,NP0181","name":{"zh_cn":"工作员","zh_tw":"工作員","jp":"工作員","en":"Agent","kr":"공작원","pinyin":"heibangxuesheng"}},"？？？":{"school":"其他","club":"所属不明-其他","head":"Error,Hidden_Arena,Null,Nobody","name":{"zh_cn":"？？？","zh_tw":"？？？","jp":"？？？","en":"？？？","kr":"？？？","pinyin":"???"}},"笛卡尔":{"school":"其他","club":"所确幸","head":"NP0142_BG,NP0031_BG,NP0031,NP0142","name":{"zh_cn":"笛卡尔","zh_tw":"笛卡爾","jp":"デカルト","en":"Descartes","kr":"데카르트","pinyin":"dikaer"}},"印花釉法":{"school":"其他","club":"数秘术","head":"NP0011_1_BG,NP0011_1","name":{"zh_cn":"印花釉法","zh_tw":"印花釉法","jp":"デカルコマニー","en":"Décalcomanie","kr":"데칼코마니","pinyin":"yinhuayoufa"}},"地下生活者":{"school":"其他","club":"数秘术","head":"NP0165_BG,NP0165","name":{"zh_cn":"地下生活者","zh_tw":"地下生活者","jp":"地下生活者","en":"underground-dweller","kr":"지하생활자","pinyin":"dixiashenghuozhe"}},"巨匠":{"school":"其他","club":"数秘术","head":"Maestro_BG,NP0114_BG,Maestro,NP0114","name":{"zh_cn":"巨匠","zh_tw":"巨匠","jp":"マエストロ","en":"Maestro","kr":"마에스트로","pinyin":"jujiang"}},"弗朗西斯":{"school":"其他","club":"数秘术","head":"NP0115_1_BG,NP0115_1","name":{"zh_cn":"弗朗西斯","zh_tw":"弗朗西斯","jp":"フランシス","en":"Frances","kr":"프랜시스","pinyin":"fulangxisi"}},"戈尔孔达":{"school":"其他","club":"数秘术","head":"NP0011_2_BG,NP0011_2,NP0115_2","name":{"zh_cn":"戈尔孔达","zh_tw":"戈爾孔達","jp":"ゴルコンダ","en":"Golconde","kr":"골콩드","pinyin":"geerkongda"}},"贝阿朵莉切":{"school":"其他","club":"数秘术","head":"NP0029_BG,NP0029","name":{"zh_cn":"贝阿朵莉切","zh_tw":"貝阿朵莉切","jp":"ベアトリーチェ","en":"Beatrice","kr":"베아트리체","pinyin":"beiaduoliqie"}},"黑服":{"school":"其他","club":"数秘术","head":"Blacksuit_BG,NP0113_BG,Blacksuit,NP0113","name":{"zh_cn":"黑服","zh_tw":"黑色西裝人","jp":"黒服","en":"Black-Suit","kr":"검은-양복","pinyin":"heifu"}},"白":{"school":"其他","club":"斯兰皮亚","head":"Shiro_BG,Shiro","name":{"zh_cn":"白","zh_tw":"白","jp":"シロ","en":"Shiro","kr":"시로","pinyin":"bai"}},"高兹":{"school":"其他","club":"斯兰皮亚","head":"Goz_BG","name":{"zh_cn":"高兹","zh_tw":"高茲","jp":"ゴズ","en":"Goz","kr":"고즈","pinyin":"gaozi"}},"黑":{"school":"其他","club":"斯兰皮亚","head":"Kuro_BG,Kuro","name":{"zh_cn":"黑","zh_tw":"黑","jp":"クロ","en":"Kuro","kr":"쿠로","pinyin":"hei"}},"无名机器人":{"school":"其他","club":"无名众神","head":"NP0091_BG,NP0091","name":{"zh_cn":"Divi:Sion","zh_tw":"Divi:Sion","jp":"Divi:Sion","en":"Divi:Sion","kr":"Divi:Sion","pinyin":"wumingjiqiren"}},"无名祭祀":{"school":"其他","club":"无名众神","head":"NP0042_BG,NP0042","name":{"zh_cn":"无名司祭","zh_tw":"無名司祭","jp":"無名の司祭","en":"The-nameless-priests","kr":"무명사제","pinyin":"wumingjisi"}},"佩洛洛斯拉":{"school":"其他","club":"无限怪谈图书馆","head":"Perorozilla_BG,Perorozilla","name":{"zh_cn":"佩洛洛斯拉","zh_tw":"佩洛洛吉拉","jp":"ペロロジラ","en":"Perorozilla","kr":"페로로질라","pinyin":"peiluoluosila"}},"无人机":{"school":"其他","club":"机器人","head":"UAV","name":{"zh_cn":"","zh_tw":"","jp":"","en":"","kr":"","pinyin":"wurenji"}},"歌利亚":{"school":"其他","club":"机器人","head":"Goliath","name":{"zh_cn":"","zh_tw":"","jp":"","en":"","kr":"","pinyin":"geliya"}},"清除器":{"school":"其他","club":"机器人","head":"Eraser","name":{"zh_cn":"","zh_tw":"","jp":"","en":"","kr":"","pinyin":"qingchuqi"}},"自动机器人":{"school":"其他","club":"机器人","head":"Automata_Decagrammaton1_BG,Automata_Division1_BG,Automata_Kurokamegumi1_BG,Automata_PMC1_BG,Automata_Decagrammaton1,Automata_Division1,Automata_Kurokamegumi1,Automata_PMC1","name":{"zh_cn":"自动机器人","zh_tw":"自動機器人","jp":"アンドロイド","en":"Automata","kr":"오토마타","pinyin":"zidongjiqiren"}},"黑帮机器人":{"school":"其他","club":"机器人","head":"NP0180_BG,NP0180","name":{"zh_cn":"唐·阿兰西诺","zh_tw":"唐·阿蘭西諾","jp":"ドン·アランチーノ","en":"Don·Arancino","kr":"돈·아란치노","pinyin":"heibangjiqiren"}},"柴大将":{"school":"其他","club":"柴关拉面","head":"Shibasekimaster_BG,Shibasekimaster","name":{"zh_cn":"柴大将","zh_tw":"柴大将","jp":"柴大将","en":"Shibaseki-Master","kr":"시바세키-사장","pinyin":"chaidajiang"}},"七神凛":{"school":"其他","club":"联邦学生会","head":"NP0097_BG,Rin_BG,NP0097,Rin","name":{"zh_cn":"七神 凛","zh_tw":"七神 琳","jp":"七神 リン","en":"Nanagami Rin","kr":"나나가미 린","pinyin":"qishenlin"}},"不知火花耶":{"school":"其他","club":"联邦学生会","head":"NP0015_BG,NP0015","name":{"zh_cn":"不知火 花耶","zh_tw":"不知火 花耶","jp":"不知火 カヤ","en":"Shiranui Kaya","kr":"시라누이 카야","pinyin":"buzhihuohuaye"}},"岩柜步梦":{"school":"其他","club":"联邦学生会","head":"NP0013_BG,NP0099_BG,NP0013,NP0099","name":{"zh_cn":"岩柜 步梦","zh_tw":"岩櫃 步夢","jp":"岩櫃 アユム","en":"Iwabitsu Ayumu","kr":"이와비츠 아유무","pinyin":"yanguibumeng"}},"扇喜葵":{"school":"其他","club":"联邦学生会","head":"NP0032_BG,NP0032","name":{"zh_cn":"扇喜 葵","zh_tw":"扇喜 葵","jp":"扇喜 アオイ","en":"Oki Aoi","kr":"오키 아오이","pinyin":"shanxikui"}},"李":{"school":"其他","club":"联邦学生会","head":"NP0037_BG,NP0037","name":{"zh_cn":"李","zh_tw":"李","jp":"スモモ","en":"Sumomo","kr":"스모모","pinyin":"li"}},"灰音":{"school":"其他","club":"联邦学生会","head":"NP0033_BG,NP0033","name":{"zh_cn":"灰音","zh_tw":"灰音","jp":"ハイネ","en":"Haine","kr":"하이네","pinyin":"huiyin"}},"由良木桃香":{"school":"其他","club":"联邦学生会","head":"Momoka_BG,NP0098_BG,Momoka,NP0098","name":{"zh_cn":"由良木 桃香","zh_tw":"由良木 桃香","jp":"由良木 モモカ","en":"Yuragi Momoka","kr":"유라기 모모카","pinyin":"youliangmutaoxiang"}},"联邦学生会成员":{"school":"其他","club":"联邦学生会","head":"NP0106_BG,NP0107_BG,NP0106,NP0107","name":{"zh_cn":"联邦学生会成员","zh_tw":"聯邦學生會成員","jp":"連邦生徒会長役員","en":"Student-Council-Officer","kr":"총학생회-임원","pinyin":"lianbangxueshenghuichengyuan"}},"联邦学生会长":{"school":"其他","club":"联邦学生会","head":"NP0040_BG,NP0040","name":{"zh_cn":"联邦学生会长","zh_tw":"聯邦學生會長","jp":"連邦生徒会長","en":"Student-Council-President","kr":"총학생회장","pinyin":"lianbangxueshenghuichang"}},"普雷纳帕特斯":{"school":"其他","club":"色彩","head":"NP0095_BG,NP0095","name":{"zh_cn":"普雷纳帕特斯","zh_tw":"普雷納帕特斯","jp":"プレナパテス","en":"Phrenapates","kr":"프레나파테스","pinyin":"puleinapatesi"}},"格里高利":{"school":"其他","club":"诸圣相通","head":"Gregorius_BG","name":{"zh_cn":"格里高利","zh_tw":"格裡高利","jp":"グレゴリオ","en":"Gregorius","kr":"그레고리오","pinyin":"geligaoli"}},"耶罗尼姆斯":{"school":"其他","club":"诸圣相通","head":"Hieronymus_BG,Hieronymus","name":{"zh_cn":"耶罗尼穆斯","zh_tw":"耶羅尼姆斯","jp":"ヒエロニムス","en":"Hieronymus","kr":"예로니무스","pinyin":"yeluonimusi"}},"一之濑明日奈":{"school":"千年","club":"C&C","head":"Asuna_L2D,CH0098_L2D,CH0281_L2D,NP0081_BG,Asuna_BG,CH0098_BG,NP0081,Asuna,CH0098","name":{"zh_cn":"一之濑 明日奈","zh_tw":"一之瀬 明日奈","jp":"一之瀬 アスナ","en":"Ichinose Asuna","kr":"이치노세 아스나","pinyin":"yizhilaimingrinai"}},"室笠茜":{"school":"千年","club":"C&C","head":"Akane_L2D,CH0099_L2D,CH0307_BG,Akane_BG,CH0099_BG,Akane,CH0099,CH0307","name":{"zh_cn":"室笠 茜","zh_tw":"室笠 茜","jp":"室笠 アカネ","en":"Murokasa Akane","kr":"무로카사 아카네","pinyin":"shiliqian"}},"美甘尼禄":{"school":"千年","club":"C&C","head":"CH0101_L2D,CH0280_L2D,Neru_L2D,CH0101_BG,CH0280_BG,Neru_BG,CH0101,CH0280,Neru","name":{"zh_cn":"美甘 尼禄","zh_tw":"美甘 寧瑠","jp":"美甘 ネル","en":"Mikamo Neru","kr":"미카모 네루","pinyin":"meigannilu"}},"角楯花凛":{"school":"千年","club":"C&C","head":"CH0100_L2D,CH0282_L2D,Karin_L2D,NP0082_BG,CH0100_BG,Karin_BG,NP0082,CH0100,Karin","name":{"zh_cn":"角楯 花凛","zh_tw":"角楯 花凛","jp":"角楯 カリン","en":"Kakudate Karin","kr":"카쿠다테 카린","pinyin":"jiaodunhualin"}},"飞鸟马时":{"school":"千年","club":"C&C","head":"CH0187_L2D,CH0211_L2D,CH0333_L2D,CH0308_BG,NP0078_BG,NP0123_BG,NP0079_BG,CH0187_BG,CH0211_BG,CH0333_BG,NP0078,NP0079,NP0123,CH0187,CH0211,CH0308,CH0333","name":{"zh_cn":"飞鸟马 时","zh_tw":"飛鳥馬 季","jp":"飛鳥馬 トキ","en":"Asuma Toki","kr":"아스마 토키","pinyin":"feiniaomashi"}},"未来":{"school":"千年","club":"伪科学部","head":"CH0283_BG,CH0283","name":{"zh_cn":"未来","zh_tw":"未來","jp":"ミライ","en":"Mirai","kr":"미라이","pinyin":"weilai"}},"乙花堇":{"school":"千年","club":"健身部","head":"CH0287_L2D,Sumire_L2D,NP0061_BG,CH0287_BG,Sumire_BG,CH0287,Sumire","name":{"zh_cn":"乙花 菫","zh_tw":"乙花 菫","jp":"乙花 スミレ","en":"Otohana Sumire","kr":"오토하나 스미레","pinyin":"yihuajin"}},"野正玲":{"school":"千年","club":"健身部","head":"CH0245_L2D,CH0245_BG,CH0245","name":{"zh_cn":"野正 玲","zh_tw":"野正 玲","jp":"野正 レイ","en":"Nomasa Rei","kr":"노마사 레이","pinyin":"yezhengling"}},"丰见小鸟":{"school":"千年","club":"工程部","head":"CH0185_L2D,Kotori_L2D,NP0069_BG,CH0185_BG,Kotori_BG,CH0185,Kotori","name":{"zh_cn":"丰见 小鸟","zh_tw":"豐見 亞都梨","jp":"豊見 コトリ","en":"Toyomi Kotori","kr":"토요미 코토리","pinyin":"fengjianxiaoniao"}},"猫塚响":{"school":"千年","club":"工程部","head":"CH0181_L2D,Hibiki_L2D,CH0181_BG,Hibiki_BG,CH0181,Hibiki","name":{"zh_cn":"猫塚 响","zh_tw":"猫塚 響","jp":"猫塚 ヒビキ","en":"Nekozuka Hibiki","kr":"네코즈카 히비키","pinyin":"maozhongxiang"}},"白石歌原":{"school":"千年","club":"工程部","head":"CH0182_L2D,Utaha_L2D,NP0221_BG,CH0182_BG,Utaha_BG,NP0221,CH0182,Utaha","name":{"zh_cn":"白石 歌原","zh_tw":"白石 詠葉","jp":"白石 ウタハ","en":"Shiraishi Utaha","kr":"시라이시 우타하","pinyin":"baishigeyuan"}},"雷酱":{"school":"千年","club":"工程部","head":"utahaturret_BG","name":{"zh_cn":"歌原的炮台","zh_tw":"歌原的炮臺","jp":"ウタハタレット","en":"Utahaturret","kr":"천둥이","pinyin":"leijiang"}},"AMAS":{"school":"千年","club":"所属不明-千年","head":"NP0085,NP0122","name":{"zh_cn":"AMAS","zh_tw":"AMAS","jp":"AMAS","en":"AMAS","kr":"AMAS","pinyin":"AMAS"}},"千年学生":{"school":"千年","club":"所属不明-千年","head":"NP0036_BG,NP0084_BG,NP0036,NP0084","name":{"zh_cn":"千年学生","zh_tw":"千年學生","jp":"ミレニアム-生徒","en":"MILLENNIUM-Student","kr":"밀레니엄-학생","pinyin":"qiannianxuesheng"}},"天童爱丽丝":{"school":"千年","club":"游戏开发部","head":"Aris_L2D,CH0200_L2D,CH0334_L2D,NP0234_BG,Aris_BG,CH0200_BG,CH0334_BG,NP0234,Aris,CH0200,CH0334","name":{"zh_cn":"天童 爱丽丝","zh_tw":"天童 愛麗絲","jp":"天童 アリス","en":"Tendou Aris","kr":"텐도 아리스","pinyin":"tiantongailisi"}},"才羽桃井":{"school":"千年","club":"游戏开发部","head":"CH0201_L2D,Momoi_L2D,NP0235_BG,NP0267_BG,CH0201_BG,Momoi_BG,NP0235,NP0267,CH0201,Momoi","name":{"zh_cn":"才羽 桃井","zh_tw":"才羽 桃井","jp":"才羽 モモイ","en":"Saiba Momoi","kr":"사이바 모모이","pinyin":"caiyutaojing"}},"才羽绿":{"school":"千年","club":"游戏开发部","head":"CH0202_L2D,Midori_L2D,NP0236_BG,NP0268_BG,CH0202_BG,Midori_BG,NP0236,NP0268,CH0202,Midori","name":{"zh_cn":"才羽 绿","zh_tw":"才羽 綠","jp":"才羽 ミドリ","en":"Saiba Midori","kr":"사이바 미도리","pinyin":"caiyulv"}},"花冈柚子":{"school":"千年","club":"游戏开发部","head":"CH0203_L2D,Yuzu_L2D,CH0336_BG,NP0237_BG,CH0203_BG,Yuzu_BG,NP0126,NP0237,CH0203,CH0336,Yuzu","name":{"zh_cn":"花冈 柚子","zh_tw":"花岡 柚子","jp":"花岡 ユズ","en":"Hanaoka Yuzu","kr":"하나오카 유즈","pinyin":"huagangyouzi"}},"Kei":{"school":"千年","club":"特异现象搜查部","head":"CH0335_L2D,NP0269_BG,NP0241_BG,CH0335_BG,Kei_BG,NP0241,NP0269,CH0335","name":{"zh_cn":"Kei","zh_tw":"Kei","jp":"Kei","en":"Kei","kr":"Kei","pinyin":"Kei"}},"和泉元艾米":{"school":"千年","club":"特异现象搜查部","head":"CH0219_L2D,Eimi_L2D,CH0337_BG,Ch0219_BG,Eimi_BG,CH0219,CH0337,Eimi","name":{"zh_cn":"和泉元 艾米","zh_tw":"和泉元 英美","jp":"和泉元 エイミ","en":"Izumimoto Eimi","kr":"이즈미모토 에이미","pinyin":"hequanyuanaimi"}},"明星日鞠":{"school":"千年","club":"特异现象搜查部","head":"CH0159_L2D,CH0332_L2D,NP0161_BG,NP0278_BG,NP0112_BG,CH0159_BG,CH0332_BG,NP0112,NP0161,NP0276,NP0278,CH0159,CH0332","name":{"zh_cn":"明星 日鞠","zh_tw":"明星 陽葵","jp":"明星 ヒマリ","en":"Akeboshi Himari","kr":"아케보시 히마리","pinyin":"mingxingriju"}},"各务千寻":{"school":"千年","club":"真理部","head":"CH0160_L2D,CH0313_BG,CH0160_BG,CH0234_BG,CH0160,CH0234,CH0313","name":{"zh_cn":"各务 千寻","zh_tw":"各務 千尋","jp":"各務 チヒロ","en":"Kagami Chihiro","kr":"카가미 치히로","pinyin":"gewuqianxun"}},"小涂真纪":{"school":"千年","club":"真理部","head":"CH0235_L2D,Maki_L2D,CH0312_BG,NP0050_BG,CH0235_BG,Maki_BG,CH0235,CH0312,Maki","name":{"zh_cn":"小涂 真纪","zh_tw":"小塗 真紀","jp":"小塗 マキ","en":"Konuri Maki","kr":"코누리 마키","pinyin":"xiaotuzhenji"}},"小钩晴":{"school":"千年","club":"真理部","head":"CH0233_L2D,Hare_L2D,CH0311_BG,CH0233_BG,Hare_BG,CH0233,CH0311,Hare","name":{"zh_cn":"小钩 晴","zh_tw":"小鉤 晴","jp":"小鈎 ハレ","en":"Omagari Hare","kr":"오마가리 하레","pinyin":"xiaogouqing"}},"音濑小玉":{"school":"千年","club":"真理部","head":"CH0232_L2D,Kotama_L2D,CH0314_BG,CH0232_BG,Kotama_BG,CH0232,CH0314,Kotama","name":{"zh_cn":"音濑 小玉","zh_tw":"音瀨 小玉","jp":"音瀬 コタマ","en":"Otose Kotama","kr":"오토세 코타마","pinyin":"yinlaixiaoyu"}},"早濑优香":{"school":"千年","club":"研讨会","head":"CH0184_L2D,CH0284_L2D,Yuuka_L2D,NP0109_BG,CH0184_BG,CH0284_BG,Yuuka_BG,NP0109,CH0184,CH0284,Yuuka","name":{"zh_cn":"早濑 优香","zh_tw":"早瀬 佑香","jp":"早瀬 ユウカ","en":"Hayase Yuuka","kr":"하야세 유우카","pinyin":"zaolaiyouxiang"}},"生盐诺亚":{"school":"千年","club":"研讨会","head":"CH0095_L2D,CH0285_L2D,NP0043_BG,CH0095_BG,CH0285_BG,CH0095,CH0285","name":{"zh_cn":"生盐 诺亚","zh_tw":"生塩 乃愛","jp":"生塩 ノア","en":"Ushio Noa","kr":"우시노 노아","pinyin":"shengyannuoya"}},"调月莉音":{"school":"千年","club":"研讨会","head":"CH0158_L2D,CH0331_L2D,NP0240_BG,CH0158_BG,CH0331_BG,NP0240,CH0158,CH0331","name":{"zh_cn":"调月 莉音","zh_tw":"調月 莉音","jp":"調月 リオ","en":"Tsukatsuki Rio","kr":"츠카츠키 리오","pinyin":"tiaoyueliyin"}},"黑崎小雪":{"school":"千年","club":"研讨会","head":"CH0198_L2D,CH0310_BG,CH0162_BG,CH0198_BG,CH0162,CH0198,CH0310","name":{"zh_cn":"黑崎 小雪","zh_tw":"黑崎 小雪","jp":"黒崎 コユキ","en":"Kurosaki Koyuki","kr":"쿠로사키 코유키","pinyin":"heiqixiaoxue"}},"伊落玛丽":{"school":"圣三一","club":"修女会","head":"CH0186_L2D,CH0273_L2D,Mari_L2D,CH0186_BG,CH0273_BG,Mari_BG,CH0186,CH0273,Mari","name":{"zh_cn":"伊落 玛丽","zh_tw":"伊落 瑪麗","jp":"伊落 マリー","en":"Iochi Mari","kr":"이오치 마리","pinyin":"yiluomali"}},"修女会成员":{"school":"圣三一","club":"修女会","head":"NP0025_BG,NP0025","name":{"zh_cn":"修女会成员","zh_tw":"修女會成員","jp":"シスターフッド","en":"Sisterhood","kr":"시스터후드","pinyin":"xiunvhuichengyuan"}},"歌住樱子":{"school":"圣三一","club":"修女会","head":"CH0274_L2D,Sakurako_L2D,NP0090_BG,CH0274_BG,Sakurako_BG,NP0090,CH0274,Sakurako","name":{"zh_cn":"歌住 樱子","zh_tw":"歌住 櫻子","jp":"歌住 サクラコ","en":"Utazumi Sakurako","kr":"우타즈미 사쿠라코","pinyin":"gezhuyingzi"}},"若叶日向":{"school":"圣三一","club":"修女会","head":"CH0210_L2D,Hinata_L2D,CH0210_BG,Hinata_BG,CH0210,Hinata","name":{"zh_cn":"若叶 日向","zh_tw":"若葉 日向","jp":"若葉 ヒナタ","en":"Wakaba Hinata","kr":"와카바 히나타","pinyin":"ruoyerixiang"}},"古关忧":{"school":"圣三一","club":"图书委员会","head":"CH0169_L2D,CH0204_L2D,CH0169_BG,CH0204_BG,CH0169,CH0204","name":{"zh_cn":"古关 忧","zh_tw":"古関 憂","jp":"古関 ウイ","en":"Kozeki Ui","kr":"코제키 우이","pinyin":"guguanyou"}},"圆堂志美子":{"school":"圣三一","club":"图书委员会","head":"Shimiko_L2D,CH0327_BG,Shimiko_BG,CH0327,Shimiko","name":{"zh_cn":"圆堂 志美子","zh_tw":"圓堂 志美子","jp":"円堂 シミコ","en":"Endou Shimiko","kr":"엔도우 시미코","pinyin":"yuantangzhimeizi"}},"宇泽玲纱":{"school":"圣三一","club":"圣三一自警团","head":"CH0167_L2D,CH0326_L2D,CH0167_BG,CH0326_BG,CH0167,CH0326","name":{"zh_cn":"宇泽 玲纱","zh_tw":"宇澤 玲紗","jp":"宇沢 レイサ","en":"Uzawa Reisa","kr":"우자와 레이사","pinyin":"yuzelingsha"}},"守月铃美":{"school":"圣三一","club":"圣三一自警团","head":"CH0325_L2D,Suzumi_L2D,CH0325_BG,Suzumi_BG,CH0325,Suzumi","name":{"zh_cn":"守月 铃美","zh_tw":"守月 鈴美","jp":"守月 スズミ","en":"Morizuki Suzumi","kr":"모리즈키 스즈미","pinyin":"shouyuelingmei"}},"头盔团成员":{"school":"圣三一","club":"头盔团","head":"Helmetdan_Black1_BG,Helmetdan_Red1_BG,NP0143_BG,Helmetdan_Black1,Helmetdan_Red1,NP0143","name":{"zh_cn":"钢盔团","zh_tw":"頭盔團","jp":"ヘルメット団","en":"Helmet-Dan","kr":"헬멧단","pinyin":"toukuituanchengyuan"}},"河驹风兰舞":{"school":"圣三一","club":"头盔团","head":"CH0166_L2D,NP0262_BG,CH0166_BG,CH0279_BG,CH0166,CH0279","name":{"zh_cn":"和驹风 兰舞","zh_tw":"和駒風 兰舞","jp":"河駒風 ラブ","en":"Komakaje Rabu","kr":"코마카제 라브","pinyin":"hejufenglanwu"}},"圣三一学生":{"school":"圣三一","club":"所属不明-圣三一","head":"NP0024_BG,NP0024","name":{"zh_cn":"圣三一学生","zh_tw":"聖三一學生","jp":"トリニティ-生徒","en":"TRINITY-Student","kr":"트리니티-학생","pinyin":"shengsanyixuesheng"}},"伊原木好美":{"school":"圣三一","club":"放学后甜品部","head":"CH0220_L2D,Yoshimi_L2D,NP0225_BG,CH0220_BG,Yoshimi_BG,NP0225,CH0220,Yoshimi","name":{"zh_cn":"伊原木 好美","zh_tw":"伊原木 好美","jp":"伊原木 ヨシミ","en":"Ibaragi Yoshimi","kr":"이바라기 요시미","pinyin":"yiyuanmuhaomei"}},"杏山和纱":{"school":"圣三一","club":"放学后甜品部","head":"CH0250_L2D,Kazusa_L2D,NP0226_BG,CH0250_BG,Kazusa_BG,NP0226,CH0250,Kazusa","name":{"zh_cn":"杏山 和纱","zh_tw":"杏山 和紗","jp":"杏山 カズサ","en":"Kyouyama Kazusa","kr":"코야마 카즈사","pinyin":"xingshanhesha"}},"柚鸟夏":{"school":"圣三一","club":"放学后甜品部","head":"CH0155_L2D,CH0221_L2D,NP0228_BG,NP0057_BG,CH0155_BG,CH0221_BG,NP0228,CH0155,CH0221","name":{"zh_cn":"柚鸟 夏","zh_tw":"柚鳥 夏","jp":"柚鳥 ナツ","en":"Yutori Natsu","kr":"유토리 나츠","pinyin":"youniaoxia"}},"栗村爱莉":{"school":"圣三一","club":"放学后甜品部","head":"Airi_L2D,CH0251_L2D,NP0227_BG,Airi_BG,CH0251_BG,NP0227,Airi,CH0251","name":{"zh_cn":"栗村 爱莉","zh_tw":"栗村 愛莉","jp":"栗村 アイリ","en":"Kurimura Airi","kr":"쿠리무라 아이리","pinyin":"licunaili"}},"朝颜花绘":{"school":"圣三一","club":"救护骑士团","head":"CH0195_L2D,Hanae_L2D,NP0076_BG,CH0195_BG,Hanae_BG,NP0076,CH0195,Hanae","name":{"zh_cn":"朝颜 花绘","zh_tw":"朝顏 花繪","jp":"朝顔 ハナエ","en":"Asagao Hanae","kr":"아사가오 하나에","pinyin":"zhaoyanhuahui"}},"苍森美弥":{"school":"圣三一","club":"救护骑士团","head":"CH0152_L2D,CH0275_L2D,CH0152_BG,CH0275_BG,CH0152,CH0275","name":{"zh_cn":"苍森 美弥","zh_tw":"蒼森 美彌","jp":"蒼森 ミネ","en":"Aomori Mine","kr":"아오모리 미네","pinyin":"cangsenmeimi"}},"鹫见芹娜":{"school":"圣三一","club":"救护骑士团","head":"CH0194_L2D,Serina_L2D,NP0075_BG,CH0194_BG,Serina_BG,NP0075,CH0194,Serina","name":{"zh_cn":"鹫见 芹娜","zh_tw":"鷲見 芹奈","jp":"鷲見 セリナ","en":"Sumi Serina","kr":"스미 세리나","pinyin":"jiujianqinna"}},"一花":{"school":"圣三一","club":"正义实现委员会","head":"CH0071_L2D,CH0292_L2D,NP0222_BG,CH0071_BG,CH0292_BG,NP0222,CH0071,CH0292","name":{"zh_cn":"仲正 一花","zh_tw":"仲正 一花","jp":"仲正 イチカ","en":"Nakamasa Ichika","kr":"나카마사 이치카","pinyin":"yihua"}},"剑先鹤城":{"school":"圣三一","club":"正义实现委员会","head":"CH0060_L2D,Tsurugi_L2D,NP0223_BG,NP0058_BG,CH0060_BG,Tsurugi_BG,NP0223,CH0060,Tsurugi","name":{"zh_cn":"剑先 鹤城","zh_tw":"劍先 弦生","jp":"剣先 ツルギ","en":"Kenzaki Tsurugi","kr":"켄자키 츠루기","pinyin":"jianxianhecheng"}},"正以实现委员会成员":{"school":"圣三一","club":"正义实现委员会","head":"Justice_normal1_BG,NP0060_BG,Justice_normal1","name":{"zh_cn":"正义实现委员会成员","zh_tw":"實現正義部成員","jp":"正義実現委員会部員","en":"Justice-Task-Force-Member","kr":"정의실현부원","pinyin":"zhengyishixianweiyuanhuichengyuan"}},"羽川莲见":{"school":"圣三一","club":"正义实现委员会","head":"CH0190_L2D,CH0291_L2D,Hasumi_L2D,CH0190_BG,CH0291_BG,Hasumi_BG,CH0190,CH0291,Hasumi","name":{"zh_cn":"羽川 莲见","zh_tw":"羽川 蓮實","jp":"羽川 ハスミ","en":"Hanekawa Hasumi","kr":"하네카와 하스미","pinyin":"yuchuanlianjian"}},"静山真白":{"school":"圣三一","club":"正义实现委员会","head":"Mashiro_L2D,Mashiro_Swimsuit_L2D,NP0062_BG,Mashiro_BG,Mashiro_Swimsuit_BG,Mashiro,Mashiro_Swimsuit","name":{"zh_cn":"静山 真白","zh_tw":"靜山 麻白","jp":"静山 マシロ","en":"Shizuyama Mashiro","kr":"시즈야마 마시로","pinyin":"jingshanzhenbai"}},"圣园未花":{"school":"圣三一","club":"茶会","head":"CH0069_L2D,CH0294_L2D,NP0041_BG,NP0101_BG,NP0102_BG,CH0069_BG,CH0294_BG,NP0041,NP0101,NP0102,CH0069,CH0294","name":{"zh_cn":"圣园 未花","zh_tw":"聖園 未花","jp":"聖園 ミカ","en":"Misono Mika","kr":"미소노 미카","pinyin":"shengyuanweihua"}},"桐藤渚":{"school":"圣三一","club":"茶会","head":"CH0293_L2D,Nagisa_L2D,CH0293_BG,Nagisa_BG,CH0293,Nagisa","name":{"zh_cn":"桐藤 渚","zh_tw":"桐藤 渚","jp":"桐藤 ナギサ","en":"Kirifuji Nagisa","kr":"키리후지 나기사","pinyin":"tongtengzhu"}},"百合园圣娅":{"school":"圣三一","club":"茶会","head":"CH0070_L2D,CH0295_L2D,CH0070_BG,CH0295_BG,NP0244,CH0070,CH0295","name":{"zh_cn":"百合园 圣娅","zh_tw":"百合園 聖婭","jp":"百合園 セイア","en":"Yurizono Seia","kr":"유리조노 세이아","pinyin":"baiheyuanshengya"}},"茶会成员":{"school":"圣三一","club":"茶会","head":"NP0022_BG,NP0028_BG,NP0022,NP0028","name":{"zh_cn":"茶会成员","zh_tw":"茶會成員","jp":"ティーパーティー","en":"TeaParty","kr":"티파티","pinyin":"chahuichengyuan"}},"下江小春":{"school":"圣三一","club":"补习部","head":"CH0205_L2D,Koharu_L2D,CH0205_BG,Koharu_BG,CH0205,Koharu","name":{"zh_cn":"下江 小春","zh_tw":"下江 小春","jp":"下江 コハル","en":"Shimoe Koharu","kr":"시모에 코하루","pinyin":"xiajiangxiaochun"}},"浦和花子":{"school":"圣三一","club":"补习部","head":"CH0209_L2D,Hanako_L2D,NP0110_BG,CH0209_BG,Hanako_BG,NP0110,CH0209,Hanako","name":{"zh_cn":"浦和 花子","zh_tw":"浦和 花子","jp":"浦和 ハナコ","en":"Urawa Hanako","kr":"우라와 하나코","pinyin":"puhehuazi"}},"白洲梓":{"school":"圣三一","club":"补习部","head":"Azusa_L2D,Azusa_Swimsuit_L2D,NP0020_BG,Azusa_BG,Azusa_Swimsuit_BG,NP0020,Azusa,Azusa_Mask,Azusa_Swimsuit","name":{"zh_cn":"白洲 梓","zh_tw":"白洲 梓","jp":"白洲 アズサ","en":"Shirasu Azusa","kr":"시라스 아즈사","pinyin":"baizhouzi"}},"阿慈谷日富美":{"school":"圣三一","club":"补习部","head":"CH0058_L2D,Hihumi_L2D,CH0058_BG,Hihumi_BG,Hihumi_Robber_BG,CH0058,Hihumi,Hihumi_Robber","name":{"zh_cn":"阿慈谷 日富美","zh_tw":"阿慈谷 日步美","jp":"阿慈谷 ヒフミ","en":"Ajitani Hifumi","kr":"아지타니 히후미","pinyin":"acigurifumei"}},"京剧部成员":{"school":"山海经","club":"京剧部","head":"NP0207_BG,NP0208_BG,NP0207,NP0208","name":{"zh_cn":"京剧部成员","zh_tw":"京劇部成員","jp":"京劇部員","en":"Peking-Opera-Department-Member","kr":"경극부회원","pinyin":"jingjubuchengyuan"}},"漆原辉夜":{"school":"山海经","club":"京剧部","head":"CH0272_BG,NP0242_BG,NP0242,CH0272","name":{"zh_cn":"漆原 辉夜","zh_tw":"漆原 輝夜","jp":"漆原 カグヤ","en":"Urushibara Kaguya","kr":"우루시바라 카구야","pinyin":"qiyuanhuiye"}},"山海经学生":{"school":"山海经","club":"所属不明-山海经","head":"NP0152_BG,NP0157_BG,NP0152,NP0157","name":{"zh_cn":"山海经学生","zh_tw":"山海經學生","jp":"山海経生徒","en":"SHANHAIJING-Student","kr":"산해경-학생","pinyin":"shanhaijingxuesheng"}},"申谷启":{"school":"山海经","club":"所属不明-山海经","head":"NP0251_BG,CH0213_BG,NP0251,CH0213","name":{"zh_cn":"申谷 启","zh_tw":"申谷 啟","jp":"申谷 カイ","en":"Sintani Kai","kr":"신타니 카이","pinyin":"shenguqi"}},"春原心奈":{"school":"山海经","club":"梅花园","head":"CH0137_L2D,CH0137_BG,CH0137","name":{"zh_cn":"春原 心奈","zh_tw":"春原 心菜","jp":"春原 ココナ","en":"Sunohara Kokona","kr":"스노하라 코코나","pinyin":"chunyuanxinnai"}},"春原瞬":{"school":"山海经","club":"梅花园","head":"CH0066_L2D,Shun_L2D,CH0066_BG,Shun_BG,CH0066,Shun","name":{"zh_cn":"春原 瞬","zh_tw":"春原 旬","jp":"春原 シュン","en":"Sunohara Shun","kr":"스노하라 슌","pinyin":"chunyuanshun"}},"药子纱绫":{"school":"山海经","club":"炼丹术研究会","head":"Saya_L2D,Saya_casual_L2D,Saya_casual_BG,Saya_BG,Saya,Saya_casual","name":{"zh_cn":"药子 纱绫","zh_tw":"藥子 沙耶","jp":"薬子 サヤ","en":"Yakushi Saya","kr":"야쿠시 사야","pinyin":"yaozishaling"}},"朱城瑠美":{"school":"山海经","club":"玄武商会","head":"CH0135_L2D,NP0233_BG,CH0135_BG,NP0233,CH0135","name":{"zh_cn":"朱城 瑠美","zh_tw":"朱城 瑠美","jp":"朱城 ルミ","en":"Akeshiro Rumi","kr":"아케시로 루미","pinyin":"zhuchengliumei"}},"玄武商会成员":{"school":"山海经","club":"玄武商会","head":"GenbuStore_SG_BG,GenbuStore_SG","name":{"zh_cn":"玄武商会成员","zh_tw":"玄武商會成員","jp":"玄武商会のメンバー","en":"Genbustore-Member","kr":"현무상회-직원","pinyin":"xuanwushanghuichengyuan"}},"鹿山丽情":{"school":"山海经","club":"玄武商会","head":"Reizyo_L2D,Reizyo_BG,Reizyo","name":{"zh_cn":"鹿山 丽情","zh_tw":"鹿山 麗情","jp":"鹿山 レイジョ","en":"Kayama Reijo","kr":"카야마 레이죠","pinyin":"lushanliqing"}},"玄龙门成员":{"school":"山海经","club":"玄龙门","head":"NP0121_BG,NP0121","name":{"zh_cn":"玄龙门成员","zh_tw":"玄龍門成員","jp":"玄竜門役員","en":"Genryumon-Member","kr":"현룡문-임원","pinyin":"xuanlongmenchengyuan"}},"近卫南":{"school":"山海经","club":"玄龙门","head":"CH0138_L2D,CH0138_BG,CH0138","name":{"zh_cn":"近卫 南","zh_tw":"近衛 南","jp":"近衛 ミナ","en":"Konoe Mina","kr":"코노에 미나","pinyin":"jinweinan"}},"龙华妃咲":{"school":"山海经","club":"玄龙门","head":"CH0139_L2D,NP0216_BG,CH0139_BG,NP0216,CH0139","name":{"zh_cn":"龙华 妃咲","zh_tw":"龍華 妃姬","jp":"竜華 キサキ","en":"Ryuuge Kisaki","kr":"키사키","pinyin":"longhuafeixiao"}},"万魔殿成员":{"school":"格黑娜","club":"万魔殿","head":"NP0027_BG,NP0027","name":{"zh_cn":"万魔殿干部","zh_tw":"萬魔殿幹部","jp":"万魔殿役員","en":"Pandemonium-Member","kr":"만마전-임원","pinyin":"wanmodianchengyuan"}},"伊吹":{"school":"格黑娜","club":"万魔殿","head":"Ibuki_L2D,CH0254_BG,Ibuki_BG,CH0254,Ibuki","name":{"zh_cn":"丹花 伊吹","zh_tw":"丹花 伊吹","jp":"丹花 イブキ","en":"Tanga Ibuki","kr":"탄가 이부키","pinyin":"yichui"}},"元宫千秋":{"school":"格黑娜","club":"万魔殿","head":"CH0238_L2D,CH0238_BG,CH0238","name":{"zh_cn":"元宫 千秋","zh_tw":"元宫 千秋","jp":"元宮 チアキ","en":"Motomiya chiaki","kr":"모토미야 치아키","pinyin":"yuangongqianqiu"}},"枣伊吕波":{"school":"格黑娜","club":"万魔殿","head":"CH0156_L2D,CH0156_BG,CH0156","name":{"zh_cn":"枣 伊吕波","zh_tw":"棗 伊呂波","jp":"棗 イロハ","en":"Natsume Iroha","kr":"나츠메 이로하","pinyin":"zaoyilvbo"}},"皐月":{"school":"格黑娜","club":"万魔殿","head":"CH0080_L2D,CH0080_BG,CH0080","name":{"zh_cn":"京极 皋月","zh_tw":"京極 皋月","jp":"京極 サツキ","en":"Kyougoku Satsuki","kr":"쿄고쿠 사츠키","pinyin":"gaoyue"}},"羽沼真琴":{"school":"格黑娜","club":"万魔殿","head":"CH0079_L2D,CH0253_BG,CH0079_BG,CH0079,CH0253","name":{"zh_cn":"羽沼 真琴","zh_tw":"羽沼 真琴","jp":"羽沼 マコト","en":"Hanuma Makoto","kr":"하누마 마코토","pinyin":"yuzhaozhenqin"}},"伊草遥香":{"school":"格黑娜","club":"便利屋68","head":"CH0087_L2D,Haruka_L2D,CH0087_BG,CH0247_BG,CH0249_BG,Haruka_BG,CH0087,CH0247,CH0249,Haruka","name":{"zh_cn":"伊草 遥香","zh_tw":"伊草 遙香","jp":"伊草 ハルカ","en":"Igusa Haruka","kr":"이구사 하루카","pinyin":"yicaoyaoxiang"}},"浅黄睦月":{"school":"格黑娜","club":"便利屋68","head":"Mutsuki_L2D,Mutsuki_Newyear_L2D,CH0246_BG,CH0248_BG,Mutsuki_BG,Mutsuki_Newyear_BG,CH0246,CH0248,Mutsuki,Mutsuki_Newyear","name":{"zh_cn":"浅黄 睦月","zh_tw":"淺黃 睦月","jp":"浅黄 ムツキ","en":"Asagi Mutsuki","kr":"아사기 무츠키","pinyin":"qianhuangmuyue"}},"陆八魔阿露":{"school":"格黑娜","club":"便利屋68","head":"Aru_L2D,Aru_Newyear_L2D,CH0240_L2D,Aru_BG,Aru_Newyear_BG,CH0240_BG,Aru,Aru_Newyear,CH0240","name":{"zh_cn":"陆八魔 阿露","zh_tw":"陸八魔 亞瑠","jp":"陸八魔 アル","en":"Rikuhachima Aru","kr":"리쿠하치마 아루","pinyin":"lubamoalu"}},"鬼方佳代子":{"school":"格黑娜","club":"便利屋68","head":"CH0086_L2D,CH0239_L2D,Kayoko_L2D,NP0118_BG,CH0086_BG,CH0239_BG,Kayoko_BG,NP0118,CH0086,CH0239,Kayoko","name":{"zh_cn":"鬼方 佳代子","zh_tw":"鬼方 佳世子","jp":"鬼方 カヨコ","en":"Onikata Kayoko","kr":"오니카타 카요코","pinyin":"guifangjiadaizi"}},"旗见艾丽卡":{"school":"格黑娜","club":"归宅部","head":"Erika_BG,Erika","name":{"zh_cn":"旗见 绘梨香","zh_tw":"旗見 艾麗嘉","jp":"旗見 エリカ","en":"Hatami Erika","kr":"하타미 에리카","pinyin":"qijianailika"}},"绮良良":{"school":"格黑娜","club":"归宅部","head":"Kirara_L2D,Kirara_BG,Kirara","name":{"zh_cn":"夜樱 绮良良","zh_tw":"夜樱 绮罗罗","jp":"夜桜 キララ","en":"Yozakura Kirara","kr":"요자쿠라 키라라","pinyin":"qiliangliang"}},"格黑娜学生":{"school":"格黑娜","club":"所属不明-格黑娜","head":"NP0026_BG,NP0026","name":{"zh_cn":"格赫娜学生","zh_tw":"格黑娜學生","jp":"ゲヘナの生徒","en":"GEHENNA-Student","kr":"게헨나-학생","pinyin":"geheinaxuesheng"}},"冰室濑名":{"school":"格黑娜","club":"救急医学部","head":"CH0082_L2D,Sena_L2D,CH0082_BG,Sena_BG,CH0082,Sena","name":{"zh_cn":"氷室 濑名","zh_tw":"冰室 瀨奈","jp":"氷室 セナ","en":"Himuro Sena","kr":"히무로 세나","pinyin":"bingshilaiming"}},"救急医学部成员":{"school":"格黑娜","club":"救急医学部","head":"NP0023_BG,NP0023","name":{"zh_cn":"救急医学部成员","zh_tw":"救急醫學部成員","jp":"救急医学部の部員","en":"Emargency-Medicine-Member","kr":"구급의학부원","pinyin":"jiujiyixuebuchengyuan"}},"下仓惠":{"school":"格黑娜","club":"温泉开发部","head":"CH0088_L2D,CH0329_BG,CH0088_BG,CH0088,CH0329","name":{"zh_cn":"下仓 惠","zh_tw":"下倉 惠","jp":"下倉 メグ","en":"Shimokura Megu","kr":"시모쿠라 메구","pinyin":"xiacanghui"}},"温泉开发部成员":{"school":"格黑娜","club":"温泉开发部","head":"Soldier_OnsenDev_RL_BG,Soldier_OnsenDev_RL","name":{"zh_cn":"温泉开发部成员","zh_tw":"溫泉開發部成員","jp":"温泉開発部員","en":"Onsen-Development-Member","kr":"온천개발부원","pinyin":"wenquankaifabuchengyuan"}},"霞":{"school":"格黑娜","club":"温泉开发部","head":"CH0089_L2D,CH0328_BG,CH0089_BG,CH0089,CH0328","name":{"zh_cn":"鬼怒川 霞","zh_tw":"鬼怒川 霞","jp":"鬼怒川 カスミ","en":"Kasumi","kr":"카스미","pinyin":"xia"}},"爱清枫香":{"school":"格黑娜","club":"给食部","head":"CH0177_L2D,Fuuka_L2D,CH0290_BG,CH0177_BG,Fuuka_BG,CH0177,CH0290,Fuuka","name":{"zh_cn":"爱清 枫香","zh_tw":"愛清 楓華","jp":"愛清 フウカ","en":"Aikiyo Fuuka","kr":"아이키요 후우카","pinyin":"aiqingfengxiang"}},"牛牧茱莉":{"school":"格黑娜","club":"给食部","head":"CH0286_L2D,Juri_L2D,CH0286_BG,Juri_BG,CH0286,Juri","name":{"zh_cn":"牛牧 朱莉","zh_tw":"牛牧 茱莉","jp":"牛牧 ジュリ","en":"Ushimaki Juri","kr":"우시마키 주리","pinyin":"niumuzhuli"}},"狮子堂泉":{"school":"格黑娜","club":"美食研究部","head":"CH0197_L2D,Izumi_L2D,Izumi_swimsuit_L2D,NP0051_BG,CH0197_BG,Izumi_BG,Izumi_swimsuit_BG,CH0197,Izumi,Izumi_swimsuit","name":{"zh_cn":"狮子堂 泉","zh_tw":"獅子堂 泉","jp":"獅子堂 イズミ","en":"Shishidou Izumi","kr":"시시도우 이즈미","pinyin":"shizitangquan"}},"赤司纯子":{"school":"格黑娜","club":"美食研究部","head":"CH0192_L2D,Zunko_L2D,NP0049_BG,CH0192_BG,Zunko_BG,CH0192,Zunko","name":{"zh_cn":"赤司 纯子","zh_tw":"赤司 纯子","jp":"赤司 ジュンコ","en":"Akashi Junko","kr":"아카시 준코","pinyin":"chisichunzi"}},"鳄渊明里":{"school":"格黑娜","club":"美食研究部","head":"Akari_L2D,CH0196_L2D,NP0068_BG,Akari_BG,CH0196_BG,Akari,CH0196","name":{"zh_cn":"鳄渊 明里","zh_tw":"鱷淵 亞伽里","jp":"鰐渕 アカリ","en":"Wanibuchi Akari","kr":"와니부치 아카리","pinyin":"eyuanmingli"}},"黑馆晴奈":{"school":"格黑娜","club":"美食研究部","head":"CH0191_L2D,CH0193_L2D,Haruna_L2D,CH0191_BG,CH0193_BG,Haruna_BG,CH0191,CH0193,Haruna","name":{"zh_cn":"黑馆 晴奈","zh_tw":"黑館 羽留奈","jp":"黒舘 ハルナ","en":"Kurodate Haruna","kr":"쿠로다테 하루나","pinyin":"heiguanqingnai"}},"天雨亚子":{"school":"格黑娜","club":"风纪委员会","head":"Ako_L2D,CH0231_L2D,NP0019_BG,NP0059_BG,NP0111_BG,Ako_BG,CH0231_BG,NP0019,NP0111,Ako,CH0231","name":{"zh_cn":"天雨 亚子","zh_tw":"天雨 亞子","jp":"天雨 アコ","en":"Amau Ako","kr":"아마우 아코","pinyin":"tianyuyazi"}},"火宫千夏":{"school":"格黑娜","club":"风纪委员会","head":"CH0163_L2D,Chinatsu_L2D,CH0163_BG,Chinatsu_BG,CH0163,Chinatsu","name":{"zh_cn":"火宫 千夏","zh_tw":"火宮 千夏","jp":"火宮 チナツ","en":"Hinomiya Chinatsu","kr":"히노미야 치나츠","pinyin":"huogongqianxia"}},"空崎日奈":{"school":"格黑娜","club":"风纪委员会","head":"LobbyIllust_Icon_CH0063_L2D,CH0230_L2D,Hina_L2D,NP0017_BG,NP0205_BG,NP0009_BG,CH0063_BG,CH0230_BG,Hina_BG,NP0009,NP0017,NP0205,CH0063,CH0230,Hina","name":{"zh_cn":"空崎 日奈","zh_tw":"空崎 陽奈","jp":"空崎 ヒナ","en":"Sorasaki Hina","kr":"소라사키 히나","pinyin":"kongqirinai"}},"银镜伊织":{"school":"格黑娜","club":"风纪委员会","head":"LobbyIllust_Icon_CH0064_L2D,Iori_L2D,CH0064_BG,Iori_BG,CH0064,Iori","name":{"zh_cn":"银镜 伊织","zh_tw":"銀鏡 伊織","jp":"銀鏡 イオリ","en":"Shiromi Iori","kr":"시로미 이오리","pinyin":"yinjingyizhi"}},"风纪委员会成员":{"school":"格黑娜","club":"风纪委员会","head":"Fuuki_Normal1_BG,Fuuki_Normal1","name":{"zh_cn":"风纪委员","zh_tw":"風紀委員","jp":"風紀委員","en":"Disciplinary-Committee-Member","kr":"선도부원","pinyin":"fengjiweiyuanhuichengyuan"}},"橘光":{"school":"海兰德","club":"CCC","head":"CH0242_L2D,CH0242_BG,CH0242","name":{"zh_cn":"橘 光","zh_tw":"橘 光","jp":"橘 ヒカリ","en":"Tachibana Hikari","kr":"타치바나 히카리","pinyin":"juguang"}},"橘望":{"school":"海兰德","club":"CCC","head":"CH0243_L2D,CH0243_BG,CH0243","name":{"zh_cn":"橘 望","zh_tw":"橘 望","jp":"橘 ノゾミ","en":"Tachibana Nozomi","kr":"타치바나 노조미","pinyin":"juwang"}},"乘务员":{"school":"海兰德","club":"所属不明-海兰德","head":"NP0138_BG,NP0158_BG,NP0159_BG,NP0138,NP0158,NP0159","name":{"zh_cn":"海兰德学生","zh_tw":"海蘭德學生","jp":"ハイランダー生徒","en":"Highlander-Student","kr":"하이랜더-승무원","pinyin":"chengwuyuan"}},"朝霧苏枋":{"school":"海兰德","club":"海兰德监理室","head":"NP0177_BG,NP0178_BG,CH0244_BG,NP0177,NP0178,CH0244","name":{"zh_cn":"朝霧 苏枋","zh_tw":"朝霧 蘇枋","jp":"朝霧 スオウ","en":"Asagiri Suou","kr":"아사기리 스오우","pinyin":"zhaowusufang"}},"内海青叶":{"school":"海兰德","club":"货物输送管理部","head":"CH0288_L2D,CH0288_BG,CH0288","name":{"zh_cn":"内海 青叶","zh_tw":"內海 青葉","jp":"内海 アオバ","en":"Utsumi Aoba","kr":"우츠미 아오바","pinyin":"neihaiqingye"}},"美代":{"school":"狂猎艺术","club":"特殊交易部","head":"CH0317_L2D,CH0317_BG,CH0317","name":{"zh_cn":"樱井 美代","zh_tw":"櫻井 美代","jp":"桜井 ミヨ","en":"Sakurai Miyo","kr":"사쿠라이 미요","pinyin":"meidai"}},"若狭冬优":{"school":"狂猎艺术","club":"特殊交易部","head":"CH0318_L2D,CH0318_BG,CH0318","name":{"zh_cn":"若狭 冬优","zh_tw":"若狹 冬優","jp":"若狭 フユ","en":"Wakasa Fuyu","kr":"와카사 후유","pinyin":"ruoxiadongyou"}},"薄叶律":{"school":"狂猎艺术","club":"特殊交易部","head":"CH0319_L2D,CH0319_BG,CH0319","name":{"zh_cn":"薄叶 律","zh_tw":"薄葉 律","jp":"薄葉 リツ","en":"Usuba Ritsu","kr":"우스바 리츠","pinyin":"boyelv"}},"板垣庚":{"school":"狂猎艺术","club":"神秘学研究会","head":"CH0306_L2D,CH0306_BG,CH0306","name":{"zh_cn":"板垣 庚","zh_tw":"板垣 庚","jp":"板垣 カノエ","en":"Itagaki Kanoe","kr":"이타가키 카노에","pinyin":"banyuangeng"}},"椎名䌷":{"school":"狂猎艺术","club":"神秘学研究会","head":"CH0252_BG,CH0252","name":{"zh_cn":"椎名 䌷","zh_tw":"椎名 紬","jp":"椎名 ツムギ","en":"Shiina Tsumugi","kr":"시이나 츠무기","pinyin":"zhuimingchou"}},"白尾绘里":{"school":"狂猎艺术","club":"神秘学研究会","head":"CH0304_L2D,CH0304_BG,CH0304","name":{"zh_cn":"白尾 绘里","zh_tw":"白尾 繪里","jp":"白尾 エリ","en":"Shirao Eri","kr":"시라오 에리","pinyin":"baiweihuili"}},"衣斐莱娜":{"school":"狂猎艺术","club":"神秘学研究会","head":"CH0305_BG,CH0305","name":{"zh_cn":"衣斐 莱娜","zh_tw":"衣斐 萊娜","jp":"衣斐 レナ","en":"Kinui Rena","kr":"키누이 레나","pinyin":"yifeilaina"}},"清澄晶":{"school":"狂猎艺术","club":"舍监队","head":"CH0212_BG,CH0212_NoMask_BG,CH0323_BG,CH0212,CH0323","name":{"zh_cn":"清澄 晶","zh_tw":"清澄 晶","jp":"清澄 アキラ","en":"Kiyosumi Akira","kr":"키요스미 아키라","pinyin":"qingchengjing"}},"舍监队成员":{"school":"狂猎艺术","club":"舍监队","head":"NP0252_BG,NP0253_BG,NP0252,NP0253","name":{"zh_cn":"舍监队成员","zh_tw":"舍監隊成員","jp":"寮監隊員","en":"Dormitory-Supervisors","kr":"사감대원","pinyin":"shejianduichengyuan"}},"裕美":{"school":"狂猎艺术","club":"舍监队","head":"CH0316_BG,CH0316","name":{"zh_cn":"裕美","zh_tw":"裕美","jp":"ヒロミ","en":"Hiromi","kr":"히로미","pinyin":"yumei"}},"尾刃叶渚":{"school":"瓦尔基里","club":"公安局","head":"CH0170_L2D,CH0260_L2D,NP0105_BG,CH0170_BG,CH0260_BG,NP0105,CH0170,CH0260","name":{"zh_cn":"尾刃 叶渚","zh_tw":"尾刃 葉渚","jp":"尾刃 カンナ","en":"Ogata Kanna","kr":"오가타 칸나","pinyin":"weirenyezhu"}},"心华":{"school":"瓦尔基里","club":"公安局","head":"CH0264_BG,CH0264","name":{"zh_cn":"心华","zh_tw":"心華","jp":"コノカ","en":"Konoka","kr":"코노카","pinyin":"xinhua"}},"瓦尔基里学生":{"school":"瓦尔基里","club":"所属不明-瓦尔基里","head":"NP0134_BG,Valkyrie_SG_BG,NP0134,Valkyrie_SG","name":{"zh_cn":"瓦尔基里学生","zh_tw":"瓦爾基里學生","jp":"ヴァルキューレ生徒","en":"VALKYRIE-Student","kr":"발키리-학생","pinyin":"waerjilixuesheng"}},"中务桐乃":{"school":"瓦尔基里","club":"生活安全局","head":"CH0262_L2D,Kirino_L2D,NP0220_BG,CH0262_BG,Kirino_BG,NP0220,CH0262,Kirino","name":{"zh_cn":"中务 桐乃","zh_tw":"中務 桐乃","jp":"中務 キリノ","en":"Nakatsukasa Kirino","kr":"나카츠카사 키리노","pinyin":"zhongwutongnai"}},"合欢垣吹雪":{"school":"瓦尔基里","club":"生活安全局","head":"CH0141_L2D,CH0261_L2D,NP0219_BG,CH0141_BG,CH0261_BG,NP0219,CH0141,CH0261","name":{"zh_cn":"合欢垣 吹雪","zh_tw":"合歓垣 吹雪","jp":"合歓垣 フブキ","en":"Nemugaki Fubuki","kr":"네무가키 후부키","pinyin":"hehuanyuanchuixue"}},"勇美枫":{"school":"百鬼夜行","club":"修行部","head":"Kaede_L2D,NP0054_BG,CH0256_BG,Kaede_BG,CH0256,Kaede","name":{"zh_cn":"勇美 枫","zh_tw":"勇美 楓","jp":"勇美 カエデ","en":"Isami Kaede","kr":"이사미 카에데","pinyin":"yongmeifeng"}},"春日椿":{"school":"百鬼夜行","club":"修行部","head":"CH0255_L2D,Tsubaki_L2D,CH0255_BG,Tsubaki_BG,CH0255,Tsubaki","name":{"zh_cn":"春日 椿","zh_tw":"春日 椿","jp":"春日 ツバキ","en":"Kasuga Tsubaki","kr":"카스가 츠바키","pinyin":"chunrichun"}},"水羽三森":{"school":"百鬼夜行","club":"修行部","head":"CH0183_L2D,Mimori_L2D,CH0183_BG,Mimori_BG,CH0183,Mimori","name":{"zh_cn":"水羽 三森","zh_tw":"水羽 三森","jp":"水羽 ミモリ","en":"Mizuha Mimori","kr":"미즈하 미모리","pinyin":"shuiyusansen"}},"朝比奈菲娜":{"school":"百鬼夜行","club":"庆典运营委员会","head":"CH0257_L2D,Pina_L2D,CH0257_BG,Pina_BG,CH0257,Pina","name":{"zh_cn":"朝比奈 菲娜","zh_tw":"朝比奈 菲娜","jp":"朝比奈 フィーナ","en":"Asahina Pina","kr":"아사히나 피나","pinyin":"zhaobinaifeina"}},"河和静子":{"school":"百鬼夜行","club":"庆典运营委员会","head":"CH0180_L2D,Shizuko_L2D,NP0053_BG,CH0180_BG,Shizuko_BG,CH0180,Shizuko","name":{"zh_cn":"河和 静子","zh_tw":"河和 靜子","jp":"河和 シズコ","en":"Kawawa Shizuko","kr":"카와와 시즈코","pinyin":"hehejingzi"}},"海夏":{"school":"百鬼夜行","club":"庆典运营委员会","head":"CH0110_L2D,CH0110_BG,CH0110","name":{"zh_cn":"里滨 海夏","zh_tw":"里滨 海夏","jp":"里浜 ウミカ","en":"Satohama Umika","kr":"사토하마 우미카","pinyin":"haixia"}},"久田泉奈":{"school":"百鬼夜行","club":"忍术研究部","head":"CH0179_L2D,Izuna_L2D,CH0298_BG,NP0052_BG,CH0179_BG,Izuna_BG,CH0179,CH0298,Izuna","name":{"zh_cn":"久田 泉奈","zh_tw":"久田 伊樹菜","jp":"久田 イズナ","en":"Kuda Izuna","kr":"쿠다 이즈나","pinyin":"jiutianquannai"}},"千鸟满":{"school":"百鬼夜行","club":"忍术研究部","head":"CH0113_L2D,CH0296_L2D,CH0113_BG,CH0296_BG,CH0113,CH0296","name":{"zh_cn":"千鸟 满","zh_tw":"千鳥 滿","jp":"千鳥 ミチル","en":"Chidori Michiru","kr":"치도리 미치루","pinyin":"qianniaoman"}},"大野月咏":{"school":"百鬼夜行","club":"忍术研究部","head":"CH0114_L2D,CH0297_L2D,NP0056_BG,CH0114_BG,CH0297_BG,CH0114,CH0297","name":{"zh_cn":"大野 月咏","zh_tw":"大野 月詠","jp":"大野 ツクヨ","en":"Oono Tsukuyo","kr":"오오노 츠쿠요","pinyin":"dayeyueyong"}},"栗滨明美":{"school":"百鬼夜行","club":"所属不明-百鬼夜行","head":"CH0265_BG,CH0265","name":{"zh_cn":"栗滨 明美","zh_tw":"栗浜 明美","jp":"栗浜 アケミ","en":"Kurihama Akemi","kr":"쿠리하마 아케미","pinyin":"libinmingmei"}},"狐坂若藻":{"school":"百鬼夜行","club":"所属不明-百鬼夜行","head":"CH0175_L2D,Wakamo_L2D,NP0014_BG,CH0175_BG,CH0175_NoMask_BG,Wakamo_BG,Wakamo_NoMask_BG,NP0014,CH0175,Wakamo","name":{"zh_cn":"狐坂 若藻","zh_tw":"狐阪 若藻","jp":"狐坂 ワカモ","en":"Kosaka Wakamo","kr":"코사카 와카모","pinyin":"hubanruozao"}},"百鬼夜行学生":{"school":"百鬼夜行","club":"所属不明-百鬼夜行","head":"NP0255_BG,NP0149_BG,NP0150_BG,NP0156_BG,NP0182_BG,NP0149,NP0150,NP0156,NP0182,NP0255","name":{"zh_cn":"百鬼夜行学生","zh_tw":"百鬼夜行學生","jp":"百鬼夜行生徒","en":"HYAKKIYAKO-Student","kr":"백귀야행-학생","pinyin":"baiguiyexingxuesheng"}},"幻魉百物语":{"school":"百鬼夜行","club":"百物语","head":"NP0160_BG,NP0160","name":{"zh_cn":"幻魉百物语","zh_tw":"幻魎百物語","jp":"幻魎百物語","en":"Genryou-Hyakumonogatari","kr":"환량백물어","pinyin":"huanliangbaiwuyu"}},"无面之形代":{"school":"百鬼夜行","club":"百物语","head":"NP0163_BG,NP0163","name":{"zh_cn":"无面之形代","zh_tw":"無面之形代","jp":"無貌の形代","en":"Mubou Katashiro","kr":"얼굴없는-카타시로","pinyin":"wumianzhixingdai"}},"猫鬼黑影":{"school":"百鬼夜行","club":"百物语","head":"MyoukiKurokage_BG","name":{"zh_cn":"猫鬼黑影","zh_tw":"貓鬼黑影","jp":"クロカゲ","en":"MyoukiKurokage","kr":"묘귀쿠로카게","pinyin":"maoguiheiying"}},"黑影涂鸦":{"school":"百鬼夜行","club":"百物语","head":"NP0250","name":{"zh_cn":"最强独角狮","zh_tw":"最強獨角獅","jp":"最強一角らいおん","en":"SAIKYO-IKKAKU-RAION","kr":"최강-일각-라이온","pinyin":"heiyingtuya"}},"七稜菖蒲":{"school":"百鬼夜行","club":"百花缭乱纷争调停委员会","head":"CH0223_BG,NP0206_BG,NP0229_BG,NP0206,NP0229,CH0223","name":{"zh_cn":"七稜 菖蒲","zh_tw":"七稜 菖蒲","jp":"七稜 アヤメ","en":"Nanakado Ayame","kr":"나나카도 아야메","pinyin":"qilingchangpu"}},"不破莲华":{"school":"百鬼夜行","club":"百花缭乱纷争调停委员会","head":"CH0224_L2D,CH0302_L2D,CH0224_BG,CH0302_BG,CH0224,CH0302","name":{"zh_cn":"不破 莲华","zh_tw":"不破 蓮華","jp":"不破 レンゲ","en":"Fuwa Renge","kr":"후와 렌지","pinyin":"bupolianhua"}},"勘解由小路紫蓠":{"school":"百鬼夜行","club":"百花缭乱纷争调停委员会","head":"CH0161_L2D,CH0301_L2D,NP0147_BG,NP0148_BG,CH0161_BG,CH0301_BG,NP0147,NP0148,CH0161,CH0301","name":{"zh_cn":"勘解由小路 紫蓠","zh_tw":"勘解由小路 紫蘺","jp":"勘解由小路 ユカリ","en":"Kadenokouji Yukari","kr":"감해유코지 유카리","pinyin":"kanjieyouxiaoluzili"}},"御稜名草":{"school":"百鬼夜行","club":"百花缭乱纷争调停委员会","head":"CH0222_L2D,CH0303_BG,CH0222_BG,CH0222,CH0303","name":{"zh_cn":"御稜 名草","zh_tw":"御稜 名草","jp":"御稜 ナグサ","en":"Goryo Nagusa","kr":"고료 나구사","pinyin":"yulingmingcao"}},"桐生桔梗":{"school":"百鬼夜行","club":"百花缭乱纷争调停委员会","head":"CH0225_L2D,CH0300_L2D,CH0225_BG,CH0300_BG,CH0225,CH0300","name":{"zh_cn":"桐生 桔梗","zh_tw":"桐生 桔梗","jp":"桐生 キキョウ","en":"Kiryuu Kikyou","kr":"키쿄","pinyin":"tongshengjugeng"}},"葛叶":{"school":"百鬼夜行","club":"百花缭乱纷争调停委员会","head":"NP0038_BG,NP0038","name":{"zh_cn":"葛叶","zh_tw":"葛葉","jp":"クズノハ","en":"Kuzunoha","kr":"쿠즈노하","pinyin":"geye"}},"土生蓟":{"school":"百鬼夜行","club":"花鸟风月部","head":"CH0276_BG,CH0289_BG,CH0276,CH0289","name":{"zh_cn":"土生 蓟","zh_tw":"土生 蓟","jp":"土生 アザミ","en":"Habu Azami","kr":"하부 아자미","pinyin":"tushengji"}},"箭吹棕榈":{"school":"百鬼夜行","club":"花鸟风月部","head":"CH0227_BG,CH0227","name":{"zh_cn":"箭吹 棕榈","zh_tw":"箭吹 棕櫚","jp":"箭吹 シュロ","en":"Yabuki Shuro","kr":"야부키 슈로","pinyin":"jianchuizonglv"}},"雏芥子":{"school":"百鬼夜行","club":"花鸟风月部","head":"CH0226_BG,CH0226","name":{"zh_cn":"雏芥子","zh_tw":"雛芥子","jp":"コクリコ","en":"Kokuriko","kr":"코쿠리코","pinyin":"chujiezi"}},"和乐千世":{"school":"百鬼夜行","club":"阴阳部","head":"CH0178_L2D,Chise_L2D,NP0055_BG,CH0178_BG,Chise_BG,CH0178,Chise","name":{"zh_cn":"和乐 千世","zh_tw":"和樂 知世","jp":"和楽 チセ","en":"Waraku Chise","kr":"와라쿠 치세","pinyin":"heleqianshi"}},"天地尼娅":{"school":"百鬼夜行","club":"阴阳部","head":"CH0109_L2D,NP0248_BG,CH0109_BG,NP0248,CH0109","name":{"zh_cn":"天地 妮娅","zh_tw":"天地 仁耶","jp":"天地 ニヤ","en":"Amachi Niya","kr":"아마치 니야","pinyin":"tiandiniya"}},"桑上果穗":{"school":"百鬼夜行","club":"阴阳部","head":"CH0107_L2D,CH0107_BG,CH0107","name":{"zh_cn":"桑上 果穗","zh_tw":"桑上 佳穗","jp":"桑上 カホ","en":"Kuwakami Kaho","kr":"쿠와카미 카호","pinyin":"sangshangguosui"}},"新":{"school":"百鬼夜行","club":"魑魅一座","head":"NP0254_BG,CH0236_BG,NP0254,NP0266,CH0236","name":{"zh_cn":"新","zh_tw":"新","jp":"アラタ","en":"Arata","kr":"아라타","pinyin":"xin"}},"魑魅一座成员":{"school":"百鬼夜行","club":"魑魅一座","head":"StreetGhostes_MG_BG,StreetGhostes_RL_BG,StreetGhostes_MG,StreetGhostes_RL","name":{"zh_cn":"魑魅一座","zh_tw":"魑魅一座","jp":"魑魅一座","en":"Sudama-Ichiza","kr":"이매일좌","pinyin":"chimeiyizuochengyuan"}},"天见和香":{"school":"赤冬","club":"227号特别班","head":"CH0165_L2D,Nodoka_L2D,CH0165_BG,Nodoka_BG,CH0165,Nodoka","name":{"zh_cn":"天见 和香","zh_tw":"天見 和香","jp":"天見 ノドカ","en":"Amami Nodoka","kr":"아마미 노도카","pinyin":"tianjianhexiang"}},"间宵时雨":{"school":"赤冬","club":"227号特别班","head":"CH0123_L2D,Shigure_L2D,CH0123_BG,Shigure_BG,CH0123,Shigure","name":{"zh_cn":"间宵 时雨","zh_tw":"間宵 時雨","jp":"間宵 シグレ","en":"Mayoi Shigure","kr":"마요이 시구레","pinyin":"jianxiaoshiyu"}},"三善贵音":{"school":"赤冬","club":"出版部","head":"CH0229_L2D,CH0229_BG,CH0229","name":{"zh_cn":"三善 贵音","zh_tw":"三善 貴音","jp":"三善 タカネ","en":"Miyoshi Takane","kr":"미요시 타카네","pinyin":"sanshanguiyin"}},"荒槙八云":{"school":"赤冬","club":"出版部","head":"CH0228_L2D,CH0228_BG,CH0228","name":{"zh_cn":"荒槙 八云","zh_tw":"荒槙 八云","jp":"荒槇 ヤクモ","en":"Aramaki Yakumo","kr":"아라마키 야쿠모","pinyin":"huangzhenbayun"}},"安守实梨":{"school":"赤冬","club":"工务部","head":"CH0214_L2D,CH0214_BG,Minori_BG,CH0214,Minori","name":{"zh_cn":"安守 实梨","zh_tw":"安守 實裏","jp":"安守 ミノリ","en":"Yasumori Minori","kr":"야스모리 미노리","pinyin":"anshoushili"}},"工务部成员":{"school":"赤冬","club":"工务部","head":"Yoheki_redwinter1_BG,Yoheki_redwinter1","name":{"zh_cn":"工务部员","zh_tw":"工務部員","jp":"工務部員","en":"Construction-Department-Member","kr":"용역부원","pinyin":"gongwubuchengyuan"}},"姬木梅露":{"school":"赤冬","club":"知识解放战线","head":"CH0124_L2D,CH0124_BG,CH0125_BG,CH0124,CH0125","name":{"zh_cn":"姬木 梅露","zh_tw":"姬木 愛瑠","jp":"姫木 メル","en":"Himeki Meru","kr":"히메키 메루","pinyin":"jimumeilu"}},"秋泉红叶":{"school":"赤冬","club":"知识解放战线","head":"Momiji_L2D,Momiji_BG,Momiji","name":{"zh_cn":"秋泉 红叶","zh_tw":"秋泉 紅葉","jp":"秋泉 モミジ","en":"Akiizumi Momiji","kr":"아키이즈미 모미지","pinyin":"qiuquanhongye"}},"亲卫队员":{"school":"赤冬","club":"赤冬事务局","head":"Royalguard_redwinter1_BG,Royalguard_redwinter1","name":{"zh_cn":"亲卫队员","zh_tw":"親衛隊員","jp":"親衛隊員","en":"Royalguard","kr":"친위대원","pinyin":"qinweiduiyuan"}},"佐城智惠":{"school":"赤冬","club":"赤冬事务局","head":"CH0271_L2D,Tomoe_L2D,CH0271_BG,Tomoe_BG,CH0271,Tomoe","name":{"zh_cn":"佐城 智惠","zh_tw":"佐城 智惠","jp":"佐城 トモエ","en":"Sashiro Tomoe","kr":"사시로 토모에","pinyin":"zuochengzhihui"}},"池仓玛利娜":{"school":"赤冬","club":"赤冬事务局","head":"CH0270_L2D,Marina_L2D,CH0270_BG,Marina_BG,CH0270,Marina","name":{"zh_cn":"池仓 玛丽娜","zh_tw":"池倉 瑪麗娜","jp":"池倉 マリナ","en":"Ikekura Marina","kr":"이케쿠라 마리나","pinyin":"chicangmalina"}},"连河切里诺":{"school":"赤冬","club":"赤冬事务局","head":"CH0164_L2D,Cherino_L2D,CH0278_BG,CH0164_BG,Cherino_BG,CH0164,CH0278,Cherino","name":{"zh_cn":"连河 切里诺","zh_tw":"連河 潔莉諾","jp":"連河 チェリノ","en":"Renkawa Cherino","kr":"렌카와 체리노","pinyin":"lianheqielinuo"}},"十六夜野宫":{"school":"阿比多斯","club":"对策委员会","head":"CH0092_L2D,Nonomi_L2D,Nonomi_L2D_2,NP0171_BG,NP0176_BG,NP0195_BG,NP0044_BG,NP0067_BG,CH0092_BG,Nonomi_BG,Nonomi_Robber_BG,NP0067,NP0171,NP0176,NP0195,CH0092,Nonomi,Nonomi_Robber","name":{"zh_cn":"十六夜 野宫","zh_tw":"十六夜 野乃美","jp":"十六夜 ノノミ","en":"Izayoi Nonomi","kr":"이자요이 노노미","pinyin":"shiliuyeyegong"}},"奥空绫音":{"school":"阿比多斯","club":"对策委员会","head":"Ayane_L2D,Ayane_L2D_2,CH0176_L2D,NP0174_BG,NP0218_BG,NP0048_BG,NP0066_BG,NP0108_BG,Ayane_BG,Ayane_Robber_BG,CH0176_BG,NP0066,NP0108,NP0174,NP0218,Ayane,Ayane_Robber,CH0176","name":{"zh_cn":"奥空 绫音","zh_tw":"奧空 綾音","jp":"奥空 アヤネ","en":"Okusora Ayane","kr":"오쿠소라 아야네","pinyin":"aokonglingyin"}},"小鸟游星野":{"school":"阿比多斯","club":"对策委员会","head":"CH0258_L2D,Hoshino_L2D,Hoshino_L2D_2,Hoshino_swimsuit_L2D,NP0167_BG,NP0173_BG,NP0179_BG,NP0204_BG,NP0045_BG,NP0063_BG,NP0186_BG,CH0241_BG,CH0258_BG,Hoshino_BG,Hoshino_Robber_BG,Hoshino_Swimsuit_BG,NP0063,NP0167,NP0173,NP0179,NP0186,NP0204,CH0241,CH0258,Hoshino,Hoshino_Robber,Hoshino_swimsuit","name":{"zh_cn":"小鸟游 星野","zh_tw":"小鳥遊 星野","jp":"小鳥遊 ホシノ","en":"Takanashi Hoshino","kr":"타카나시 호시노","pinyin":"xiaoniaoyouxingye"}},"梦":{"school":"阿比多斯","club":"对策委员会","head":"NP0166_BG,CH0157_BG,NP0166,CH0157","name":{"zh_cn":"栀子 梦","zh_tw":"梔子 夢","jp":"梔子 ユメ","en":"Kuchinashi Yume","kr":"쿠치나시 유메","pinyin":"meng"}},"砂狼白子":{"school":"阿比多斯","club":"对策委员会","head":"CH0188_L2D,Shiroko_L2D,Shiroko_L2D_2,Shiroko_ridingsuit_L2D,NP0124_BG,NP0172_BG,NP0046_BG,NP0064_BG,CH0188_BG,Shiroko_BG,Shiroko_ridingsuit_BG,Shiroko_Robber_BG,NP0064,NP0124,NP0172,CH0188,Shiroko,Shiroko_ridingsuit,Shiroko_Robber","name":{"zh_cn":"砂狼 白子","zh_tw":"砂狼 白子","jp":"砂狼 シロコ","en":"Sunaookami Shiroko","kr":"스나오오카미 시로코","pinyin":"shalangbaizi"}},"砂狼白子？":{"school":"阿比多斯","club":"对策委员会","head":"CH0263_L2D,NP0125_BG,NP0231_BG,NP0232_BG,CH0199_BG,CH0263_BG,NP0125,NP0231,NP0232,CH0199,CH0263","name":{"zh_cn":"砂狼 白子？","zh_tw":"砂狼 白子？","jp":"砂狼 シロコ？","en":"Sunaookami Shiroko？","kr":"스나오오카미 시로코？","pinyin":"shalangbaizi?"}},"黑见芹香":{"school":"阿比多斯","club":"对策委员会","head":"CH0189_L2D,Serika_L2D,Serika_L2D_2,Serika_Newyear_L2D,NP0175_BG,NP0217_BG,NP0047_BG,NP0065_BG,CH0189_BG,Serika_BG,Serika_Newyear_BG,Serika_Robber_BG,Serika_Shibaseki_BG,NP0065,NP0175,NP0217,CH0189,Serika,Serika_Newyear,Serika_Robber,Serika_Shibaseki","name":{"zh_cn":"黑见 芹香","zh_tw":"黑見 茜香","jp":"黒見 セリカ","en":"Kuromi Serika","kr":"쿠로미 세리카","pinyin":"heijianqinxiang"}},"梯昴":{"school":"阿里乌斯","club":"所属不明-阿里乌斯","head":"CH0309_L2D,CH0309_BG,CH0309","name":{"zh_cn":"梯 昴","zh_tw":"梯 昴","jp":"梯 スバル","en":"Kakehashi Subaru","kr":"카케하시 스바루","pinyin":"timao"}},"立木迈亚":{"school":"阿里乌斯","club":"所属不明-阿里乌斯","head":"CH0324_BG,CH0324","name":{"zh_cn":"立木 迈亚","zh_tw":"立木 邁亞","jp":"立木 マイア","en":"Tachigi Maia","kr":"타치기 마이아","pinyin":"limumaiya"}},"阿里乌斯学生":{"school":"阿里乌斯","club":"所属不明-阿里乌斯","head":"NP0256_BG,NP0257_BG,Arius_GL1_BG,Arius_GL1,NP0256,NP0257","name":{"zh_cn":"阿里乌斯学生","zh_tw":"奥利斯學生","jp":"アリウス生徒","en":"ARIUS-Student","kr":"아리우스-학생","pinyin":"aliwusixuesheng"}},"戒野美咲":{"school":"阿里乌斯","club":"特殊小队","head":"CH0268_L2D,Misaki_L2D,CH0268_BG,Misaki_BG,Misaki_Mask_BG,CH0268,Misaki","name":{"zh_cn":"戒野 美咲","zh_tw":"戒野 美咲","jp":"戒野 ミサキ","en":"Imashino Misaki","kr":"이마시노 미사키","pinyin":"jieyemeixiao"}},"槌永日和":{"school":"阿里乌斯","club":"特殊小队","head":"CH0269_L2D,Hiyori_L2D,CH0269_BG,Hiyori_BG,CH0269,Hiyori","name":{"zh_cn":"槌永 日和","zh_tw":"槌永 日和","jp":"槌永 ヒヨリ","en":"Tsuchinaga Hiyori","kr":"츠치나가 히요리","pinyin":"chuiyongrihe"}},"秤亚津子":{"school":"阿里乌斯","club":"特殊小队","head":"Atsuko_L2D,CH0267_L2D,NP0077_BG,NP0021_BG,Atsuko_BG,CH0267_BG,NP0021,NP0077,Atsuko,CH0267","name":{"zh_cn":"秤 亚津子","zh_tw":"秤 敦子","jp":"秤 アツコ","en":"Hakari Atsuko","kr":"하카리 아츠코","pinyin":"chengyajinzi"}},"锭前纱织":{"school":"阿里乌斯","club":"特殊小队","head":"CH0259_L2D,CH0266_L2D,Saori_L2D,NP0103_BG,NP0164_BG,NP0012_BG,CH0259_BG,CH0266_BG,Saori_BG,NP0012,NP0103,NP0164,CH0259,CH0266,Saori","name":{"zh_cn":"锭前 纱织","zh_tw":"錠前 紗織","jp":"錠前 サオリ","en":"Joumae Saori","kr":"조마에 사오리","pinyin":"dingqianshazhi"}}}