{"CHAT":[{"content":"","type":"image","file":"Emoji-2-2","replyDepth":0,"sCharacter":{"no":"川流诗乃","index":"Shinon_BG"}},{"content":"就在几个小时前，在距离基沃托斯海岸100公里处发现了一座此前从未曾有过记录的神秘岛屿，也就是目前我们镜头所正对的地方！","replyDepth":0,"type":"chat","sCharacter":{"no":"川流诗乃","index":"Shinon_BG"}},{"content":"该海岛被夜户浦村的远洋捕虾队成员无意中发现并首次发布至网上，根据已经公布的信息，这座岛似乎是圣三一综合学院的修女会古代基地","replyDepth":0,"type":"chat","sCharacter":{"no":"川流诗乃","index":"Shinon_BG"}},{"content":"修女会方面已经确认了该消息，并宣布对该海岛拥有所有权，让我们连线修女会的会长歌住樱子","replyDepth":0,"type":"chat","sCharacter":{"no":"川流诗乃","index":"Shinon_BG"}},{"content":"嗯...咳咳，大家好，我是修女会的会长樱子","replyDepth":0,"type":"chat","sCharacter":{"no":"歌住樱子","index":"NP0090_BG"}},{"file":"GameData/BLDA/CharFace/NP0090/7.webp","content":"CharFace","replyDepth":0,"type":"image","sCharacter":{"no":"歌住樱子","index":"NP0090_BG"}},{"content":"首先很感谢这位渔民....让修女会被尘封的历史公之于众。根据初步调查，这座岛上藏有大量的修女会历史文物","replyDepth":0,"type":"chat","sCharacter":{"no":"歌住樱子","index":"NP0090_BG"}},{"content":"修女会方面已经派遣人手前往该岛进行调查和保护，同时，我们也请前往岛屿的记者以及感兴趣的人士在登岛前提前前往修女会进行登记，未经允许发现上岛，我们将委托瓦尔基里进行处置","replyDepth":0,"type":"chat","sCharacter":{"no":"歌住樱子","index":"NP0090_BG"}},{"content":"好的，我们希望在之后也能看到更多岛上文物的保护与研究信息。感谢歌住樱子的回答！","replyDepth":0,"type":"chat","sCharacter":{"no":"川流诗乃","index":"Shinon_BG"}},{"content":"诶，话说，歌住樱子....","replyDepth":0,"type":"chat","sCharacter":{"no":"川流诗乃","index":"Shinon_BG"}},{"file":"GameData/BLDA/CharFace/shinon/99.webp","content":"CharFace","replyDepth":0,"type":"image","sCharacter":{"no":"川流诗乃","index":"Shinon_BG"}},{"content":"你是不是当时圣三一学园祭那个登台的偶像啊！当时我就在现场报道，我的天你唱的太好听了吧简直就是天...","replyDepth":0,"type":"chat","sCharacter":{"no":"川流诗乃","index":"Shinon_BG"}},{"content":"嗯....嗯，那个，我.......","replyDepth":0,"type":"chat","sCharacter":{"no":"歌住樱子","index":"NP0090_BG"}},{"file":"GameData/BLDA/CharFace/NP0090/12.webp","content":"CharFace","replyDepth":0,"type":"image","sCharacter":{"no":"歌住樱子","index":"NP0090_BG"}},{"content":"（哔——信号中断）","replyDepth":0,"type":"info","sCharacter":{"no":"歌住樱子","index":"NP0090_BG"},"isFirst":false,"name":"","isLeft":false,"isCenter":true,"isRight":false,"is_breaking":false,"file":"","time":"","style":false}],"MoeTalk":"2-11"}