{"CHAT":[{"file":"GameData/BLDA/CharFace/CH0204/16.webp","content":"CharFace","replyDepth":0,"type":"image","sCharacter":{"no":"古关忧","index":"CH0204_BG"}},{"content":"慌张作出的回答到只有我一个，总感觉有些不爽....","replyDepth":0,"type":"chat","sCharacter":{"no":"古关忧","index":"CH0204_BG"}},{"content":"忧忽然掏出手机开始打字","replyDepth":0,"type":"info","sCharacter":{"no":"古关忧","index":"CH0204_BG"}},{"content":"忧，忧，忧酱？","replyDepth":0,"type":"chat","sCharacter":{"no":0,"index":"1"}},{"content":"忧同学？","replyDepth":0,"type":"chat","sCharacter":{"no":0,"index":"1"}},{"content":"好的....发送...老师既然说我总是没法及时回复....那么现在就让老师马上回复我发的问题吧","replyDepth":0,"type":"chat","sCharacter":{"no":"古关忧","index":"CH0204_BG"}},{"file":"GameData/BLDA/CharFace/CH0204/9.webp","content":"CharFace","replyDepth":0,"type":"image","sCharacter":{"no":"古关忧","index":"CH0204_BG"}},{"content":"呋呋...怎么样老师...我的反击","replyDepth":0,"type":"chat","sCharacter":{"no":"古关忧","index":"CH0204_BG"}},{"content":"忧有些痴笑的看着我","replyDepth":0,"type":"info","sCharacter":{"no":"古关忧","index":"CH0204_BG"}},{"content":"一会后，发现我并没有反应","replyDepth":0,"type":"info","sCharacter":{"no":"古关忧","index":"CH0204_BG"}},{"file":"GameData/BLDA/CharFace/CH0204/1.webp","content":"CharFace","replyDepth":0,"type":"image","sCharacter":{"no":"古关忧","index":"CH0204_BG"}},{"content":"又过了一会","replyDepth":0,"type":"info","sCharacter":{"no":"古关忧","index":"CH0204_BG"}},{"content":"唔姆.....老师.....","replyDepth":0,"type":"chat","sCharacter":{"no":"古关忧","index":"CH0204_BG"},"isFirst":false,"name":"","isLeft":true,"isCenter":false,"isRight":false,"is_breaking":false,"file":"","time":"","style":false},{"file":"GameData/BLDA/CharFace/CH0204/18.webp","content":"CharFace","replyDepth":0,"type":"image","sCharacter":{"no":"古关忧","index":"CH0204_BG"}},{"content":"怎么了忧酱","replyDepth":0,"type":"chat","sCharacter":{"no":0,"index":"1"}},{"content":"那个...手机....消息...","replyDepth":0,"type":"chat","sCharacter":{"no":"古关忧","index":"CH0204_BG"}},{"content":"岛上并没有信号哦忧酱，我是看不到你的消息","replyDepth":0,"type":"chat","sCharacter":{"no":0,"index":"1"}},{"content":"没有...信号....","replyDepth":0,"type":"chat","sCharacter":{"no":"古关忧","index":"CH0204_BG"}},{"content":"不过如果忧酱愿意的话可以和老师分享手机，让老师看看写了什么","replyDepth":0,"type":"chat","sCharacter":{"no":0,"index":"1"}},{"file":"GameData/BLDA/CharFace/CH0204/2.webp","content":"CharFace","replyDepth":0,"type":"image","sCharacter":{"no":"古关忧","index":"CH0204_BG"}},{"file":"GameData/BLDA/CharFace/CH0204/21.webp","content":"CharFace","replyDepth":0,"type":"image","sCharacter":{"no":"古关忧","index":"CH0204_BG"}},{"content":"忧愣了一下，随后脸涨的通红，赶紧从口袋再次拿出手机，慌忙中掉到了地上","replyDepth":0,"type":"info","sCharacter":{"no":"古关忧","index":"CH0204_BG"}},{"content":"我来帮忙捡...","replyDepth":0,"type":"chat","sCharacter":{"no":0,"index":"1"}},{"content":"不....不用！刚刚...刚刚什么都没发生...是的...什么都没有...","replyDepth":0,"type":"chat","sCharacter":{"no":"古关忧","index":"CH0204_BG"}},{"content":"真的没有吗","replyDepth":0,"type":"chat","sCharacter":{"no":0,"index":"1"}},{"content":"没有！老师什么都没..","replyDepth":0,"type":"chat","sCharacter":{"no":"古关忧","index":"CH0204_BG"}},{"file":"GameData/BLDA/CharFace/CH0204/22.webp","content":"CharFace","replyDepth":0,"type":"image","sCharacter":{"no":"古关忧","index":"CH0204_BG"}},{"content":"唔啊！","replyDepth":0,"type":"chat","sCharacter":{"no":"古关忧","index":"CH0204_BG"}},{"content":"虽然我并没有动，但忧一直在不自觉向后退，突然被什么东西绊倒了","replyDepth":0,"type":"info","sCharacter":{"no":"古关忧","index":"CH0204_BG"}},{"content":"忧酱危险！","replyDepth":0,"type":"chat","sCharacter":{"no":0,"index":"1"}},{"content":"（扑过去想要扶住）","replyDepth":0,"type":"chat","sCharacter":{"no":0,"index":"1"}},{"content":"没....没事，因为旁边的石头靠住了","replyDepth":0,"type":"chat","sCharacter":{"no":"古关忧","index":"CH0204_BG"}},{"file":"GameData/BLDA/CharFace/CH0204/12.webp","content":"CharFace","replyDepth":0,"type":"image","sCharacter":{"no":"古关忧","index":"CH0204_BG"}},{"content":"这是..这是什么东西，感觉冰凉冰凉的...","replyDepth":0,"type":"chat","sCharacter":{"no":"古关忧","index":"CH0204_BG"}},{"content":"和忧一齐往脚下看去","replyDepth":0,"type":"info","sCharacter":{"no":"古关忧","index":"CH0204_BG"}},{"content":"这是....半个埋在土里的铁铲？而且还是金属的","replyDepth":0,"type":"chat","sCharacter":{"no":"古关忧","index":"CH0204_BG"}},{"file":"GameData/BLDA/CharFace/CH0204/4.webp","content":"CharFace","replyDepth":0,"type":"image","sCharacter":{"no":"古关忧","index":"CH0204_BG"}},{"content":"不....不对，岛上怎么会有这种工具？这里不是被封锁了吗","replyDepth":0,"type":"chat","sCharacter":{"no":"古关忧","index":"CH0204_BG"}},{"content":"可能是修女会封锁前勘测留下的","replyDepth":0,"type":"chat","sCharacter":{"no":0,"index":"1"}},{"content":"不不...铲子看上去比较新，应该就是最近一段时间放在这的....","replyDepth":0,"type":"chat","sCharacter":{"no":"古关忧","index":"CH0204_BG"}},{"content":"忧，石头后面还有推车","replyDepth":0,"type":"chat","sCharacter":{"no":0,"index":"1"}},{"content":"老师看到石头的一角露出什么东西，随后用力一拉，从树丛里拉出一辆小推车","replyDepth":0,"type":"info","sCharacter":{"no":0,"index":"1"}},{"content":"铲子....推车.......","replyDepth":0,"type":"chat","sCharacter":{"no":"古关忧","index":"CH0204_BG"},"isFirst":false,"name":"","isLeft":true,"isCenter":false,"isRight":false,"is_breaking":false,"file":"","time":"","style":false}],"MoeTalk":"2-4"}