{"CHAT":[{"content":"继续走向露营咖啡基地","replyDepth":0,"type":"info","sCharacter":{"no":"古关忧","index":"CH0204_BG"}},{"content":"尽管一直劝说忧放宽心，但忧的表情明显已经不像刚刚来时候那样放松了","replyDepth":0,"type":"info","sCharacter":{"no":"古关忧","index":"CH0204_BG"}},{"content":"说起来，这一路上，还是有很多疑点.....","replyDepth":0,"type":"chat","sCharacter":{"no":"古关忧","index":"CH0204_BG"}},{"content":"刚进树林时被刻意分开的树木....疑似脚印的足迹....还有被掰开的叶子，我之前都只是告诉自己那些不过是....不过是野生动物而已","replyDepth":0,"type":"chat","sCharacter":{"no":"古关忧","index":"CH0204_BG"}},{"file":"GameData/BLDA/CharFace/CH0204/6.webp","content":"CharFace","replyDepth":0,"type":"image","sCharacter":{"no":"古关忧","index":"CH0204_BG"}},{"content":"但是....仔细想来，在这样一座小岛上，能有什么大一点的动物....","replyDepth":0,"type":"chat","sCharacter":{"no":"古关忧","index":"CH0204_BG"}},{"content":"所以忧的意思是...","replyDepth":0,"type":"chat","sCharacter":{"no":0,"index":"1"}},{"content":"可能有人背着修女会来到这座岛...虽然不知道是为了什么，难道是偷窃文物倒卖吗....","replyDepth":0,"type":"chat","sCharacter":{"no":"古关忧","index":"CH0204_BG"}},{"content":"露营咖啡基地！终于到了","replyDepth":0,"type":"chat","sCharacter":{"no":0,"index":"1"}},{"content":"拍了拍沉思的忧，看向前方树林中的一块空地。虽然东西已经在上次离开时收走，但忧之前搭建的林荫小棚依然在那，还有被精心挑选当做靠背的石柱、用来压野餐布的石头，以及几株被采来的野生白花","replyDepth":0,"type":"info","sCharacter":{"no":0,"index":"1"}},{"content":"一切都和之前一样呢","replyDepth":0,"type":"chat","sCharacter":{"no":0,"index":"1"}},{"content":"呼....看到熟悉的基地，总觉得安心了一点....","replyDepth":0,"type":"chat","sCharacter":{"no":"古关忧","index":"CH0204_BG"}},{"content":"一起来布置吧忧酱","replyDepth":0,"type":"chat","sCharacter":{"no":"0","index":"1"},"isFirst":false,"name":"","isLeft":true,"isCenter":false,"isRight":false,"is_breaking":false,"file":"","time":"","style":false}],"MoeTalk":"2-6"}