{"CHAT":[{"content":"在克洛诺斯新闻报导的几分钟后","replyDepth":0,"type":"info","sCharacter":{"no":"联邦学生会长","index":"NP0040_BG"}},{"content":"崔妮蒂","replyDepth":0,"type":"info","sCharacter":{"no":"联邦学生会长","index":"NP0040_BG"}},{"content":"一花同学","replyDepth":0,"type":"chat","sCharacter":{"no":"桐藤渚","index":"Nagisa_BG"}},{"file":"GameData/BLDA/CharFace/nagisa/0.webp","content":"CharFace","replyDepth":0,"type":"image","sCharacter":{"no":"桐藤渚","index":"Nagisa_BG"}},{"content":"啊，渚大人…","replyDepth":0,"type":"chat","sCharacter":{"no":"一花","index":"CH0071_BG"}},{"file":"GameData/BLDA/CharFace/CH0071/2.webp","content":"CharFace","replyDepth":0,"type":"image","sCharacter":{"no":"一花","index":"CH0071_BG"}},{"content":"这次找我是什么事呢？","replyDepth":0,"type":"chat","sCharacter":{"no":"一花","index":"CH0071_BG"}},{"content":"难道又是让我护送物品？","replyDepth":0,"type":"chat","sCharacter":{"no":"一花","index":"CH0071_BG"}},{"file":"GameData/BLDA/CharFace/CH0071/4.webp","content":"CharFace","replyDepth":0,"type":"image","sCharacter":{"no":"一花","index":"CH0071_BG"}},{"content":"不，一花同学…","replyDepth":0,"type":"chat","sCharacter":{"no":"桐藤渚","index":"Nagisa_BG"}},{"file":"GameData/BLDA/CharFace/nagisa/3.webp","content":"CharFace","replyDepth":0,"type":"image","sCharacter":{"no":"桐藤渚","index":"Nagisa_BG"}},{"content":"诶，那是…","replyDepth":0,"type":"chat","sCharacter":{"no":"一花","index":"CH0071_BG"}},{"content":"你看了今早克罗诺斯的报导了吗？","replyDepth":0,"type":"chat","sCharacter":{"no":"桐藤渚","index":"Nagisa_BG"},"isFirst":false,"name":"","isLeft":true,"isCenter":false,"isRight":false,"is_breaking":false,"file":"","time":"","style":false},{"content":"诶，看到是看了……","replyDepth":0,"type":"chat","sCharacter":{"no":"一花","index":"CH0071_BG"}},{"content":"千禧年","replyDepth":0,"type":"info","sCharacter":{"no":"一花","index":"CH0071_BG"}},{"content":"阿时…","replyDepth":0,"type":"chat","sCharacter":{"no":"明星日鞠","index":"CH0159_BG"}},{"file":"GameData/BLDA/CharFace/CH0159/1.webp","content":"CharFace","replyDepth":0,"type":"image","sCharacter":{"no":"明星日鞠","index":"CH0159_BG"}},{"file":"GameData/BLDA/CharFace/CH0187/0.webp","content":"CharFace","replyDepth":0,"type":"image","sCharacter":{"no":"飞鸟马时","index":"CH0187_BG"}},{"content":"日鞠前辈…？","replyDepth":0,"type":"chat","sCharacter":{"no":"飞鸟马时","index":"CH0187_BG"}},{"content":"今早的新闻…","replyDepth":0,"type":"chat","sCharacter":{"no":"明星日鞠","index":"CH0159_BG"}},{"file":"GameData/BLDA/CharFace/CH0159/4.webp","content":"CharFace","replyDepth":0,"type":"image","sCharacter":{"no":"明星日鞠","index":"CH0159_BG"}},{"content":"歌赫娜","replyDepth":0,"type":"info","sCharacter":{"no":"明星日鞠","index":"CH0159_BG"}},{"content":"嘿嘿嘿……","replyDepth":0,"type":"chat","sCharacter":{"no":"羽沼真琴","index":"CH0079_BG"}},{"file":"GameData/BLDA/CharFace/hina/4.webp","content":"CharFace","replyDepth":0,"type":"image","sCharacter":{"no":"空崎日奈","index":"Hina_BG"}},{"content":"亚子，这是怎么回事…？","replyDepth":0,"type":"chat","sCharacter":{"no":"空崎日奈","index":"Hina_BG"}},{"content":"不知道，委员长…从今早开始她貌似就这样了？","replyDepth":0,"type":"chat","sCharacter":{"no":"天雨亚子","index":"Ako_BG"}},{"file":"GameData/BLDA/CharFace/ako/11.webp","content":"CharFace","replyDepth":0,"type":"image","sCharacter":{"no":"天雨亚子","index":"Ako_BG"}},{"content":"空崎日奈……嘿嘿嘿……","replyDepth":0,"type":"chat","sCharacter":{"no":"羽沼真琴","index":"CH0079_BG"}},{"content":"干什么…？","replyDepth":0,"type":"chat","sCharacter":{"no":"空崎日奈","index":"Hina_BG"}},{"file":"GameData/BLDA/CharFace/hina/15.webp","content":"CharFace","replyDepth":0,"type":"image","sCharacter":{"no":"空崎日奈","index":"Hina_BG"}},{"content":"想必，你应该不会没看到新闻吧？","replyDepth":0,"type":"chat","sCharacter":{"no":"羽沼真琴","index":"CH0079_BG"},"isFirst":false,"name":"","isLeft":true,"isCenter":false,"isRight":false,"is_breaking":false,"file":"","time":"","style":false},{"file":"GameData/BLDA/CharFace/CH0079/3.webp","content":"CharFace","replyDepth":0,"type":"image","sCharacter":{"no":"羽沼真琴","index":"CH0079_BG"}},{"content":"委员长……就是……","replyDepth":0,"type":"chat","sCharacter":{"no":"天雨亚子","index":"Ako_BG"}},{"content":"总之到了现在","replyDepth":0,"type":"info","sCharacter":{"no":"天雨亚子","index":"Ako_BG"}},{"content":"喂喂喂！基沃托斯的各位观众，早上好","replyDepth":0,"type":"chat","sCharacter":{"no":"川流诗乃","index":"Shinon_BG"}},{"file":"GameData/BLDA/CharFace/shinon/0.webp","content":"CharFace","replyDepth":0,"type":"image","sCharacter":{"no":"川流诗乃","index":"Shinon_BG"}},{"content":"我是主持人，川流诗乃","replyDepth":0,"type":"chat","sCharacter":{"no":"川流诗乃","index":"Shinon_BG"}},{"content":"距离我们发现这座无人问津的小岛，已经过去了30分钟了","replyDepth":0,"type":"chat","sCharacter":{"no":"川流诗乃","index":"Shinon_BG"}},{"content":"在这短短30分钟里，这座岛上已经云集了三大学院的代表，让我们们来看看吧","replyDepth":0,"type":"chat","sCharacter":{"no":"川流诗乃","index":"Shinon_BG"}},{"content":"（摄像机朝向所有人）","replyDepth":0,"type":"chat","sCharacter":{"no":"舞","index":"Mai_BG"}},{"content":"诶……为什么是我（小声嘀咕）","replyDepth":0,"type":"chat","sCharacter":{"no":"一花","index":"CH0292_BG"}},{"file":"GameData/BLDA/CharFace/CH0292/6.webp","content":"CharFace","replyDepth":0,"type":"image","sCharacter":{"no":"一花","index":"CH0292_BG"}},{"content":"（伸出话筒）","replyDepth":0,"type":"chat","sCharacter":{"no":"川流诗乃","index":"Shinon_BG"}},{"file":"GameData/BLDA/CharFace/shinon/1.webp","content":"CharFace","replyDepth":0,"type":"image","sCharacter":{"no":"川流诗乃","index":"Shinon_BG"}},{"content":"你好，这位代表，看你的装束，想必是圣三一的学生吧？！方便透露一下姓名吗？！","replyDepth":0,"type":"chat","sCharacter":{"no":"川流诗乃","index":"Shinon_BG"}},{"content":"诶……诶……？？？","replyDepth":0,"type":"chat","sCharacter":{"no":"一花","index":"CH0292_BG"}},{"file":"GameData/BLDA/CharFace/CH0292/17.webp","content":"CharFace","replyDepth":0,"type":"image","sCharacter":{"no":"一花","index":"CH0292_BG"}},{"content":"没关系的…","replyDepth":0,"type":"chat","sCharacter":{"no":"鹫见芹娜","index":"NP0075_BG"}},{"file":"GameData/BLDA/CharFace/NP0075/3.webp","content":"CharFace","replyDepth":0,"type":"image","sCharacter":{"no":"鹫见芹娜","index":"NP0075_BG"}},{"content":"额，我是……圣三一的学生代表，仲正一花…","replyDepth":0,"type":"chat","sCharacter":{"no":"一花","index":"CH0292_BG"}},{"file":"GameData/BLDA/CharFace/CH0292/4.webp","content":"CharFace","replyDepth":0,"type":"image","sCharacter":{"no":"一花","index":"CH0292_BG"}},{"content":"在我旁边的这一位是医疗陪同，鹫见芹娜同学…","replyDepth":0,"type":"chat","sCharacter":{"no":"一花","index":"CH0292_BG"}},{"file":"GameData/BLDA/CharFace/NP0075/0.webp","content":"CharFace","replyDepth":0,"type":"image","sCharacter":{"no":"鹫见芹娜","index":"NP0075_BG"}},{"content":"哦哦！不愧是圣三一的大小姐呢！举止优雅端庄！","replyDepth":0,"type":"chat","sCharacter":{"no":"川流诗乃","index":"Shinon_BG"}},{"file":"GameData/BLDA/CharFace/shinon/1.webp","content":"CharFace","replyDepth":0,"type":"image","sCharacter":{"no":"川流诗乃","index":"Shinon_BG"}},{"content":"那让我们看看下一个学院的代表","replyDepth":0,"type":"chat","sCharacter":{"no":"川流诗乃","index":"Shinon_BG"},"isFirst":false,"name":"","isLeft":true,"isCenter":false,"isRight":false,"is_breaking":false,"file":"","time":"","style":false},{"content":"咳咳……我是千禧年的代表，飞鸟马时","replyDepth":0,"type":"chat","sCharacter":{"no":"飞鸟马时","index":"NP0078_BG"}},{"file":"GameData/BLDA/CharFace/NP0078/3.webp","content":"CharFace","replyDepth":0,"type":"image","sCharacter":{"no":"飞鸟马时","index":"NP0078_BG"}},{"content":"奉日鞠前辈任命，来此进行调查任务","replyDepth":0,"type":"chat","sCharacter":{"no":"飞鸟马时","index":"NP0078_BG"}},{"content":"额，那旁边的这位小个子是…？","replyDepth":0,"type":"chat","sCharacter":{"no":"川流诗乃","index":"Shinon_BG"}},{"content":"欧拉！你说谁是小个子！！","replyDepth":0,"type":"chat","sCharacter":{"no":"美甘尼禄","index":"CH0280_BG"}},{"file":"GameData/BLDA/CharFace/CH0280/12.webp","content":"CharFace","replyDepth":0,"type":"image","sCharacter":{"no":"美甘尼禄","index":"CH0280_BG"}},{"content":"（赶忙拉住）这位是尼禄前辈…","replyDepth":0,"type":"chat","sCharacter":{"no":"飞鸟马时","index":"NP0078_BG"}},{"file":"GameData/BLDA/CharFace/NP0078/2.webp","content":"CharFace","replyDepth":0,"type":"image","sCharacter":{"no":"飞鸟马时","index":"NP0078_BG"}},{"content":"前辈，这可是在电视直播哦？","replyDepth":0,"type":"chat","sCharacter":{"no":"飞鸟马时","index":"NP0078_BG"}},{"file":"GameData/BLDA/CharFace/CH0280/14.webp","content":"CharFace","replyDepth":0,"type":"image","sCharacter":{"no":"美甘尼禄","index":"CH0280_BG"}},{"content":"额，那让我们继续采访…","replyDepth":0,"type":"chat","sCharacter":{"no":"川流诗乃","index":"Shinon_BG"},"isFirst":false,"name":"","isLeft":true,"isCenter":false,"isRight":false,"is_breaking":false,"file":"","time":"","style":false},{"file":"GameData/BLDA/CharFace/ako/0.webp","content":"CharFace","replyDepth":0,"type":"image","sCharacter":{"no":"天雨亚子","index":"Ako_BG"}},{"content":"我是歌赫娜风纪委员会的行政官天雨亚子。我身旁的是日奈委员长。我们将代表歌赫娜进行调查任务","replyDepth":0,"type":"chat","sCharacter":{"no":"天雨亚子","index":"Ako_BG"},"isFirst":false,"name":"","isLeft":true,"isCenter":false,"isRight":false,"is_breaking":false,"file":"","time":"","style":false},{"file":"GameData/BLDA/CharFace/ako/3.webp","content":"CharFace","replyDepth":0,"type":"image","sCharacter":{"no":"天雨亚子","index":"Ako_BG"}},{"content":"希望这次任务，可以圆满完成","replyDepth":0,"type":"chat","sCharacter":{"no":"天雨亚子","index":"Ako_BG"}},{"content":"哦哦哦！原来歌赫娜的代表也同样很有礼貌呢！","replyDepth":0,"type":"chat","sCharacter":{"no":"川流诗乃","index":"Shinon_BG"}},{"file":"GameData/BLDA/CharFace/shinon/3.webp","content":"CharFace","replyDepth":0,"type":"image","sCharacter":{"no":"川流诗乃","index":"Shinon_BG"}},{"content":"什么叫原来啊！我要对克洛诺斯新闻台提起控诉！","replyDepth":0,"type":"chat","sCharacter":{"no":"天雨亚子","index":"Ako_BG"}},{"file":"GameData/BLDA/CharFace/ako/15.webp","content":"CharFace","replyDepth":0,"type":"image","sCharacter":{"no":"天雨亚子","index":"Ako_BG"}},{"file":"GameData/BLDA/CharFace/shinon/4.webp","content":"CharFace","replyDepth":0,"type":"image","sCharacter":{"no":"川流诗乃","index":"Shinon_BG"}},{"content":"咳咳，总之，各位观众，接下来我们克洛诺斯也会持续跟踪这次的岛屿探索！","replyDepth":0,"type":"chat","sCharacter":{"no":"川流诗乃","index":"Shinon_BG"}},{"content":"先时刻了解最新资讯，请持续关注克洛诺斯新闻！","replyDepth":0,"type":"chat","sCharacter":{"no":"川流诗乃","index":"Shinon_BG"}},{"content":"直播被迫暂停","replyDepth":0,"type":"info","sCharacter":{"no":"川流诗乃","index":"Shinon_BG"}},{"content":"（躲在岩石后看着这一切）","replyDepth":0,"type":"chat","sCharacter":{"no":"锭前纱织","index":"CH0266_BG"}},{"content":"没想到，联邦学生会发布的委托，会有这么多人来啊…","replyDepth":0,"type":"chat","sCharacter":{"no":"锭前纱织","index":"CH0266_BG"}},{"file":"GameData/BLDA/CharFace/CH0266/4.webp","content":"CharFace","replyDepth":0,"type":"image","sCharacter":{"no":"锭前纱织","index":"CH0266_BG"}},{"content":"只要有情报，就有奖赏吗","replyDepth":0,"type":"chat","sCharacter":{"no":"锭前纱织","index":"CH0266_BG"}},{"content":"额，那个……","replyDepth":0,"type":"chat","sCharacter":{"no":"一花","index":"CH0292_BG"}},{"file":"GameData/BLDA/CharFace/CH0292/4.webp","content":"CharFace","replyDepth":0,"type":"image","sCharacter":{"no":"一花","index":"CH0292_BG"}},{"content":"我说各位…","replyDepth":0,"type":"chat","sCharacter":{"no":"一花","index":"CH0292_BG"},"isFirst":false,"name":"","isLeft":true,"isCenter":false,"isRight":false,"is_breaking":false,"file":"","time":"","style":false}],"MoeTalk":"1-0"}