{"CHAT":[{"replyDepth":0,"sCharacter":{"no":0,"index":"1"},"content":"这样啊……","type":"chat"},{"replyDepth":0,"sCharacter":{"no":0,"index":"1"},"content":"那现在看到了，感觉怎样呢？","type":"chat"},{"replyDepth":0,"sCharacter":{"no":"调月莉音","index":"CH0158"},"content":"嗯，很美哦","type":"chat"},{"replyDepth":0,"sCharacter":{"no":"调月莉音","index":"CH0158"},"content":"余晖照在雪地上，因为雪地是凹凸不平的，所以会有大片的漫反射","type":"chat"},{"replyDepth":0,"sCharacter":{"no":"调月莉音","index":"CH0158"},"content":"原本透射性很强的光线就会显得很涣散","type":"chat"},{"replyDepth":0,"sCharacter":{"no":"调月莉音","index":"CH0158"},"content":"……啊，抱歉","type":"chat"},{"replyDepth":0,"sCharacter":{"no":"调月莉音","index":"CH0158"},"content":"我是说，要是诺亚在的话，肯定能想出更棒的形容","type":"chat"},{"replyDepth":0,"sCharacter":{"no":"调月莉音","index":"CH0158"},"content":"但我就只能说点这种无聊的感想","type":"chat"},{"replyDepth":0,"sCharacter":{"no":"调月莉音","index":"CH0158"},"content":"","type":"image","file":"GameData/BLDA/CharFace/CH0158/99.webp"},{"replyDepth":0,"sCharacter":{"no":0,"index":"1"},"content":"不会哦","type":"chat"},{"replyDepth":0,"sCharacter":{"no":0,"index":"1"},"content":"这也是我觉得莉音可爱的地方","type":"chat"},{"replyDepth":0,"sCharacter":{"no":"调月莉音","index":"CH0158"},"content":"可爱什么的……","type":"chat"},{"replyDepth":0,"sCharacter":{"no":"调月莉音","index":"CH0158"},"content":"哪里……","type":"chat"},{"replyDepth":0,"sCharacter":{"no":"调月莉音","index":"CH0158"},"content":"","type":"image","file":"GameData/BLDA/CharFace/CH0158/7.webp"},{"replyDepth":0,"sCharacter":{"no":0,"index":"1"},"content":"正如你所说，这里是公认的，全基沃托斯落日最美的地方","type":"chat"},{"replyDepth":0,"sCharacter":{"no":0,"index":"1"},"content":"看到前面那片树林了吗？","type":"chat"},{"replyDepth":0,"sCharacter":{"no":"调月莉音","index":"CH0158"},"content":"嗯，看起来是白桦树吧","type":"chat"},{"replyDepth":0,"sCharacter":{"no":0,"index":"1"},"content":"对的","type":"chat"},{"replyDepth":0,"sCharacter":{"no":0,"index":"1"},"content":"夕阳对过去是无限忠诚的","type":"chat"},{"replyDepth":0,"sCharacter":{"no":"调月莉音","index":"CH0158"},"content":"什么？","type":"chat"},{"replyDepth":0,"sCharacter":{"no":"安守实梨","index":"CH0214"},"content":"夕阳对过去是无限忠诚的，依旧在报务员值班室窗边那片苍老的白桦林后面的老地方逐渐沉落下去","type":"chat"},{"replyDepth":0,"sCharacter":{"no":0,"index":"1"},"content":"实梨？！","type":"chat"},{"replyDepth":0,"sCharacter":{"no":"安守实梨","index":"CH0214"},"content":"傍晚好，sensei","type":"chat"},{"replyDepth":0,"sCharacter":{"no":"安守实梨","index":"CH0214"},"content":"希望我没有打扰二位看日落的兴致？","type":"chat"},{"replyDepth":0,"sCharacter":{"no":0,"index":"1"},"content":"（其实挺打扰的……）","type":"chat"},{"replyDepth":0,"sCharacter":{"no":0,"index":"1"},"content":"但还是不说为好","type":"info"},{"replyDepth":0,"sCharacter":{"no":0,"index":"1"},"content":"莉音对此似乎也没有什么异议","type":"info"},{"replyDepth":0,"sCharacter":{"no":0,"index":"1"},"content":"我介绍一下，这位是赤冬的工务部部长实梨","type":"chat"},{"replyDepth":0,"sCharacter":{"no":"调月莉音","index":"CH0158"},"content":"你好，实梨小姐","type":"chat"},{"replyDepth":0,"sCharacter":{"no":0,"index":"1"},"content":"这位是千年研讨会的莉音","type":"chat"},{"replyDepth":0,"sCharacter":{"no":"安守实梨","index":"CH0214"},"content":"您好，劳您远道而来，恕我们招待不周","type":"chat"},{"replyDepth":0,"sCharacter":{"no":"调月莉音","index":"CH0158"},"content":"哪里哪里，太客气了","type":"chat"},{"replyDepth":0,"sCharacter":{"no":"调月莉音","index":"CH0158"},"content":"说起工务部，就是像敝校工程部这类的社团？","type":"chat"},{"replyDepth":0,"sCharacter":{"no":"安守实梨","index":"CH0214"},"content":"嗯，工程部吗，那听起来应该差不多","type":"chat"},{"replyDepth":0,"sCharacter":{"no":0,"index":"1"},"content":"没有没有，绝对不一样","type":"chat"},{"replyDepth":0,"sCharacter":{"no":0,"index":"1"},"content":"天大的误会","type":"info"},{"replyDepth":0,"sCharacter":{"no":0,"index":"1"},"content":"而且我记得之前不是还因为从工程部采购的淋浴设施导致两校关系一度紧张吗……","type":"info"},{"replyDepth":0,"sCharacter":{"no":0,"index":"1"},"content":"但她俩看上去还蛮聊得来的","type":"info"},{"replyDepth":0,"sCharacter":{"no":0,"index":"1"},"content":"毕竟实梨是那种挺能带动气氛的人","type":"info"},{"replyDepth":0,"sCharacter":{"no":0,"index":"1"},"content":"话说实梨在这里做什么？","type":"chat"},{"replyDepth":0,"sCharacter":{"no":"安守实梨","index":"CH0214"},"content":"sensei，我想我有必要提醒您一下","type":"chat"},{"replyDepth":0,"sCharacter":{"no":"安守实梨","index":"CH0214"},"content":"二位现在坐的脚手架，怎么看都是我们部门的财产吧？","type":"chat"},{"replyDepth":0,"sCharacter":{"no":"安守实梨","index":"CH0214"},"content":"","type":"image","file":"GameData/BLDA/CharFace/CH0214/9.webp"},{"replyDepth":0,"sCharacter":{"no":0,"index":"1"},"content":"啊，抱歉抱歉！","type":"chat"},{"replyDepth":0,"sCharacter":{"no":"调月莉音","index":"CH0158"},"content":"我们马上下来","type":"chat"},{"replyDepth":0,"sCharacter":{"no":"调月莉音","index":"CH0158"},"content":"","type":"image","file":"GameData/BLDA/CharFace/CH0158/6.webp"},{"replyDepth":0,"sCharacter":{"no":"安守实梨","index":"CH0214"},"content":"没事没事，我开玩笑的","type":"chat"},{"replyDepth":0,"sCharacter":{"no":"安守实梨","index":"CH0214"},"content":"我来这里是因为，如您所见，赤冬境内建筑的搭建和修缮工作，都是由我们负责的","type":"chat"},{"replyDepth":0,"sCharacter":{"no":0,"index":"1"},"content":"是的，这我明白","type":"chat"},{"replyDepth":0,"sCharacter":{"no":"安守实梨","index":"CH0214"},"content":"当然，这栋日瓦戈别馆也包含在内","type":"chat"},{"replyDepth":0,"sCharacter":{"no":"安守实梨","index":"CH0214"},"content":"我们正在对它做定期的维护工作","type":"chat"},{"replyDepth":0,"sCharacter":{"no":"安守实梨","index":"CH0214"},"content":"本来今天的工作已经结束了，社员们也都回去了","type":"chat"},{"replyDepth":0,"sCharacter":{"no":"安守实梨","index":"CH0214"},"content":"但临走的时候我听到有动静，所以就折回来看一下","type":"chat"},{"replyDepth":0,"sCharacter":{"no":"安守实梨","index":"CH0214"},"content":"没想到遇到了二位","type":"chat"},{"replyDepth":0,"sCharacter":{"no":"安守实梨","index":"CH0214"},"content":"还以为是遭贼了，但既然是sensei和莉音小姐，请随意参观，注意别打坏东西就行","type":"chat"},{"replyDepth":0,"sCharacter":{"no":"安守实梨","index":"CH0214"},"content":"或者你们需要我当导游，我也乐意效劳哦","type":"chat"},{"replyDepth":0,"sCharacter":{"no":"安守实梨","index":"CH0214"},"content":"","type":"image","file":"GameData/BLDA/CharFace/CH0214/7.webp"},{"replyDepth":0,"sCharacter":{"no":0,"index":"1"},"content":"我都行，莉音怎么想？","type":"chat"},{"replyDepth":0,"sCharacter":{"no":"调月莉音","index":"CH0158"},"content":"我觉得实梨小姐是很平易近人的人，和你相处很愉快","type":"chat"},{"replyDepth":0,"sCharacter":{"no":"调月莉音","index":"CH0158"},"content":"那就麻烦实梨小姐了，请多指教","type":"chat"},{"replyDepth":0,"sCharacter":{"no":"调月莉音","index":"CH0158"},"content":"","type":"image","file":"GameData/BLDA/CharFace/CH0158/8.webp"},{"replyDepth":0,"sCharacter":{"no":"安守实梨","index":"CH0214"},"content":"荣幸之至","type":"chat"},{"replyDepth":0,"sCharacter":{"no":"调月莉音","index":"CH0158"},"content":"对了，刚见面时你说的那句话是什么意思呢，就是那个夕阳无限忠诚什么的","type":"chat"},{"replyDepth":0,"sCharacter":{"no":"安守实梨","index":"CH0214"},"content":"那是这栋别馆的主人，日瓦戈医生写在自传里的句子","type":"chat"},{"replyDepth":0,"sCharacter":{"no":"安守实梨","index":"CH0214"},"content":"他晚年在这栋别馆里居住，每天的生活就是写作和欣赏日落，这是他望着那片白桦林，有感而发的一句话","type":"chat"},{"replyDepth":0,"sCharacter":{"no":0,"index":"1"},"content":"我差点忘了，和给人的印象不同，实梨也是个不折不扣的文学少女","type":"info"},{"replyDepth":0,"sCharacter":{"no":0,"index":"1"},"content":"虽然她多数时候对经典的解读都很……","type":"info"},{"replyDepth":0,"sCharacter":{"no":0,"index":"1"},"content":"不过我记得日瓦戈医生没写过自传呀，他的传记不是委托好友代写的吗？","type":"chat"},{"replyDepth":0,"sCharacter":{"no":"安守实梨","index":"CH0214"},"content":"您说帕斯捷尔纳克吗？","type":"chat"},{"replyDepth":0,"sCharacter":{"no":"安守实梨","index":"CH0214"},"content":"哈哈哈哈","type":"chat"},{"replyDepth":0,"sCharacter":{"no":"安守实梨","index":"CH0214"},"content":"这俩就是一个人呀","type":"chat"},{"replyDepth":0,"sCharacter":{"no":"安守实梨","index":"CH0214"},"content":"日瓦戈医生是他的笔名啦","type":"chat"},{"replyDepth":0,"sCharacter":{"no":"安守实梨","index":"CH0214"},"content":"","type":"image","file":"GameData/BLDA/CharFace/CH0214/3.webp"},{"replyDepth":0,"sCharacter":{"no":0,"index":"1"},"content":"啊？","type":"chat"},{"replyDepth":0,"sCharacter":{"no":0,"index":"1"},"content":"我还真不知道……","type":"chat"},{"replyDepth":0,"sCharacter":{"no":"调月莉音","index":"CH0158"},"content":"噗，原来sensei也有不知道的事吗？","type":"chat"},{"replyDepth":0,"sCharacter":{"no":"调月莉音","index":"CH0158"},"content":"真——可——爱——","type":"chat"},{"replyDepth":0,"sCharacter":{"no":"调月莉音","index":"CH0158"},"content":"","type":"image","file":"GameData/BLDA/CharFace/CH0158/8.webp"},{"replyDepth":0,"sCharacter":{"no":0,"index":"1"},"content":"她绝对是在报复","type":"info"},{"replyDepth":0,"sCharacter":{"no":0,"index":"1"},"content":"干嘛啦……","type":"chat"},{"replyDepth":0,"sCharacter":{"no":0,"index":"1"},"content":"不行，我得找回点场子","type":"info"},{"replyDepth":0,"sCharacter":{"no":0,"index":"1"},"content":"正巧，天空中飞过几只蓝色的小鸟，它们结成队形，整齐划一地向南方飞去","type":"info"},{"replyDepth":0,"sCharacter":{"no":0,"index":"1"},"content":"对了莉音，看到那些鸟了吗？","type":"chat"},{"replyDepth":0,"sCharacter":{"no":"调月莉音","index":"CH0158"},"content":"看到了，怎么了？","type":"chat"},{"replyDepth":0,"sCharacter":{"no":0,"index":"1"},"content":"那是基本只在赤冬地区见到的品种","type":"chat"},{"replyDepth":0,"sCharacter":{"no":0,"index":"1"},"content":"它的名字很有意思，叫佛法僧","type":"chat"},{"replyDepth":0,"sCharacter":{"no":0,"index":"1"},"content":"这些通体蓝色的，应该就是蓝胸佛法僧","type":"chat"},{"replyDepth":0,"sCharacter":{"no":"安守实梨","index":"CH0214"},"content":"卟卟卟，sensei又说错了呢","type":"chat"},{"replyDepth":0,"sCharacter":{"no":"安守实梨","index":"CH0214"},"content":"您还知道佛法僧，倒也挺令我刮目相看的","type":"chat"},{"replyDepth":0,"sCharacter":{"no":"安守实梨","index":"CH0214"},"content":"但那些是蓝松雀啦，也是赤冬特有的鸟类","type":"chat"},{"replyDepth":0,"sCharacter":{"no":"安守实梨","index":"CH0214"},"content":"和蓝胸佛法僧是挺像的，距离远的话确实很难辨认","type":"chat"},{"replyDepth":0,"sCharacter":{"no":"安守实梨","index":"CH0214"},"content":"不过佛法僧是留鸟，不需要迁徙","type":"chat"},{"replyDepth":0,"sCharacter":{"no":"安守实梨","index":"CH0214"},"content":"会像这样成群结队往南边飞的，只有属于候鸟的蓝松雀","type":"chat"},{"replyDepth":0,"sCharacter":{"no":"安守实梨","index":"CH0214"},"content":"","type":"image","file":"GameData/BLDA/CharFace/CH0214/8.webp"},{"replyDepth":0,"sCharacter":{"no":0,"index":"1"},"content":"实梨的表情相当嘲弄","type":"info"},{"replyDepth":0,"sCharacter":{"no":0,"index":"1"},"content":"咕呜……","type":"chat"},{"replyDepth":0,"sCharacter":{"no":0,"index":"1"},"content":"","type":"image","file":"GameData/BLDA/Emoji/stamps/ClanChat_Emoji_65_Jp.webp"},{"replyDepth":0,"sCharacter":{"no":"调月莉音","index":"CH0158"},"content":"噗哈哈哈","type":"chat"},{"replyDepth":0,"sCharacter":{"no":0,"index":"1"},"content":"莉音也笑得很开心","type":"info"},{"replyDepth":0,"sCharacter":{"no":0,"index":"1"},"content":"虽然很丢人，但看她高兴的样子，也就释然了","type":"info"},{"replyDepth":0,"sCharacter":{"no":"安守实梨","index":"CH0214"},"content":"扯远了","type":"chat"},{"replyDepth":0,"sCharacter":{"no":"安守实梨","index":"CH0214"},"content":"总之，不管从艺术角度还是时代性来看，日瓦戈医生的自传都无疑是一部伟大的作品，可以说是赤冬的瑰宝","type":"chat"},{"replyDepth":0,"sCharacter":{"no":"安守实梨","index":"CH0214"},"content":"但在很长一段时间里，它没能得到公正的评价和待遇","type":"chat"},{"replyDepth":0,"sCharacter":{"no":"调月莉音","index":"CH0158"},"content":"怎么说？","type":"chat"},{"replyDepth":0,"sCharacter":{"no":"安守实梨","index":"CH0214"},"content":"日瓦戈医生从他个人的视角对那个时代的环境作出了深刻的剖析","type":"chat"},{"replyDepth":0,"sCharacter":{"no":"安守实梨","index":"CH0214"},"content":"但其中的很多内容放在那会儿来看都……","type":"chat"},{"replyDepth":0,"sCharacter":{"no":"安守实梨","index":"CH0214"},"content":"您可以理解吧？","type":"chat"},{"replyDepth":0,"sCharacter":{"no":"调月莉音","index":"CH0158"},"content":"原来如此，是指不适合拿到台面上谈论的话题吧","type":"chat"},{"replyDepth":0,"sCharacter":{"no":"安守实梨","index":"CH0214"},"content":"咳咳，也因此，作者本人受到了极其严重的迫害","type":"chat"},{"replyDepth":0,"sCharacter":{"no":"安守实梨","index":"CH0214"},"content":"还被迫搬离了这栋别馆","type":"chat"},{"replyDepth":0,"sCharacter":{"no":"安守实梨","index":"CH0214"},"content":"在那之后，这栋建筑也被人为纵火烧毁了","type":"chat"},{"replyDepth":0,"sCharacter":{"no":"调月莉音","index":"CH0158"},"content":"竟如此……","type":"chat"},{"replyDepth":0,"sCharacter":{"no":"安守实梨","index":"CH0214"},"content":"如今二位看到的已经是由工务部前辈们主持重建的别馆了，不过那也很久了","type":"chat"},{"replyDepth":0,"sCharacter":{"no":"安守实梨","index":"CH0214"},"content":"赤冬不会无视劳动人民经历的苦难和不公","type":"chat"},{"replyDepth":0,"sCharacter":{"no":"安守实梨","index":"CH0214"},"content":"虽然正义很多时候都来得很迟","type":"chat"},{"replyDepth":0,"sCharacter":{"no":"安守实梨","index":"CH0214"},"content":"在作者去世多年以后，新一届事务局对他进行了平反","type":"chat"},{"replyDepth":0,"sCharacter":{"no":"安守实梨","index":"CH0214"},"content":"从那以后，这部书开始大批量地印刷","type":"chat"},{"replyDepth":0,"sCharacter":{"no":"安守实梨","index":"CH0214"},"content":"现在是赤冬学生的必读书目了","type":"chat"},{"replyDepth":0,"sCharacter":{"no":"安守实梨","index":"CH0214"},"content":"","type":"image","file":"GameData/BLDA/CharFace/CH0214/3.webp"},{"replyDepth":0,"sCharacter":{"no":0,"index":"1"},"content":"实梨讲得眉飞色舞，看得出她对这本书的评价之高","type":"info"},{"replyDepth":0,"sCharacter":{"no":0,"index":"1"},"content":"我看向莉音，总觉得她眼神中揉进了一团忧愁","type":"info"},{"replyDepth":0,"sCharacter":{"no":0,"index":"1"},"content":"但实梨似乎没注意到这点","type":"info"},{"replyDepth":0,"sCharacter":{"no":"安守实梨","index":"CH0214"},"content":"回到一开始说的","type":"chat"},{"replyDepth":0,"sCharacter":{"no":"安守实梨","index":"CH0214"},"content":"夕阳对过去是无限忠诚的","type":"chat"},{"replyDepth":0,"sCharacter":{"no":"安守实梨","index":"CH0214"},"content":"是这样吗？或许吧","type":"chat"},{"replyDepth":0,"sCharacter":{"no":0,"index":"1"},"content":"（开始了开始了……）","type":"chat"},{"replyDepth":0,"sCharacter":{"no":0,"index":"1"},"content":"（实梨的神奇解读环节……）","type":"chat"},{"replyDepth":0,"sCharacter":{"no":0,"index":"1"},"content":"","type":"image","file":"GameData/BLDA/Emoji/stamps/ClanChat_Emoji_11_Jp.webp"},{"replyDepth":0,"sCharacter":{"no":"安守实梨","index":"CH0214"},"content":"在我看来，忠诚于过去是没有意义的事情","type":"chat"},{"replyDepth":0,"sCharacter":{"no":0,"index":"1"},"content":"哦？","type":"chat"},{"replyDepth":0,"sCharacter":{"no":"安守实梨","index":"CH0214"},"content":"夕阳每天都会来到这间别馆，每天都会投向外面那片白桦林","type":"chat"},{"replyDepth":0,"sCharacter":{"no":"安守实梨","index":"CH0214"},"content":"但一切都已经不一样了","type":"chat"},{"replyDepth":0,"sCharacter":{"no":"安守实梨","index":"CH0214"},"content":"那片白桦林是新的","type":"chat"},{"replyDepth":0,"sCharacter":{"no":"安守实梨","index":"CH0214"},"content":"这间别馆是新的","type":"chat"},{"replyDepth":0,"sCharacter":{"no":"安守实梨","index":"CH0214"},"content":"就连夕阳也是，每天都不再是前一天的那轮夕阳了","type":"chat"},{"replyDepth":0,"sCharacter":{"no":"安守实梨","index":"CH0214"},"content":"比起缅怀过去","type":"chat"},{"replyDepth":0,"sCharacter":{"no":"安守实梨","index":"CH0214"},"content":"我觉得还是着眼于现在和以后更重要","type":"chat"},{"replyDepth":0,"sCharacter":{"no":"安守实梨","index":"CH0214"},"content":"过去的事物是不会回来的，我们应该珍惜眼前的东西，否则等它过去了，也会变得无可挽回的","type":"chat"},{"replyDepth":0,"sCharacter":{"no":0,"index":"1"},"content":"该说不说，她这次的看法竟然意外靠谱","type":"info"},{"replyDepth":0,"sCharacter":{"no":"安守实梨","index":"CH0214"},"content":"sensei也要懂得珍惜哦","type":"chat"},{"replyDepth":0,"sCharacter":{"no":"安守实梨","index":"CH0214"},"content":"就像百鬼夜行的清少纳言说的","type":"chat"},{"replyDepth":0,"sCharacter":{"no":"安守实梨","index":"CH0214"},"content":"一直过去的，是使帆的船，一个人的年岁","type":"chat"},{"replyDepth":0,"sCharacter":{"no":"安守实梨","index":"CH0214"},"content":"sensei已经不年轻了哦","type":"chat"},{"replyDepth":0,"sCharacter":{"no":"安守实梨","index":"CH0214"},"content":"","type":"image","file":"GameData/BLDA/CharFace/CH0214/8.webp"},{"replyDepth":0,"sCharacter":{"no":0,"index":"1"},"content":"……","type":"chat"},{"replyDepth":0,"sCharacter":{"no":0,"index":"1"},"content":"前言撤回","type":"info"},{"replyDepth":0,"sCharacter":{"no":"调月莉音","index":"CH0158"},"content":"噗","type":"chat"},{"replyDepth":0,"sCharacter":{"no":0,"index":"1"},"content":"夜色渐浓，我们告别了实梨，在街上走着","type":"info"},{"replyDepth":0,"sCharacter":{"no":0,"index":"1"},"content":"赤冬的郊外几乎没有路灯，但这里天气很好，能看到漫天星河","type":"info"},{"replyDepth":0,"sCharacter":{"no":0,"index":"1"},"content":"星光下，莉音的眼睛像蒙着层雾","type":"info"},{"replyDepth":0,"sCharacter":{"no":0,"index":"1"},"content":"莉音","type":"chat"},{"replyDepth":0,"sCharacter":{"no":"调月莉音","index":"CH0158"},"content":"什么？","type":"chat"},{"replyDepth":0,"sCharacter":{"no":0,"index":"1"},"content":"从刚才起就觉得你有些心不在焉","type":"chat"},{"replyDepth":0,"sCharacter":{"no":0,"index":"1"},"content":"怎么了？还好吗？","type":"chat"},{"replyDepth":0,"sCharacter":{"no":"调月莉音","index":"CH0158"},"content":"嗯……","type":"chat"},{"replyDepth":0,"sCharacter":{"no":"调月莉音","index":"CH0158"},"content":"我只是在想","type":"chat"},{"replyDepth":0,"sCharacter":{"no":"调月莉音","index":"CH0158"},"content":"迟到的好结局，真的能算是好结局吗？","type":"chat"},{"replyDepth":0,"sCharacter":{"no":0,"index":"1"},"content":"为什么这样说？","type":"chat"},{"replyDepth":0,"sCharacter":{"no":"调月莉音","index":"CH0158"},"content":"在丁梅斯代尔小圣堂的时候","type":"chat"}],"MoeTalk":"0-4"}