{"CHAT":[{"content":"真~的没问题吗？","replyDepth":0,"type":"chat","sCharacter":{"no":"浅黄睦月","index":"Mutsuki_Newyear_BG"},"file":""},{"content":"啊，有人发消息...","replyDepth":0,"type":"chat","sCharacter":{"no":"鬼方佳代子","index":"CH0086_BG"},"file":""},{"file":"GameData/BLDA/CharFace/CH0086/2.webp","content":"CharFace","replyDepth":0,"type":"image","sCharacter":{"no":"鬼方佳代子","index":"CH0086_BG"}},{"content":"(看了看手机，眉头紧皱)","replyDepth":0,"type":"chat","sCharacter":{"no":"鬼方佳代子","index":"CH0086_BG"},"isFirst":false,"name":"","isLeft":true,"isCenter":false,"isRight":false,"is_breaking":false,"file":"","time":"","style":false},{"content":"那个，各位，我要失陪一下了","replyDepth":0,"type":"chat","sCharacter":{"no":"鬼方佳代子","index":"CH0086_BG"},"file":""},{"content":"夏莱那边有要紧事需要我过去一趟","replyDepth":0,"type":"chat","sCharacter":{"no":"鬼方佳代子","index":"CH0086_BG"},"file":""},{"content":"哦，是老师那边有事情吗？","replyDepth":0,"type":"chat","sCharacter":{"no":"浅黄睦月","index":"Mutsuki_Newyear_BG"},"file":""},{"content":"可是，佳代子酱不是明天才当班值日吗？","replyDepth":0,"type":"chat","sCharacter":{"no":"浅黄睦月","index":"Mutsuki_Newyear_BG"},"file":""},{"content":"嘛...老师这边要这周的值日生全部过去一趟","replyDepth":0,"type":"chat","sCharacter":{"no":"鬼方佳代子","index":"CH0086_BG"},"file":""},{"content":"那，我就先走了哦","replyDepth":0,"type":"chat","sCharacter":{"no":"鬼方佳代子","index":"CH0086_BG"},"isFirst":false,"name":"","isLeft":true,"isCenter":false,"isRight":false,"is_breaking":false,"file":"","time":"","style":false},{"content":"好~，到时阿露酱抽到大吉的时候，我会转告给你的哦","replyDepth":0,"type":"chat","sCharacter":{"no":"浅黄睦月","index":"Mutsuki_Newyear_BG"},"file":""},{"file":"GameData/BLDA/CharFace/mutsuki_newyear/3.webp","content":"CharFace","replyDepth":0,"type":"image","sCharacter":{"no":"浅黄睦月","index":"Mutsuki_Newyear_BG"}},{"content":"啊，走路慢一点，别摔着了哟！","replyDepth":0,"type":"chat","sCharacter":{"no":"浅黄睦月","index":"Mutsuki_Newyear_BG"},"file":""},{"content":"啊哈，这次一定是大...","replyDepth":0,"type":"chat","sCharacter":{"no":"陆八魔阿露","index":"Aru_Newyear_BG"},"file":""},{"content":"诶诶诶！？","replyDepth":0,"type":"chat","sCharacter":{"no":"陆八魔阿露","index":"Aru_Newyear_BG"},"file":""},{"file":"GameData/BLDA/CharFace/aru_newyear/11.webp","content":"CharFace","replyDepth":0,"type":"image","sCharacter":{"no":"陆八魔阿露","index":"Aru_Newyear_BG"}},{"content":"阿露大人，难道您中了大吉吗！？","replyDepth":0,"type":"chat","sCharacter":{"no":"伊草遥香","index":"CH0087_BG"},"file":""},{"content":"咯呵呵呵...","replyDepth":0,"type":"chat","sCharacter":{"no":"浅黄睦月","index":"Mutsuki_Newyear_BG"},"file":""},{"file":"GameData/BLDA/CharFace/mutsuki_newyear/7.webp","content":"CharFace","replyDepth":0,"type":"image","sCharacter":{"no":"浅黄睦月","index":"Mutsuki_Newyear_BG"}},{"content":"而在古圣堂这边...\n忧正在书堆之中修复着古籍","replyDepth":0,"type":"info","sCharacter":{"no":"浅黄睦月","index":"Mutsuki_Newyear_BG"},"file":"","isFirst":false,"name":"","isLeft":false,"isCenter":true,"isRight":false,"is_breaking":false,"time":"","style":false},{"content":"乖，把这个贴上...","replyDepth":0,"type":"chat","sCharacter":{"no":"古关忧","index":"CH0169_BG"},"file":""},{"content":"这样下来这个孩子也照顾好了...","replyDepth":0,"type":"chat","sCharacter":{"no":"古关忧","index":"CH0169_BG"},"file":""},{"file":"GameData/BLDA/CharFace/CH0169/23.webp","content":"CharFace","replyDepth":0,"type":"image","sCharacter":{"no":"古关忧","index":"CH0169_BG"}},{"content":"诶，好像有人发消息？","replyDepth":0,"type":"chat","sCharacter":{"no":"古关忧","index":"CH0169_BG"},"isFirst":false,"name":"","isLeft":true,"isCenter":false,"isRight":false,"is_breaking":false,"file":"","time":"","style":false},{"content":"手机...被孩子们藏起来了...","replyDepth":0,"type":"chat","sCharacter":{"no":"古关忧","index":"CH0169_BG"},"file":""},{"content":"埋，埋的好深啊...","replyDepth":0,"type":"chat","sCharacter":{"no":"古关忧","index":"CH0169_BG"},"isFirst":false,"name":"","isLeft":true,"isCenter":false,"isRight":false,"is_breaking":false,"file":"","time":"","style":false},{"content":"忧花了好一会时间，可算是把埋在书堆里的手机找了出来","replyDepth":0,"type":"info","sCharacter":{"no":"古关忧","index":"CH0169_BG"},"isFirst":false,"name":"","isLeft":false,"isCenter":true,"isRight":false,"is_breaking":false,"file":"","time":"","style":false},{"content":"呼...可算是找到了","replyDepth":0,"type":"chat","sCharacter":{"no":"古关忧","index":"CH0169_BG"},"file":""},{"content":"我看看是什么...嗯？","replyDepth":0,"type":"chat","sCharacter":{"no":"古关忧","index":"CH0169_BG"},"file":""},{"file":"GameData/BLDA/CharFace/CH0169/2.webp","content":"CharFace","replyDepth":0,"type":"image","sCharacter":{"no":"古关忧","index":"CH0169_BG"}},{"content":"全体值日生...立刻前往夏莱...","replyDepth":0,"type":"chat","sCharacter":{"no":"古关忧","index":"CH0169_BG"},"file":""},{"content":"诶，怎么这个时候就...？","replyDepth":0,"type":"chat","sCharacter":{"no":"古关忧","index":"CH0169_BG"},"file":""},{"file":"GameData/BLDA/CharFace/CH0169/20.webp","content":"CharFace","replyDepth":0,"type":"image","sCharacter":{"no":"古关忧","index":"CH0169_BG"}},{"content":"我...我还没准备好...不对，今天也不是我值日...不对！","replyDepth":0,"type":"chat","sCharacter":{"no":"古关忧","index":"CH0169_BG"},"file":""},{"content":"这，这到底是怎么回事？","replyDepth":0,"type":"chat","sCharacter":{"no":"古关忧","index":"CH0169_BG"},"file":""},{"content":"","replyDepth":0,"type":"info","sCharacter":{"no":"古关忧","index":"CH0169_BG"},"file":""},{"content":"","replyDepth":0,"type":"info","sCharacter":{"no":"古关忧","index":"CH0169_BG"},"isFirst":false,"name":"","isLeft":false,"isCenter":true,"isRight":false,"is_breaking":false,"file":"","time":"","style":false},{"content":"现在，把画面切到千年科技学园这边...","replyDepth":0,"type":"info","sCharacter":{"no":"古关忧","index":"CH0169_BG"},"file":"","isFirst":false,"name":"","isLeft":false,"isCenter":true,"isRight":false,"is_breaking":false,"time":"","style":false},{"content":"呜哇，我们还要在这里打扫多久啊！","replyDepth":0,"type":"chat","sCharacter":{"no":"才羽桃井","index":"CH0201_BG"},"file":""},{"file":"GameData/BLDA/CharFace/CH0201/6.webp","content":"CharFace","replyDepth":0,"type":"image","sCharacter":{"no":"才羽桃井","index":"CH0201_BG"}},{"content":"唔...谁叫我们的新游戏被优香前辈发现了呢...","replyDepth":0,"type":"chat","sCharacter":{"no":"才羽绿","index":"CH0202_BG"},"file":""},{"content":"虽然我觉得我画的立绘很好看的啊，很符合人设","replyDepth":0,"type":"chat","sCharacter":{"no":"才羽绿","index":"CH0202_BG"},"file":"","isFirst":false,"name":"","isLeft":true,"isCenter":false,"isRight":false,"is_breaking":false,"time":"","style":false},{"file":"GameData/BLDA/CharFace/CH0202/6.webp","content":"CharFace","replyDepth":0,"type":"image","sCharacter":{"no":"才羽绿","index":"CH0202_BG"}},{"content":"我们的行动计划，被大魔头发现了！","replyDepth":0,"type":"chat","sCharacter":{"no":"天童爱丽丝","index":"CH0200_BG"},"file":""},{"content":"游戏部作战计划，大失败！","replyDepth":0,"type":"chat","sCharacter":{"no":"天童爱丽丝","index":"CH0200_BG"},"file":""},{"file":"GameData/BLDA/CharFace/CH0200/8.webp","content":"CharFace","replyDepth":0,"type":"image","sCharacter":{"no":"天童爱丽丝","index":"CH0200_BG"}},{"content":"现在我们处在这个大魔王给我们设下的结界里，被其奴役着...","replyDepth":0,"type":"chat","sCharacter":{"no":"天童爱丽丝","index":"CH0200_BG"},"file":"","isFirst":false,"name":"","isLeft":true,"isCenter":false,"isRight":false,"is_breaking":false,"time":"","style":false},{"content":"嘘——小点声，爱丽丝！要是再被优香前辈听到的话...","replyDepth":0,"type":"chat","sCharacter":{"no":"才羽绿","index":"CH0202_BG"},"file":"","isFirst":false,"name":"","isLeft":true,"isCenter":false,"isRight":false,"is_breaking":false,"time":"","style":false},{"content":"不过我说实话，优香前辈设置成大魔王角色，真的超~合适的好吧","replyDepth":0,"type":"chat","sCharacter":{"no":"才羽桃井","index":"CH0201_BG"},"file":"","isFirst":false,"name":"","isLeft":true,"isCenter":false,"isRight":false,"is_breaking":false,"time":"","style":false},{"content":"你说对吧，小绿...小绿，怎么了这是...？","replyDepth":0,"type":"chat","sCharacter":{"no":"才羽桃井","index":"CH0201_BG"},"isFirst":false,"name":"","isLeft":true,"isCenter":false,"isRight":false,"is_breaking":false,"file":"","time":"","style":false},{"file":"GameData/BLDA/CharFace/CH0201/2.webp","content":"CharFace","replyDepth":0,"type":"image","sCharacter":{"no":"才羽桃井","index":"CH0201_BG"}},{"file":"GameData/BLDA/CharFace/CH0202/4.webp","content":"CharFace","replyDepth":0,"type":"image","sCharacter":{"no":"才羽绿","index":"CH0202_BG"}},{"content":"才——羽——桃——井——","replyDepth":0,"type":"chat","sCharacter":{"no":"早濑优香","index":"CH0184_BG"},"file":""},{"file":"GameData/BLDA/CharFace/CH0184/9.webp","content":"CharFace","replyDepth":0,"type":"image","sCharacter":{"no":"早濑优香","index":"CH0184_BG"}},{"content":"都这种时候了，还没有好好反省吗！？","replyDepth":0,"type":"chat","sCharacter":{"no":"早濑优香","index":"CH0184_BG"},"isFirst":false,"name":"","isLeft":true,"isCenter":false,"isRight":false,"is_breaking":false,"file":"","time":"","style":false},{"content":"哇啊啊——是...优...是优香...","replyDepth":0,"type":"chat","sCharacter":{"no":"才羽桃井","index":"CH0201_BG"},"file":""},{"content":"什么时候出现在这里的！？","replyDepth":0,"type":"chat","sCharacter":{"no":"才羽桃井","index":"CH0201_BG"},"file":""},{"file":"GameData/BLDA/CharFace/CH0201/9.webp","content":"CharFace","replyDepth":0,"type":"image","sCharacter":{"no":"才羽桃井","index":"CH0201_BG"}},{"content":"啊啦，优香酱很早就站在这里了","replyDepth":0,"type":"chat","sCharacter":{"no":"生盐诺亚","index":"NP0043_BG"},"file":""},{"content":"时间大概是3分钟27秒前","replyDepth":0,"type":"chat","sCharacter":{"no":"生盐诺亚","index":"NP0043_BG"},"file":""},{"file":"GameData/BLDA/CharFace/NP0043/3.webp","content":"CharFace","replyDepth":0,"type":"image","sCharacter":{"no":"生盐诺亚","index":"NP0043_BG"}},{"content":"真是的，我刚刚跑完步回来...","replyDepth":0,"type":"chat","sCharacter":{"no":"早濑优香","index":"CH0184_BG"},"file":""},{"content":"就听到你们几个又在说些什么！","replyDepth":0,"type":"chat","sCharacter":{"no":"早濑优香","index":"CH0184_BG"},"file":""},{"file":"GameData/BLDA/CharFace/CH0184/9.webp","content":"CharFace","replyDepth":0,"type":"image","sCharacter":{"no":"早濑优香","index":"CH0184_BG"}},{"content":"看来给你们的教训，还远远不够！","replyDepth":0,"type":"chat","sCharacter":{"no":"早濑优香","index":"CH0184_BG"},"file":""},{"content":"你们给我...嗯，有新的消息？","replyDepth":0,"type":"chat","sCharacter":{"no":"早濑优香","index":"CH0184_BG"},"file":""},{"file":"GameData/BLDA/CharFace/CH0184/15.webp","content":"CharFace","replyDepth":0,"type":"image","sCharacter":{"no":"早濑优香","index":"CH0184_BG"}},{"content":"这是什么时候发过来的...全体值日生...集合？","replyDepth":0,"type":"chat","sCharacter":{"no":"早濑优香","index":"CH0184_BG"},"file":""},{"content":"时间是...11点04分之前？","replyDepth":0,"type":"chat","sCharacter":{"no":"早濑优香","index":"CH0184_BG"},"file":""},{"content":"日鞠同学说...“我已经先出发了，请记得过去一趟”...","replyDepth":0,"type":"chat","sCharacter":{"no":"早濑优香","index":"CH0184_BG"},"isFirst":false,"name":"","isLeft":true,"isCenter":false,"isRight":false,"is_breaking":false,"file":"","time":"","style":false},{"content":"那，那还有多久...诺，诺亚，现在几点了？","replyDepth":0,"type":"chat","sCharacter":{"no":"早濑优香","index":"CH0184_BG"},"isFirst":false,"name":"","isLeft":true,"isCenter":false,"isRight":false,"is_breaking":false,"file":"","time":"","style":false},{"file":"GameData/BLDA/CharFace/CH0184/6.webp","content":"CharFace","replyDepth":0,"type":"image","sCharacter":{"no":"早濑优香","index":"CH0184_BG"}},{"content":"现在是基沃托斯时间，早上10点28分12秒哦","replyDepth":0,"type":"chat","sCharacter":{"no":"生盐诺亚","index":"NP0043_BG"},"file":""},{"file":"GameData/BLDA/CharFace/NP0043/1.webp","content":"CharFace","replyDepth":0,"type":"image","sCharacter":{"no":"生盐诺亚","index":"NP0043_BG"}},{"content":"不好，我现在就得过去夏莱那边！","replyDepth":0,"type":"chat","sCharacter":{"no":"早濑优香","index":"CH0184_BG"},"isFirst":false,"name":"","isLeft":true,"isCenter":false,"isRight":false,"is_breaking":false,"file":"","time":"","style":false},{"content":"起码得让我洗个澡换身衣服...不对，这样子就赶不上电车了！","replyDepth":0,"type":"chat","sCharacter":{"no":"早濑优香","index":"CH0184_BG"},"file":""},{"file":"GameData/BLDA/CharFace/CH0184/4.webp","content":"CharFace","replyDepth":0,"type":"image","sCharacter":{"no":"早濑优香","index":"CH0184_BG"}},{"content":"只，只好先过去了...爱丽丝，现在赶紧跟我过来！","replyDepth":0,"type":"chat","sCharacter":{"no":"早濑优香","index":"CH0184_BG"},"isFirst":false,"name":"","isLeft":true,"isCenter":false,"isRight":false,"is_breaking":false,"file":"","time":"","style":false},{"content":"诺亚，帮我看好剩下的人！","replyDepth":0,"type":"chat","sCharacter":{"no":"早濑优香","index":"CH0184_BG"},"file":""},{"content":"邦邦咔邦，爱丽丝接到了来自大魔王的请求！","replyDepth":0,"type":"chat","sCharacter":{"no":"天童爱丽丝","index":"CH0200_BG"},"file":""},{"content":"现在，不得不出发，要暂时脱离小队了！","replyDepth":0,"type":"chat","sCharacter":{"no":"天童爱丽丝","index":"CH0200_BG"},"file":""},{"content":"各位，等爱丽丝的好消息吧！","replyDepth":0,"type":"chat","sCharacter":{"no":"天童爱丽丝","index":"CH0200_BG"},"file":""},{"file":"GameData/BLDA/CharFace/CH0200/5.webp","content":"CharFace","replyDepth":0,"type":"image","sCharacter":{"no":"天童爱丽丝","index":"CH0200_BG"}},{"content":"爱丽丝跟在优香后面，离开了房间","replyDepth":0,"type":"info","sCharacter":{"no":"天童爱丽丝","index":"CH0200_BG"},"isFirst":false,"name":"","isLeft":false,"isCenter":true,"isRight":false,"is_breaking":false,"file":"","time":"","style":false},{"content":"收到了，优香酱~","replyDepth":0,"type":"chat","sCharacter":{"no":"生盐诺亚","index":"NP0043_BG"},"file":""},{"content":"我会好好看着她们的哦","replyDepth":0,"type":"chat","sCharacter":{"no":"生盐诺亚","index":"NP0043_BG"},"file":""},{"file":"GameData/BLDA/CharFace/NP0043/3.webp","content":"CharFace","replyDepth":0,"type":"image","sCharacter":{"no":"生盐诺亚","index":"NP0043_BG"}},{"content":"等，等等，为什么爱丽丝可以跟着优香走啊？","replyDepth":0,"type":"chat","sCharacter":{"no":"才羽桃井","index":"CH0201_BG"},"file":""},{"file":"GameData/BLDA/CharFace/CH0201/4.webp","content":"CharFace","replyDepth":0,"type":"image","sCharacter":{"no":"才羽桃井","index":"CH0201_BG"}},{"content":"因为爱丽丝酱是后天夏莱的值日生哦","replyDepth":0,"type":"chat","sCharacter":{"no":"生盐诺亚","index":"NP0043_BG"},"file":""},{"content":"看优香酱刚刚的反应，似乎是要让这周所有的值日生都要过去集合呢","replyDepth":0,"type":"chat","sCharacter":{"no":"生盐诺亚","index":"NP0043_BG"},"file":""},{"file":"GameData/BLDA/CharFace/NP0043/7.webp","content":"CharFace","replyDepth":0,"type":"image","sCharacter":{"no":"生盐诺亚","index":"NP0043_BG"}},{"content":"那，那我们...","replyDepth":0,"type":"chat","sCharacter":{"no":"才羽绿","index":"CH0202_BG"},"isFirst":false,"name":"","isLeft":true,"isCenter":false,"isRight":false,"is_breaking":false,"file":"","time":"","style":false},{"content":"至于，你们嘛...既然优香酱让我好好看着你们...","replyDepth":0,"type":"chat","sCharacter":{"no":"生盐诺亚","index":"NP0043_BG"},"file":""},{"file":"GameData/BLDA/CharFace/NP0043/3.webp","content":"CharFace","replyDepth":0,"type":"image","sCharacter":{"no":"生盐诺亚","index":"NP0043_BG"}},{"content":"那还请继续进行义务打扫吧","replyDepth":0,"type":"chat","sCharacter":{"no":"生盐诺亚","index":"NP0043_BG"},"file":""},{"content":"哈，不是吧，我们还要像现在接着扫整整三天的地啊！","replyDepth":0,"type":"chat","sCharacter":{"no":"才羽桃井","index":"CH0201_BG"},"file":""},{"file":"GameData/BLDA/CharFace/CH0201/9.webp","content":"CharFace","replyDepth":0,"type":"image","sCharacter":{"no":"才羽桃井","index":"CH0201_BG"}},{"content":"呜呜，不要啊啊啊——","replyDepth":0,"type":"chat","sCharacter":{"no":"才羽桃井","index":"CH0201_BG"},"file":""},{"content":"202x.9.16 11:04:48 夏莱大楼 会议室内\n大家陆陆续续来到了夏莱","replyDepth":0,"type":"info","sCharacter":{"no":"生盐诺亚","index":"NP0043_BG"},"isFirst":false,"name":"","isLeft":false,"isCenter":true,"isRight":false,"is_breaking":false,"file":"","time":"","style":false},{"content":"老师，按照安排，本周的值日生已经全部集合完毕，等候老师您的安排","replyDepth":0,"type":"chat","sCharacter":{"no":"天雨亚子","index":"NP0019_BG"},"file":""},{"file":"GameData/BLDA/CharFace/ako/0.webp","content":"CharFace","replyDepth":0,"type":"image","sCharacter":{"no":"天雨亚子","index":"NP0019_BG"}},{"content":"好的，辛苦了，亚子","replyDepth":0,"type":"chat","sCharacter":{"no":0,"index":"1"},"file":""}],"MoeTalk":"4-1"}