{"Char":["20240125194638_CUS","20240125194722_CUS","20240125194744_CUS","20240125194758_CUS","20240125194833_CUS","20240125194933_CUS","20240125194950_CUS","20240125195005_CUS","20240125195018_CUS","20240125195034_CUS","20240125195049_CUS","20240125195103_CUS","20240125195115_CUS","20240125195138_CUS","20240125195156_CUS","20240125195421_CUS","20240227075850_CUS","20240304205301_CUS","20240315213821_CUS","20240402232930_CUS","20240403193151_CUS","20240405222159_CUS","20240506223619_0_CUS","20240506223619_1_CUS","20240506223619_2_CUS","20240506223619_CUS","20240506223717_CUS","20240507212709_CUS","20240507213507_CUS","20240507213600_CUS","20240507213629_CUS","20240507213657_CUS","20240507213732_CUS","20240507213943_CUS","20240507214005_CUS","20240507214030_CUS","20240507214057_CUS","20240507214128_CUS","20240507214215_CUS","20240507214250_CUS","20240507214351_CUS","20240507214434_CUS","20240507214500_CUS","20240507214534_CUS","20240507215415_CUS","20240507215442_CUS","20240507231547_CUS","20240507231715_0_CUS","20240507231818_CUS","20240507231832_0_CUS","20240507231843_CUS","20240507231857_CUS","20240507231917_CUS","20240507231932_0_CUS","20240507231942_0_CUS","20240507232013_CUS","20240507232036_0_CUS","20240507232057_0_CUS","20240507232117_0_CUS","20240507232131_0_CUS","20240507232157_0_CUS","20240507232208_0_CUS","boss102","boss103","boss208_01","di18","girl001","girl001_01","girl001_02","girl001a","girl001a_03_gacha","girl001a_gacha","girl002","girl002_01","girl002a","girl002a_01_q","girl002a_02","girl002a_02_gacha","girl002a_03_gacha","girl002a_gacha","girl002b","girl002b_02_gacha","girl002b_gacha","girl003","girl003_01","girl003a","girl003a_02_gacha","girl003a_03_gacha","girl003a_gacha","girl004","girl004_01","girl004_02","girl004a","girl004a_02_gacha","girl004a_03_gacha","girl004a_gacha","girl004b","girl004b_02","girl004b_04_gacha","girl004b_gacha","girl005","girl005_01","girl005a","girl005a_01_q","girl005a_03_gacha","girl005a_gacha","girl005b","girl005b_02","girl005b_02_gacha","girl005b_03","girl005b_gacha","girl006","girl006_01","girl006a","girl006a_02_gacha","girl006a_gacha","girl007","girl007_01","girl007_02","girl007a","girl007a_02_gacha","girl007a_03","girl007a_04","girl007a_05_gacha","girl007a_gacha","girl008","girl008_01","girl008_02","girl008a","girl008a_01_q","girl008a_03_gacha","girl008a_04_gacha","girl008a_gacha","girl008b","girl008b_02","girl008b_03_gacha","girl008b_gacha","girl008c","girl008c_02","girl008c_02_gacha","girl008c_gacha","girl010","girl010_01","girl010a","girl010a_03_gacha","girl010a_04_gacha","girl010a_gacha","girl010b","girl010b_02_gacha_01","girl010b_03_gacha","girl010b_gacha","girl011","girl011_01","girl011_02","girl011_02_gacha","girl011a","girl011a_02_gacha","girl011a_03","girl011a_03_gacha","girl011a_gacha","girl011b","girl011b_02_gacha","girl011b_03_gacha","girl011b_gacha","girl012","girl012_01","girl012a","girl012a_02","girl012a_02_gacha","girl012a_gachastand","girl013","girl013_01","girl013_02","girl013a","girl013a_02","girl013a_04_gacha","girl013a_gacha","girl013b","girl013b_02","girl013b_02_gacha","girl013b_gacha","girl014","girl014_01","girl014a","girl014a_03","girl014a_03_gacha","girl014a_04_gacha","girl014a_gacha","girl014b","girl014b_02_gacha","girl014b_03_gacha","girl014b_gacha","girl015","girl015_01","girl015_02_gacha","girl015_04_gacha","girl015_gacha","girl015a","girl015a_02","girl015a_02_gacha","girl015a_04_gacha","girl015a_gacha","girl015b","girl015b_02_gacha","girl015b_gacha","girl016","girl016_01","girl016_02_gacha","girl016_03","girl016_04_gacha","girl016_gacha","girl017","girl017_01","girl017_02_gacha","girl017_03","girl017_gacha","girl017a","girl017a_02_gacha","girl017a_gacha","girl018","girl018_01","girl018_02_gacha","girl018_03_gacha","girl018_gacha","girl018a","girl018a_02_gacha","girl018a_03","girl018a_03_gacha","girl018a_gacha","girl020","girl020_01","girl020_02_gacha","girl020_03_gacha","girl020_gacha","girl021","girl021_01","girl021_02_gacha","girl021_03","girl021_03_gacha","girl021_gacha","girl022","girl022_01","girl022_02_gacha","girl022_gacha","mon110","mon505","npc001","npc002","npc003","npc004","npc005","npc006","npc007","npc008","npc009","npc010","npc011","npc012","npc013","npc015","npc016","npc017","npc018","npc019","npc020","npc021","npc022","npc023","npc024","npc025","npc026","npc027","npc028","npc029","npc029_02","npc030","npc031","npc032","npc033","npc034","npc035","npc035_01","npc036","npc037","npc038","npc038_01","npc039","npc040","npc041","npc042","npc043","npc044","npc045","npc046","npc047","npc048","npc049","npc051","npc052","npc053","npc054","npc055","npc056","npc057","npc058","npc059","npc060","npc061","npc062","npc063","npc064","npc065","npc067","npc068","npc069","npc069_2","npc070","npc071","npc072","npc073","npc074","npc075","npc076","npc077","npc078","npc079","npc081","npc082","npc083","npc084","npc085","npc086","npc087","npc088","npc089","npc090","npc091","npc092","npc093","npc094","npc095","npc096","npc097","npc098","npc405_01_q","pic_dlc30newstar"],"CharFace":{"boss102":["stand"],"boss103":["bengkui","nuyi","sikao","stand","stand_bengkui","stand_fennu","stand_yansu","xiao","xingli","yinyu","zhenjing"],"boss208_01":["stand"],"di18":["jb_hou","jb_loop","jb_qian","normal_hou","normal_qian","normal_stand"],"girl001":["dazhaohu","guzhang","knife","konghe","stand","stand_luomo","xiao","yihuo"],"girl001_01":["dazhaohu","stand","stand_luomo","yihuo"],"girl001_02":["dazhaohu","guzhang","knife","konghe","stand","stand_luomo","xiao","yihuo"],"girl001a":["dazhaohu","guzhang","knife","konghe","stand","stand_luomo","xiao","yihuo"],"girl001a_03_gacha":["gachastand_0","gachastand_1","gachastand_10","gachastand_11","gachastand_12","gachastand_13","gachastand_2","gachastand_3","gachastand_4","gachastand_5","gachastand_6","gachastand_7","gachastand_8","gachastand_9"],"girl001a_gacha":["gachaidel01_0","gachaidel01_1","gachaidel01_2","gachaidel01_3","gachaidel01_4","gachaidle_1","gachaidle_2","gachaidle_3","gachaidle_4","gachaidle_5","gachaidle_6","gachaidle_7","gachaidle_8","gachaidle_9","gachastand_1","gachastand_2"],"girl002":["bunai","fennu","hou","huanying","jianding","jingya","qian","shikong","sikao","stand","stand_pose","stand_smile","stand_watermelon","tongku"],"girl002_01":["bunai","fennu","hou","huanying","jianding","jingya","qian","shikong","sikao","stand","stand_smile","tongku"],"girl002a":["bunai","fennu","hou","huanying","jianding","jingya","qian","shikong","sikao","stand","stand_smile","tongku"],"girl002a_01_q":["hello","stand","stand_bunai","stand_haixiu","stand_jingya","stand_sikao","stand_weixiao"],"girl002a_02":["bunaifan","fennu","haixiu","hou","huanying","jianding","jingya","qian","shikong","sikao","stand","stand_smile","tongku"],"girl002a_02_gacha":["gachaidle_0","gachaidle_1","gachaidle_10","gachaidle_2","gachaidle_3","gachaidle_4","gachaidle_5","gachaidle_6","gachaidle_7","gachaidle_8","gachaidle_9","gachastand_1","gachastand_2","gachastand_3","gachastand_4","gachastand_5","gachastand_6","gachastand_7"],"girl002a_03_gacha":["gachastand_0","gachastand_1","gachastand_2","gachastand_3","gachastand_4","gachastand_5"],"girl002a_gacha":["gachaidle_0","gachaidle_1","gachaidle_10","gachaidle_11","gachaidle_12","gachaidle_2","gachaidle_3","gachaidle_4","gachaidle_5","gachaidle_6","gachaidle_7","gachaidle_8","gachaidle_9","gachastand_1","gachastand_2"],"girl002b":["bunai","fennu","hou","huanying","jianding","jingya","qian","shikong","sikao","stand","stand_pose","stand_smile","tongku"],"girl002b_02_gacha":["gachaidle_0","gachaidle_1","gachaidle_10","gachaidle_11","gachaidle_12","gachaidle_13","gachaidle_14","gachaidle_15","gachaidle_16","gachaidle_2","gachaidle_3","gachaidle_4","gachaidle_5","gachaidle_6","gachaidle_7","gachaidle_8","gachaidle_9","gachastand_0","gachastand_1","gachastand_2","gachastand_3","gachastand_4","gachastand_5","gachastand_6","gachastand_7"],"girl002b_gacha":["gachastand_0","gachastand_1","gachastand_2","gachastand_3","gachastand_4","gachastand_5"],"girl003":["buman","deyi","ganga","hou","jingya","nuyi","qian","stand","stand_beishang","stand_deyi","stand_haixiu1","stand_haixiu2","stand_jingya","stand_kuxiao","stand_nuyi","stand_qinshi","stand_yansu"],"girl003_01":["buman","deyi","ganga","hou","jingya","nuyi","qian","stand","stand_beishang","stand_deyi","stand_haixiu1","stand_haixiu2","stand_jingya","stand_kuxiao","stand_nuyi","stand_qinshi","stand_yansu"],"girl003a":["buman","deyi","ganga","hou","jingya","nuyi","qian","stand","stand_beishang","stand_deyi","stand_haixiu1","stand_haixiu2","stand_jingya","stand_kuxiao","stand_nuyi","stand_qinshi","stand_yansu"],"girl003a_02_gacha":["gachaidle_0","gachaidle_1","gachaidle_2","gachaidle_3","gachaidle_4","gachaidle_5","gachastand_0","gachastand_1","gachastand_2","gachastand_3","gachastand_4","gachastand_5"],"girl003a_03_gacha":["gachastand_0","gachastand_1","gachastand_10","gachastand_11","gachastand_2","gachastand_3","gachastand_4","gachastand_5","gachastand_6","gachastand_7","gachastand_8","gachastand_9"],"girl003a_gacha":["gachastand_0","gachastand_1","gachastand_2"],"girl004":["deyi","diluo","fennu","jingya","kaixin","sikao","stand","stand_chuanqi","stand_deyi","stand_diluo","stand_fennu","stand_jingya","stand_kaixin","stand_sikao","stand_xianqi","stand_yansu","xianqi"],"girl004_01":["deyi","diluo","fennu","jingya","kaixin","sikao","stand","stand_chuanqi","stand_deyi","stand_diluo","stand_fennu","stand_jingya","stand_kaixin","stand_sikao","stand_xianqi","stand_yansu","xianqi"],"girl004_02":["deyi","diluo","fennu","jingya","kaixin","sikao","stand","stand_chuanqi","stand_deyi","stand_diluo","stand_fennu","stand_jingya","stand_kaixin","stand_sikao","stand_xianqi","stand_yansu","xianqi"],"girl004a":["deyi","diluo","fennu","jingya","kaixin","sikao","stand","stand_chuanqi","stand_deyi","stand_diluo","stand_fennu","stand_jingya","stand_kaixin","stand_sikao","stand_xianqi","stand_yansu","xianqi"],"girl004a_02_gacha":["gachastand_0","gachastand_1","gachastand_2","gachastand_3","gachastand_4","gachastand_5","gachastand_6","gachastand_7"],"girl004a_03_gacha":["gachastand_0","gachastand_1","gachastand_2","gachastand_3","gachastand_4","gachastand_5","gachastand_6","gachastand_7","gachastand_8"],"girl004a_gacha":["gachaidle_0","gachaidle_1","gachaidle_10","gachaidle_11","gachaidle_12","gachaidle_13","gachaidle_2","gachaidle_3","gachaidle_4","gachaidle_5","gachaidle_6","gachaidle_7","gachaidle_8","gachaidle_9","gachastand_0","gachastand_2"],"girl004b":["deyi","diluo","fennu","jingya","kaixin","sikao","stand","stand_chuanqi","stand_deyi","stand_diluo","stand_fennu","stand_jingya","stand_kaixin","stand_sikao","stand_xianqi","stand_yansu","xianqi"],"girl004b_02":["stand"],"girl004b_04_gacha":["gachastand_0","gachastand_1","gachastand_2","gachastand_3","gachastand_4","gachastand_5","gachastand_6","gachastand_7"],"girl004b_gacha":["gachastand_0","gachastand_1","gachastand_2"],"girl005":["haixiu","huangzhang","huanxi","jiangshu","jingya","stand","stand_cry","stand_yuyue","tengtong","xiao","yihuo"],"girl005_01":["haixiu","huangzhang","huanxi","jiangshu","jingya","stand","stand_cry","stand_yuyue","tengtong","xiao"],"girl005a":["haixiu","huangzhang","huanxi","jiangshu","jingya","stand","stand_cry","stand_yuyue","tengtong","xiao","yihuo"],"girl005a_01_q":["hello","stand","stand_bunai","stand_haixiu","stand_jingya","stand_sikao","stand_weixiao"],"girl005a_03_gacha":["gachastand_0","gachastand_1","gachastand_10","gachastand_11","gachastand_12","gachastand_13","gachastand_2","gachastand_3","gachastand_4","gachastand_5","gachastand_6","gachastand_7","gachastand_8","gachastand_9"],"girl005a_gacha":["gachaidle_0","gachaidle_1","gachaidle_2","gachaidle_3","gachaidle_4","gachaidle_5","gachaidle_6","gachaidle_7","gachaidle_8","gachaidle_9","gachastand_1","gachastand_2"],"girl005b":["haixiu","huangzhang","huanxi","jiangshu","jingya","stand","stand_cry","stand_yuyue","tengtong","xiao","yihuo"],"girl005b_02":["haixiu","huangzhang","huanxi","jiangshu","jingya","stand","stand_cry","stand_yuyue","tengtong","xiao","yihuo"],"girl005b_02_gacha":["gachaidle_0","gachaidle_1","gachaidle_10","gachaidle_11","gachaidle_12","gachaidle_2","gachaidle_3","gachaidle_4","gachaidle_5","gachaidle_6","gachaidle_7","gachaidle_8","gachaidle_9","gachastand_0","gachastand_3","gachastand_4","gachastand_5"],"girl005b_03":["gachaidle_0","gachaidle_1","gachaidle_2","gachaidle_3","gachaidle_4","gachaidle_5","gachaidle_6","gachaidle_7","gachaidle_8","gachastand_0","gachastand_1","gachastand_2","gachastand_3","gachastand_4","gachastand_5"],"girl005b_gacha":["stand_0","stand_1","stand_2","stand_3","stand_4","stand_5"],"girl006":["bunai","fennu","jiancha","sikao","stand","stand_fennu","stand_haixiu01","stand_haixiu02","stand_sad","stand_shenge","stand_watermelon","stand_xiunu","weixiao","zhishuang"],"girl006_01":["bunai","fennu","jiancha","sikao","stand","stand_fennu","stand_haixiu01","stand_haixiu02","stand_sad","stand_shenge","stand_xiunu","weixiao","zhishuang"],"girl006a":["bunai","fennu","jiancha","sikao","stand","stand_fennu","stand_haixiu01","stand_haixiu02","stand_sad","stand_shenge","stand_xiunu","weixiao","zhishuang"],"girl006a_02_gacha":["111_0","gachastand_0","gachastand_1","gachastand_2","gachastand_3","gachastand_4","gachastand_5","gachastand_6","gachastand_7"],"girl006a_gacha":["gachastand_0","gachastand_1","gachastand_2"],"girl007":["aishang","duibuqi","haixiu","jingya","loop","stand","stand_beishang","stand_leiyan","stand_qinshi","stand_weixiao","stand_xiao","stand_yansu","xiexie"],"girl007_01":["stand","stand_buxie","stand_fennu","stand_kuxiao","stand_nakan","stand_weixiao"],"girl007_02":["aishang","duibuqi","haixiu","stand","stand_beishang","stand_leiyan","stand_qinshi","stand_weixiao","stand_xiao","stand_yansu","xiexie"],"girl007a":["aishang","duibuqi","haixiu","stand","stand_beishang","stand_leiyan","stand_qinshi","stand_weixiao","stand_xiao","stand_yansu","xiexie"],"girl007a_02_gacha":["gachastand_0","gachastand_1","gachastand_2","gachastand_3","gachastand_4","gachastand_5","gachastand_6","gachastand_7","gachastand_8","gachastand_9"],"girl007a_03":["stand","stand_buxie","stand_fennu","stand_kuxiao","stand_nakan","stand_weixiao"],"girl007a_04":["aishang","duibuqi","haixiu","stand","stand_beishang","stand_leiyan","stand_qinshi","stand_weixiao","stand_xiao","stand_yansu","xiexie"],"girl007a_05_gacha":["gachaidle_0","gachaidle_1","gachaidle_10","gachaidle_2","gachaidle_3","gachaidle_4","gachaidle_5","gachaidle_6","gachaidle_7","gachaidle_8","gachaidle_9","gachastand_0","gachastand_1","gachastand_2","gachastand_3","gachastand_4","gachastand_5"],"girl007a_gacha":["gachastand_0","gachastand_1","gachastand_2","gachastand_3","gachastand_4","gachastand_5","gachastand_6","gachastand_7"],"girl008":["fennu","gaoao","jingya","shaxiao","stand","stand_yansu","stand_youchou","tiaokan","wink","xiao","zhaoji","zhiyi"],"girl008_01":["fennu","gaoao","jingya","shaxiao","stand","stand_lianhong","stand_yansu","stand_youchou","tiaokan","wink","xiao","zhaoji","zhiyi"],"girl008_02":["fennu","gaoao","jingya","shaxiao","stand","stand_yansu","stand_youchou","tiaokan","wink","xiao","zhaoji","zhiyi"],"girl008a":["fennu","gaoao","jingya","shaxiao","stand","stand_yansu","stand_youchou","tiaokan","wink","xiao","zhaoji","zhiyi"],"girl008a_01_q":["hello","stand","stand_bunai","stand_haixiu","stand_jingya","stand_sikao","stand_weixiao"],"girl008a_03_gacha":["gachastand_0","gachastand_1","gachastand_2","gachastand_3","gachastand_4","gachastand_5"],"girl008a_04_gacha":["gachaidle_0","gachaidle_1","gachaidle_2","gachaidle_3","gachaidle_4","gachaidle_5","gachastand_0","gachastand_1","gachastand_2"],"girl008a_gacha":["gachastand_0","gachastand_1","gachastand_2"],"girl008b":["fennu","gaoao","jingya","shaxiao","stand","stand_lianhong","stand_yansu","stand_youchou","tiaokan","wink","xiao","zhaoji","zhiyi"],"girl008b_02":["idle","stand"],"girl008b_03_gacha":["gachastand_0","gachastand_1","gachastand_10","gachastand_2","gachastand_3","gachastand_4","gachastand_5","gachastand_6","gachastand_7","gachastand_8","gachastand_9"],"girl008b_gacha":["gachastand_0","gachastand_1","gachastand_2","gachastand_3","gachastand_4","gachastand_5"],"girl008c":["fennu","gaoao","jingya","shaxiao","stand","stand_lianhong","stand_yansu","stand_youchou","tiaokan","wink","xiao","zhaoji","zhiyi"],"girl008c_02":["stand","stand_lianhong","stand_yansu","stand_youchou"],"girl008c_02_gacha":["gachaidle_0","gachaidle_1","gachaidle_2","gachaidle_3","gachaidle_4","gachaidle_5","gachastand_1","gachastand_2","gachastand_3","gachastand_4","gachastand_5"],"girl008c_gacha":["gachastand_0","gachastand_1","gachastand_2","gachastand_3","gachastand_4","gachastand_5"],"girl010":["jingya","kaixin","kun","shangxin","shengqi","stand","stand_beishang","stand_danxin","stand_haixiu","stand_jianding","stand_jingti","stand_jingya","stand_jinzhang","stand_qidai","stand_shayi","stand_xiunao","stand_xuruo","xingfen"],"girl010_01":["jingya","kaixin","kun","shangxin","shengqi","stand","stand_beishang","stand_danxin","stand_haixiu","stand_jianding","stand_jingti","stand_jingya","stand_jinzhang","stand_qidai","stand_shayi","stand_xiunao","stand_xuruo","xingfen"],"girl010a":["jingya","kaixin","kun","shangxin","shengqi","stand","stand_beishang","stand_danxin","stand_haixiu","stand_jianding","stand_jingti","stand_jingya","stand_jinzhang","stand_qidai","stand_shayi","stand_xiunao","stand_xuruo","xingfen"],"girl010a_03_gacha":["gachaidle_0","gachaidle_1","gachaidle_2","gachaidle_3","gachaidle_4","gachaidle_5","gachaidle_6","gachaidle_7","gachastand_1","gachastand_2","gachastand_3","gachastand_4","gachastand_5","gachastand_6","gachastand_7"],"girl010a_04_gacha":["01_0","01_1","01_2","01_3","01_4","01_5","02_0","02_1","02_2","02_3","02_4","02_5","he_0","he_10","he_11","he_12","he_13","he_14","he_15","he_3","he_4","he_5","he_6","he_7","he_8","he_9"],"girl010a_gacha":["gachaidle_0","gachaidle_1","gachaidle_2","gachaidle_3","gachaidle_4","gachaidle_5","gachaidle_6","gachaidle_7","gachaidle_8","gachaidle_9","gachastand_1","gachastand_2"],"girl010b":["jingya","kaixin","kun","shangxin","shengqi","stand","stand_beishang","stand_danxin","stand_haixiu","stand_jianding","stand_jingti","stand_jingya","stand_jinzhang","stand_qidai","stand_shayi","stand_xiunao","stand_xuruo","xingfen"],"girl010b_02_gacha_01":["idle_0","idle_1","idle_10","idle_11","idle_2","idle_3","idle_4","idle_5","idle_6","idle_7","idle_8","idle_9","stand2_0","stand2_1","stand2_10","stand2_11","stand2_12","stand2_13","stand2_14","stand2_15","stand2_16","stand2_17","stand2_18","stand2_19","stand2_2","stand2_3","stand2_4","stand2_5","stand2_6","stand2_7","stand_0","stand_5","stand_6","stand_7"],"girl010b_03_gacha":["gachastand_0","gachastand_1","gachastand_10","gachastand_2","gachastand_3","gachastand_4","gachastand_5","gachastand_6","gachastand_7","gachastand_8","gachastand_9"],"girl010b_gacha":["stand_0","stand_1","stand_2"],"girl011":["jingya","kunrao","kuxiao","mengdao","sikao","stand","stand_jingya","stand_kunrao","stand_kuxiao","stand_sad","stand_sikao","stand_xiao","stand_yansu","xiao","yansu"],"girl011_01":["jingya","kunrao","kuxiao","mengdao","sikao","stand","stand_jingya","stand_kunrao","stand_kuxiao","stand_sad","stand_sikao","stand_xiao","stand_yansu","xiao","yansu"],"girl011_02":["jingya","kunrao","kuxiao","mengdao","sikao","stand","stand_jingya","stand_kunrao","stand_kuxiao","stand_sad","stand_sikao","stand_xiao","stand_yansu","xiao","yansu"],"girl011_02_gacha":["gachastand_0","gachastand_1","gachastand_2","gachastand_3","gachastand_4","gachastand_5","gachastand_6","gachastand_7"],"girl011a":["jingya","kunrao","kuxiao","mengdao","sikao","stand","stand_jingya","stand_kunrao","stand_kuxiao","stand_sad","stand_sikao","stand_xiao","stand_yansu","xiao","yansu"],"girl011a_02_gacha":["gachaidle_0","gachaidle_1","gachaidle_2","gachaidle_3","gachaidle_4","gachaidle_5","gachaidle_6","gachaidle_7","gachaidle_8","gachastand_1","gachastand_2"],"girl011a_03":["jingya","kunrao","kuxiao","mengdao","sikao","stand","stand_jingya","stand_kunrao","stand_kuxiao","stand_sad","stand_sikao","stand_xiao","stand_yansu","xiao","yansu"],"girl011a_03_gacha":["gachaidle_0","gachaidle_1","gachaidle_2","gachaidle_3","gachaidle_4","gachaidle_5","gachaidle_6","gachaidle_7"],"girl011a_gacha":["gachastand_0","gachastand_1","gachastand_2","gachastand_3","gachastand_4","gachastand_5","gachastand_6","gachastand_7"],"girl011b":["jingya","kunrao","kuxiao","mengdao","sikao","stand","stand_jingya","stand_kunrao","stand_kuxiao","stand_sad","stand_sikao","stand_xiao","stand_yansu","xiao","yansu"],"girl011b_02_gacha":["gachaidle_0","gachaidle_1","gachaidle_2","gachaidle_3","gachaidle_4","gachaidle_5","gachastand_0","gachastand_1","gachastand_2","gachastand_3","gachastand_4","gachastand_5"],"girl011b_03_gacha":["gachastand_0","gachastand_1","gachastand_10","gachastand_2","gachastand_3","gachastand_4","gachastand_5","gachastand_6","gachastand_7","gachastand_8","gachastand_9"],"girl011b_gacha":["gachastand_0","gachastand_1","gachastand_2"],"girl012":["huangrandawu","leida","naobieniu","stand","stand_haixiu","stand_hanhan","stand_kaixin","stand_nuyi","stand_shenge","stand_tanqi","stand_weixiao","weixiao","yihuo"],"girl012_01":["huangrandawu","leida","naobieniu","stand","stand_haixiu","stand_hanhan","stand_kaixin","stand_nuyi","stand_shenge","stand_tanqi","stand_weixiao","weixiao","yihuo","zhayan"],"girl012a":["huangrandawu","leida","naobieniu","stand","stand_haixiu","stand_hanhan","stand_kaixin","stand_nuyi","stand_shenge","stand_tanqi","stand_weixiao","weixiao","yihuo"],"girl012a_02":["huangrandawu","leida","naobieniu","stand","stand_haixiu","stand_hanhan","stand_kaixin","stand_nuyi","stand_shenge","stand_tanqi","stand_weixiao","weixiao","yihuo"],"girl012a_02_gacha":["gachaidle_0","gachaidle_1","gachaidle_2","gachaidle_3","gachaidle_4","gachaidle_5","gachastand_0","gachastand_1","gachastand_2","gachastand_3","gachastand_4","gachastand_5","gachastand_6","gachastand_7"],"girl012a_gachastand":["gachastand_0","gachastand_1","gachastand_2","gachastand_3","gachastand_4","gachastand_5","gachastand_6","gachastand_7"],"girl013":["beishang","haixiu","jingjie","jingya","meng","qingsong","sikao","stand","stand_diluo","stand_jianding","stand_kunhuo","stand_lianhong","stand_weixiao","xiao"],"girl013_01":["beishang","haixiu","jingjie","jingya","meng","qingsong","sikao","stand","stand_diluo","stand_jianding","stand_kunhuo","stand_lianhong","stand_weixiao","xiao"],"girl013_02":["beishang","haixiu","jingjie","jingya","meng","qingsong","sikao","stand","stand_diluo","stand_jianding","stand_kunhuo","stand_lianhong","stand_weixiao","xiao"],"girl013a":["beishang","haixiu","jingjie","jingya","meng","qingsong","sikao","stand","stand_diluo","stand_jianding","stand_kunhuo","stand_lianhong","stand_weixiao","xiao"],"girl013a_02":["02stand"],"girl013a_04_gacha":["stand_0","stand_1","stand_2","stand_3","stand_4","stand_5","stand_6","stand_7"],"girl013a_gacha":["stand_0","stand_1","stand_2","stand_3","stand_4","stand_5"],"girl013b":["beishang","haixiu","jingjie","jingya","meng","qingsong","sikao","stand","stand_diluo","stand_jianding","stand_kunhuo","stand_lianhong","stand_weixiao","xiao"],"girl013b_02":["stand","stand_diluo","stand_jianding","stand_kunhuo","stand_lianhong","stand_weixiao"],"girl013b_02_gacha":["gachaidle_0","gachaidle_1","gachaidle_2","gachaidle_3","gachaidle_4","gachaidle_5","gachastand_1","gachastand_2","gachastand_3","gachastand_4","gachastand_5","gachastand_6","gachastand_7"],"girl013b_gacha":["gachastand_0","gachastand_1","gachastand_10","gachastand_2","gachastand_3","gachastand_4","gachastand_5","gachastand_6","gachastand_7","gachastand_8","gachastand_9"],"girl014":["fufa","jingya","loop","shengqi","sikao","stand","stand_beishang","stand_danxin","stand_fennu","stand_haixiu","stand_haixiu2","stand_jianding","stand_jingti","stand_jingya","stand_jinzhang","stand_qidai","stand_shayi","stand_xinxu","stand_xiunao","stand_xuruo","weiqu","xiao","zhuiyi"],"girl014_01":["fufa","jingya","shengqi","sikao","stand","stand_beishang","stand_danxin","stand_fennu","stand_haixiu","stand_haixiu2","stand_jianding","stand_jingti","stand_jingya","stand_jinzhang","stand_qidai","stand_shayi","stand_xinxu","stand_xiunao","stand_xuruo","weiqu","xiao","zhuiyi"],"girl014a":["fufa","jingya","loop","shengqi","sikao","stand","stand_beishang","stand_danxin","stand_fennu","stand_haixiu","stand_haixiu2","stand_jianding","stand_jingti","stand_jingya","stand_jinzhang","stand_qidai","stand_shayi","stand_xinxu","stand_xiunao","stand_xuruo","weiqu","xiao","zhuiyi"],"girl014a_03":["fufa","jingya","loop","shengqi","sikao","stand","stand_beishang","stand_danxin","stand_fennu","stand_haixiu","stand_haixiu2","stand_jianding","stand_jingti","stand_jingya","stand_jinzhang","stand_qidai","stand_shayi","stand_xinxu","stand_xiunao","stand_xuruo","weiqu","xiao","zhuiyi"],"girl014a_03_gacha":["gachaidle_0","gachaidle_1","gachaidle_10","gachaidle_11","gachaidle_12","gachaidle_13","gachaidle_14","gachaidle_15","gachaidle_2","gachaidle_3","gachaidle_4","gachaidle_5","gachaidle_6","gachaidle_7","gachaidle_8","gachaidle_9","gachastand_1","gachastand_10","gachastand_11","gachastand_12","gachastand_13","gachastand_14","gachastand_15","gachastand_2","gachastand_3","gachastand_4","gachastand_5","gachastand_6","gachastand_7","gachastand_8","gachastand_9"],"girl014a_04_gacha":["gachaidle_0","gachaidle_1","gachaidle_10","gachaidle_11","gachaidle_12","gachaidle_13","gachaidle_14","gachaidle_15","gachaidle_16","gachaidle_17","gachaidle_2","gachaidle_3","gachaidle_4","gachaidle_5","gachaidle_6","gachaidle_7","gachaidle_8","gachaidle_9"],"girl014a_gacha":["gachaidle_0","gachaidle_1","gachaidle_10","gachaidle_11","gachaidle_12","gachaidle_13","gachaidle_2","gachaidle_3","gachaidle_4","gachaidle_5","gachaidle_6","gachaidle_7","gachaidle_8","gachaidle_9","gachastand_1","gachastand_2"],"girl014b":["fufa","jingya","shengqi","sikao","stand","stand_beishang","stand_danxin","stand_fennu","stand_haixiu","stand_haixiu2","stand_jianding","stand_jingti","stand_jingya","stand_jinzhang","stand_qidai","stand_shayi","stand_xinxu","stand_xiunao","stand_xuruo","weiqu","xiao","zhuiyi"],"girl014b_02_gacha":["idle_0","idle_1","idle_2","idle_3","idle_4","idle_5","idle_6","idle_7","stand_0","stand_1","stand_2"],"girl014b_03_gacha":["gachastand_0","gachastand_1","gachastand_2","gachastand_3","gachastand_4","gachastand_5","gachastand_6","gachastand_7","gachastand_8"],"girl014b_gacha":["stand_0","stand_1","stand_2"],"girl015":["aishang","fennu","jingya","stand","stand_aishang","stand_fennu","stand_jingya","stand_weixiao","stand_xingfen","stand_yansu","weixiao","xinfen"],"girl015_01":["aishang","fennu","jingya","stand","stand_aishang","stand_fennu","stand_jingya","stand_weixiao","stand_xingfen","stand_yansu","weixiao","xinfen"],"girl015_02_gacha":["gachaidle_0","gachaidle_1","gachaidle_2","gachaidle_3","gachaidle_4","gachaidle_5","gachaidle_6","gachaidle_7","gachaidle_8","gachastand_0","gachastand_1","gachastand_2","gachastand_3","gachastand_4","gachastand_5"],"girl015_04_gacha":["gachaidle_0","gachaidle_1","gachaidle_2","gachaidle_3","gachaidle_4","gachaidle_5","gachaidle_6","gachaidle_7","gachaidle_8","gachastand_1","gachastand_2","gachastand_3","gachastand_4","gachastand_5","gachastand_6"],"girl015_gacha":["gachastand_0","gachastand_1","gachastand_2"],"girl015a":["aishang","fennu","jingya","stand","stand_aishang","stand_fennu","stand_jingya","stand_weixiao","stand_xingfen","stand_yansu","weixiao","xinfen"],"girl015a_02":["aishang","fennu","jingya","stand","stand_aishang","stand_fennu","stand_jingya","stand_weixiao","stand_xingfen","stand_yansu","weixiao","xinfen"],"girl015a_02_gacha":["gachaidle_0","gachaidle_1","gachaidle_2","gachaidle_3","gachaidle_4","gachaidle_5","gachaidle_6","gachastand_1","gachastand_2"],"girl015a_04_gacha":["gachastand_0","gachastand_1","gachastand_10","gachastand_11","gachastand_12","gachastand_13","gachastand_14","gachastand_15","gachastand_2","gachastand_3","gachastand_4","gachastand_5","gachastand_6","gachastand_7","gachastand_8","gachastand_9"],"girl015a_gacha":["gacha_0","gacha_1","gacha_2","gacha_3","gacha_4","gacha_5","gacha_6","gacha_7"],"girl015b":["aishang","fennu","jingya","stand","stand_aishang","stand_fennu","stand_jingya","stand_weixiao","stand_xingfen","stand_yansu","weixiao","xingfen"],"girl015b_02_gacha":["gachaidle_0","gachaidle_1","gachaidle_2","gachaidle_3","gachaidle_4","gachaidle_5","gachaidle_6","gachastand_1","gachastand_2","gachastand_3","gachastand_4","gachastand_5","gachastand_6"],"girl015b_gacha":["gachastand_0","gachastand_1","gachastand_2","gachastand_3","gachastand_4","gachastand_5","gachastand_6"],"girl016":["fennu","kaixn","kuqi","stand","stand_duzui","stand_kaixn","stand_kuqi1","stand_kuqi2","stand_shishen","stand_weiqu","stand_weixiao","stand_xiaolei","stand_xingxing","stand_yansu","stand_yiwen","xingxing","yiwen","zhamao"],"girl016_01":["fennu","kaixn","kuqi","stand","stand_duzui","stand_kaixn","stand_kuqi1","stand_kuqi2","stand_shishen","stand_weiqu","stand_weixiao","stand_xiaolei","stand_xingxing","stand_yansu","stand_yiwen","xingxing","yiwen","zhamao"],"girl016_02_gacha":["gachastand_0","gachastand_1","gachastand_2","gachastand_3","gachastand_4","gachastand_5","gachastand_6","gachastand_7"],"girl016_03":["fennu","kaixn","kuqi","stand","stand_duzui","stand_kaixn","stand_kuqi1","stand_kuqi2","stand_shishen","stand_weiqu","stand_weixiao","stand_xiaolei","stand_xingxing","stand_yansu","stand_yiwen","xingxing","yiwen","zhamao"],"girl016_04_gacha":["gachastand_0","gachastand_1","gachastand_2","gachastand_3","gachastand_4","gachastand_5","gachastand_6","gachastand_7","gachastand_8"],"girl016_gacha":["gachastand_0","gachastand_1","gachastand_2","gachastand_3","gachastand_4","gachastand_5","gachastand_6","gachastand_7"],"girl017":["haixiu","huangzhang","kunhuo","shengqi","stand","stand_gaxiao","stand_haixiu","stand_jingya","stand_kuxiao","stand_lianhong","stand_weiqu","stand_yansu","stand_yanyi","weiqu","weixiao","xiaohuahua","xingxingyan","yanyi"],"girl017_01":["haixiu","huangzhang","kunhuo","shengqi","stand","stand_gaxiao","stand_haixiu","stand_jingya","stand_kuxiao","stand_lianhong","stand_weiqu","stand_yansu","stand_yanyi","weiqu","weixiao","xiaohuahua","xingxingyan","yanyi"],"girl017_02_gacha":["stand_0","stand_1","stand_10","stand_11","stand_12","stand_13","stand_14","stand_15","stand_16","stand_17","stand_18","stand_19","stand_2","stand_20","stand_21","stand_22","stand_23","stand_24","stand_25","stand_26","stand_27","stand_28","stand_29","stand_3","stand_30","stand_31","stand_32","stand_33","stand_34","stand_35","stand_36","stand_4","stand_5","stand_6","stand_7","stand_8","stand_9"],"girl017_03":["stand"],"girl017_gacha":["gachastand_0","gachastand_1","gachastand_2","gachastand_3","gachastand_4","gachastand_5"],"girl017a":["haixiu","huangzhang","kunhuo","shengqi","stand","stand_gaxiao","stand_haixiu","stand_jingya","stand_kuxiao","stand_lianhong","stand_weiqu","stand_yansu","stand_yanyi","weiqu","weixiao","xiaohuahua","xingxingyan","yanyi"],"girl017a_02_gacha":["a_0","a_1","a_2","a_3","a_4","a_5"],"girl017a_gacha":["gachastand_0","gachastand_1","gachastand_2"],"girl018":["chitai","haixiu","haixiu2","jingya","shangxin","shengzion","sikao","stand","stand_beishang","stand_chitai","stand_chixiao","stand_fanguang","stand_fennu","stand_haixiu2","stand_jingya","stand_shengzi","stand_shishen","stand_weixiao","stand_xinxu","stand_yanjing","yanjing"],"girl018_01":["chitai","haixiu","haixiu2","jingya","shangxin","shengzion","sikao","stand","stand_beishang","stand_chitai","stand_chixiao","stand_fanguang","stand_fennu","stand_haixiu2","stand_jingya","stand_shengzi","stand_shishen","stand_weixiao","stand_xinxu","stand_yanjing","yanjing"],"girl018_02_gacha":["gachaidle_0","gachaidle_1","gachaidle_2","gachaidle_3","gachaidle_4","gachaidle_5","gachaidle_6","gachaidle_7","gachaidle_8","gachastand_0","gachastand_1","gachastand_2","gachastand_3"],"girl018_03_gacha":["gachaidle_0","gachaidle_1","gachaidle_2","gachaidle_3","gachaidle_4","gachaidle_5","gachaidle_6","gachastand_1","gachastand_2"],"girl018_gacha":["stand_0","stand_1","stand_2"],"girl018a":["chitai","haixiu","haixiu2","jingya","shangxin","shengzion","sikao","stand","stand_beishang","stand_chitai","stand_chixiao","stand_fanguang","stand_fennu","stand_haixiu2","stand_jingya","stand_shengzi","stand_shishen","stand_weixiao","stand_xinxu","stand_yanjing","yanjing"],"girl018a_02_gacha":["gachastand_0","gachastand_1","gachastand_2","gachastand_3","gachastand_4","gachastand_5","gachastand_6","gachastand_7","gachastand_8"],"girl018a_03":["stand","stand_beishang","stand_chitai","stand_chixiao","stand_fanguang","stand_fennu","stand_haixiu2","stand_jingya","stand_shengzi","stand_shishen","stand_weixiao","stand_xinxu","stand_yanjing"],"girl018a_03_gacha":["gachastand_0","gachastand_1","gachastand_10","gachastand_11","gachastand_12","gachastand_13","gachastand_2","gachastand_3","gachastand_4","gachastand_5","gachastand_6","gachastand_7","gachastand_8","gachastand_9"],"girl018a_gacha":["gachastand_0","gachastand_1","gachastand_2","gachastand_3","gachastand_4","gachastand_5"],"girl020":["deyi","jingya","kuqi","shengqi","sikao","stand","stand_beishang","stand_deyi","stand_jingya","stand_kaixin","stand_kuqi","stand_shengqi","stand_sikao","stand_yansu","stand_yihuo"],"girl020_01":["deyi","jingya","kuqi","shengqi","sikao","stand","stand_beishang","stand_deyi","stand_jingya","stand_kaixin","stand_kuqi","stand_shengqi","stand_sikao","stand_yansu","stand_yihuo"],"girl020_02_gacha":["gachastand_0","gachastand_1","gachastand_2","gachastand_3","gachastand_4","gachastand_5"],"girl020_03_gacha":["gachastand_0","gachastand_1","gachastand_2","gachastand_3","gachastand_4","gachastand_5","gachastand_6","gachastand_7","gachastand_8","gachastand_9"],"girl020_gacha":["stand_0","stand_1","stand_2"],"girl021":["fufa","jingya","shengqi","sikao","stand","stand_beishang","stand_beishang2","stand_haixiu","stand_haixiu2","stand_jianding","stand_jingya","stand_lengdan","stand_shihuai","stand_weixiao","stand_yansu"],"girl021_01":["fufa","jingya","shengqi","sikao","stand","stand_beishang","stand_beishang2","stand_haixiu","stand_haixiu2","stand_jianding","stand_jingya","stand_lengdan","stand_shihuai","stand_weixiao","stand_yansu"],"girl021_02_gacha":["gachastand_0","gachastand_1","gachastand_2","gachastand_3","gachastand_4","gachastand_5"],"girl021_03":["stand","stand_beishang","stand_beishang2","stand_haixiu","stand_haixiu2","stand_jianding","stand_jingya","stand_lengdan","stand_shihuai","stand_weixiao","stand_yansu"],"girl021_03_gacha":["gachastand_0","gachastand_1","gachastand_10","gachastand_2","gachastand_3","gachastand_4","gachastand_5","gachastand_6","gachastand_7","gachastand_8","gachastand_9"],"girl021_gacha":["gachastand_0","gachastand_1","gachastand_2","gachastand_3","gachastand_4","gachastand_5","gachastand_6","gachastand_7"],"girl022":["beishang","danxin","jingya","nanshou","shengqi","stand","stand_beishang","stand_chenmo","stand_danxin","stand_ganga","stand_jingya","stand_kaixin","stand_nanshou","stand_shengqi","stand_weixiao","stand_xiaoji","stand_xingfen"],"girl022_01":["beishang","danxin","jingya","nanshou","shengqi","stand","stand_beishang","stand_chenmo","stand_danxin","stand_ganga","stand_jingya","stand_kaixin","stand_nanshou","stand_shengqi","stand_weixiao","stand_xiaoji","stand_xingfen"],"girl022_02_gacha":["gachastand_0","gachastand_1","gachastand_10","gachastand_11","gachastand_12","gachastand_13","gachastand_2","gachastand_3","gachastand_4","gachastand_5","gachastand_6","gachastand_7","gachastand_8","gachastand_9"],"girl022_gacha":["gachastand_0","gachastand_1","gachastand_2"],"mon110":["qiaodi","stand01","stand02"],"mon505":["stand"],"npc001":["heihei","jianding","stand","xingfen","zhaohu"],"npc002_activity":["fouren","heshui","huangzhang","huanying","huifu","jingya","jiqie","ke","rentong","renzhen","shihun","shihunzhong","stand","tongchang","zhayan","zhiyi"],"npc003":["bunai","stand","zhuaixiuzi"],"npc004":["bunai","jianding","jingya","kuangnu","stand"],"npc005":["jiangshu","jidong","stand"],"npc006":["fennu","kuangre","stand"],"npc007":["chaoxiao","fahuo","haipa","kuangxiao","qie","stand","stand_fushang","zhenjing"],"npc008":["jiangshu","stand","taobi"],"npc009":["chuanxi","stand"],"npc010":["beimin","hou","qian","qiqiu","stand","stand_yinchang","stand_zhelian","weixiao"],"npc011":["henyi","jiaotan","lengxiao","stand","stand_yansu"],"npc012":["stand","stand_jianding","stand_niunie","stand_youchou"],"npc013":["fangsong","jingya","sikao","stand","tongxun","yansu"],"npc015":["stand"],"npc016":["beimin","chijing","sikao","stand","tanxi","xiao","yansu","zhayan"],"npc017":["stand"],"npc018":["stand"],"npc019":["stand"],"npc020":["stand"],"npc021":["stand"],"npc022":["stand"],"npc023":["stand"],"npc024":["chanmei","stand","yansu"],"npc025":["stand"],"npc026":["stand"],"npc027":["stand"],"npc028":["heihei","jianding","stand","xingfen","zhaohu"],"npc029":["stand"],"npc029_02":["stand"],"npc030":["stand"],"npc031":["stand"],"npc032":["stand"],"npc033":["stand"],"npc034":["deyi","fennu","stand","stand_deyi","stand_fennu","stand_wanxi","stand_weixiao","wanxi","weixiao","zhangkuang2"],"npc035":["stand"],"npc035_01":["biyan","fennu","jiancha","stand"],"npc036":["stand"],"npc037":["stand","stand_deyi","stand_jignya","stand_kunhuo","stand_shayi","stand_smile","stand_yansu","stand_yuyue","talk","yuyue"],"npc038":["stand"],"npc038_01":["anger","angry","diantou","huodong","stand"],"npc039":["ditou","stand"],"npc040":["biyan","biyanlenxiao","lengxiao","stand"],"npc041":["stand"],"npc042":["baishou","diantou","fennu","kunao","stand","stand_normal"],"npc043":["diantou","ganga","jiaxiao","stand"],"npc044":["sleep","smile","sorry","stand"],"npc045":["stand"],"npc046":["stand"],"npc047":["stand"],"npc048":["laugh","rage","stand","stand_tipsy","stand_yansu","xiqi"],"npc049":["check","dengyan","fanu","stand","stand_black","stand_smile","xinwei"],"npc051":["angry","deressed","stand"],"npc052":["stand"],"npc053":["happy","stand","stand_miyan"],"npc054":["stand","stand_fennu","stand_kuangxiao","stand_yinxian"],"npc055":["fennu","stand","stand_fennu","stand_juewang"],"npc056":["stand"],"npc057":["stand"],"npc058":["stand"],"npc059":["stand"],"npc060":["stand"],"npc061":["stand"],"npc062":["stand"],"npc063":["fennu","huodong","stand","stand_beishang","stand_fennu","stand_wunai","stand_xiao","xiao"],"npc064":["stand","stand_deny","stand_doubt","stand_warning","stand_yes"],"npc065":["chitai","haixiu","jingya","shangxin","shengzion","sikao","stand_beishang","stand_chitai","stand_chixiao","stand_fanguang","stand_fennu","stand_jingya","stand_shengzi","stand_shishen","stand_weixiao"],"npc067":["stand","stand_fennu","stand_xiao","stand_zhengjing"],"npc068":["stand","stand_fennu","stand_xiao","stand_zhenjing"],"npc069":["stand","stand_beishang","stand_fennu","stand_heihua","stand_huihen","stand_jingya","stand_liulei","stand_ningxiao","stand_tiaodou","stand_weixiao","stand_xinxu"],"npc069_2":["stand","stand_beishang","stand_fennu","stand_heihua","stand_huihen","stand_jingya","stand_liulei","stand_ningxiao","stand_tiaodou","stand_weixiao","stand_xinxu"],"npc070":["stand","stand_bengkui","stand_weixiao"],"npc071":["stand"],"npc072":["stand"],"npc073":["stand"],"npc074":["stand"],"npc075":["stand"],"npc076":["stand"],"npc077":["stand"],"npc078":["stand"],"npc079":["chaoxiao","deyi","jingya","kuqi","shengqi","sikao","stand","stand_beishang","stand_chaoxiao","stand_deyi","stand_jingya","stand_kaixin","stand_kuqi","stand_shengqi","stand_sikao","stand_talk","stand_yansu","stand_yihuo"],"npc081":["stand","stand_kuqi","stand_weixiao"],"npc082":["stand"],"npc083":["stand"],"npc084":["stand","stand_bengkui","stand_meng","stand_shishen","stand_tongku","stand_weixiao"],"npc085":["npc085"],"npc086":["stand","stand_beishang"],"npc087":["stand"],"npc088":["stand","stand_beishang","stand_fennu","stand_jiansuo","stand_jingya","stand_kaixin"],"npc089":["stand","stand_beishang","stand_fennu","stand_weixiao","xiangzhi","xiuzi"],"npc090":["stand"],"npc091":["stand"],"npc092":["stand"],"npc093":["stand"],"npc094":["stand","stand_beishang","stand_shengqi"],"npc095":["stand"],"npc096":["stand","stand_shengqi","stand_yansu"],"npc097":["stand"],"npc098":["stand_zhaopaixiao"],"npc405_01_q":["happy","hello","stand","walk"],"pic_building":["idle"],"pic_dlc30newstar":["idle"]},"Emoji":["1","10","100","101","102","103","104","105","106","107","108","109","11","110","111","112","113","114","115","116","117","118","119","12","120","121","122","123","124","125","126","127","128","129","13","130","131","132","133","134","135","136","137","138","139","14","140","141","142","143","15","16","17","18","19","2","20","21","22","23","24","25","26","27","28","29","3","30","31","32","33","34","35","36","37","38","39","4","40","41","42","43","44","45","46","47","48","49","5","50","51","52","53","54","55","56","57","58","59","6","60","61","62","63","64","65","66","67","68","69","7","70","71","72","73","74","75","76","77","78","79","8","80","81","82","83","84","85","86","87","88","89","9","90","91","92","93","94","95","96","97","98","99"]}