{"CHAT":[{"content":"呢嘿嘿！ ","replyDepth":0,"type":"chat","sCharacter":{"no":"白尾绘里","index":"CH0304_BG"},"file":"","isFirst":true,"name":"","time":"","is_breaking":false,"isLeft":false,"isCenter":false,"isRight":false,"style":false},{"file":"GameData/BLDA/CharFace/CH0304/7.webp","content":"CharFace","replyDepth":0,"type":"image","sCharacter":{"no":"白尾绘里","index":"CH0304_BG"},"isFirst":false},{"content":"看看这次我去格黑娜搞到了什么！ ","replyDepth":0,"type":"chat","sCharacter":{"no":"白尾绘里","index":"CH0304_BG"},"file":"","isFirst":false,"name":"","time":"","is_breaking":false,"isLeft":false,"isCenter":false,"isRight":false,"style":false},{"content":"绘里手里捧着一本奇怪的书，兴高采烈地闯进了宿舍 ","replyDepth":0,"type":"info","sCharacter":{"no":"椎名䌷","index":"CH0252_BG"},"file":"","isFirst":true,"name":"","time":"","is_breaking":false,"isLeft":false,"isCenter":false,"isRight":false,"style":false},{"content":"啥啊，一本破书？ ","replyDepth":0,"type":"chat","sCharacter":{"no":"衣斐莱娜","index":"CH0305_BG"},"file":"","isFirst":true,"name":"","time":"","is_breaking":false,"isLeft":false,"isCenter":false,"isRight":false,"style":false},{"content":"难，难道说那是... ！？ ","replyDepth":0,"type":"chat","sCharacter":{"no":"板垣庚","index":"CH0306_BG"},"file":"","isFirst":true,"name":"","time":"","is_breaking":false,"isLeft":false,"isCenter":false,"isRight":false,"style":false},{"file":"GameData/BLDA/CharFace/CH0306/5.webp","content":"CharFace","replyDepth":0,"type":"image","sCharacter":{"no":"板垣庚","index":"CH0306_BG"},"isFirst":false},{"content":"这是，一本魔法书？ ","replyDepth":0,"type":"chat","sCharacter":{"no":"椎名䌷","index":"CH0252_BG"},"file":"","isFirst":true,"name":"","time":"","is_breaking":false,"isLeft":false,"isCenter":false,"isRight":false,"style":false},{"content":"没错！ ","replyDepth":0,"type":"chat","sCharacter":{"no":"白尾绘里","index":"CH0304_BG"},"file":"","isFirst":true,"name":"","time":"","is_breaking":false,"isLeft":false,"isCenter":false,"isRight":false,"style":false},{"content":"我在格黑娜街上的一个小书摊上面发现的！","replyDepth":0,"type":"chat","sCharacter":{"no":"白尾绘里","index":"CH0304_BG"},"file":"","isFirst":false,"name":"","time":"","is_breaking":false,"isLeft":false,"isCenter":false,"isRight":false,"style":false},{"file":"GameData/BLDA/CharFace/CH0304/11.webp","content":"CharFace","replyDepth":0,"type":"image","sCharacter":{"no":"白尾绘里","index":"CH0304_BG"},"isFirst":false},{"content":"我和摊主讨价还价，最后只花了半个月零花钱就把这本历史悠久的魔法书买下来了！","replyDepth":0,"type":"chat","sCharacter":{"no":"白尾绘里","index":"CH0304_BG"},"name":"","time":"","isFirst":false,"isCenter":false,"isRight":false,"is_breaking":false,"file":"","isLeft":false,"style":false},{"content":"半个月零花钱！？你疯了吧！","replyDepth":0,"type":"chat","sCharacter":{"no":"衣斐莱娜","index":"CH0305_BG"},"file":"","isFirst":true},{"file":"GameData/BLDA/CharFace/CH0305/15.webp","content":"CharFace","replyDepth":0,"type":"image","sCharacter":{"no":"衣斐莱娜","index":"CH0305_BG"},"isFirst":false},{"content":"这明显就是骗钱的吧！！","replyDepth":0,"type":"chat","sCharacter":{"no":"衣斐莱娜","index":"CH0305_BG"},"isFirst":false,"file":""},{"content":"哇哦，里面一定有各种古老的神秘魔法... ！","replyDepth":0,"type":"chat","sCharacter":{"no":"板垣庚","index":"CH0306_BG"},"name":"","time":"","isFirst":true,"isCenter":false,"isRight":false,"is_breaking":false,"file":"","isLeft":false,"style":false},{"content":"哦哦哦，好厉害！ ","replyDepth":0,"type":"chat","sCharacter":{"no":"椎名䌷","index":"CH0252_BG"},"file":"","isFirst":true,"name":"","time":"","is_breaking":false,"isLeft":false,"isCenter":false,"isRight":false,"style":false},{"content":"... 你们都无可救药了 ","replyDepth":0,"type":"chat","sCharacter":{"no":"衣斐莱娜","index":"CH0305_BG"},"file":"","isFirst":true,"name":"","time":"","is_breaking":false,"isLeft":false,"isCenter":false,"isRight":false,"style":false},{"file":"GameData/BLDA/CharFace/CH0305/13.webp","content":"CharFace","replyDepth":0,"type":"image","sCharacter":{"no":"衣斐莱娜","index":"CH0305_BG"},"isFirst":false},{"content":"没错没错！ ","replyDepth":0,"type":"chat","sCharacter":{"no":"白尾绘里","index":"CH0304_BG"},"file":"","isFirst":true,"name":"","time":"","is_breaking":false,"isLeft":false,"isCenter":false,"isRight":false,"style":false},{"content":"这个里面记载了各种已经失传已久的强力魔法！","replyDepth":0,"type":"chat","sCharacter":{"no":"白尾绘里","index":"CH0304_BG"},"name":"","time":"","isFirst":false,"isCenter":false,"isRight":false,"is_breaking":false,"file":""},{"file":"GameData/BLDA/CharFace/CH0304/8.webp","content":"CharFace","replyDepth":0,"type":"image","sCharacter":{"no":"白尾绘里","index":"CH0304_BG"},"isFirst":false},{"content":"事不宜迟，我们赶紧来试试这个魔法吧！","replyDepth":0,"type":"chat","sCharacter":{"no":"白尾绘里","index":"CH0304_BG"},"file":"","isFirst":false},{"content":"绘里激动地把魔法书翻到其中一页","replyDepth":0,"type":"info","sCharacter":{"no":"白尾绘里","index":"CH0304_BG"},"file":"","isFirst":true},{"content":"这个“让人抽卡十连必出彩的魔法”！ ","replyDepth":0,"type":"chat","sCharacter":{"no":"白尾绘里","index":"CH0304_BG"},"name":"","time":"","isFirst":true,"isCenter":false,"isRight":false,"is_breaking":false,"file":"","isLeft":false,"style":false},{"content":"等下，这玩意怎么看都不像是古老的魔法吧！","replyDepth":0,"type":"chat","sCharacter":{"no":"衣斐莱娜","index":"CH0305_BG"},"file":"","isFirst":true,"name":"","time":"","is_breaking":false,"isLeft":false,"isCenter":false,"isRight":false,"style":false},{"file":"GameData/BLDA/CharFace/CH0305/19.webp","content":"CharFace","replyDepth":0,"type":"image","sCharacter":{"no":"衣斐莱娜","index":"CH0305_BG"},"isFirst":false},{"content":"哦哦哦，赶紧试试，我来画魔法阵... ！","replyDepth":0,"type":"chat","sCharacter":{"no":"板垣庚","index":"CH0306_BG"},"file":"","isFirst":true},{"content":"好有意思！我来给你们配乐！ ","replyDepth":0,"type":"chat","sCharacter":{"no":"椎名䌷","index":"CH0252_BG"},"file":"","isFirst":true,"name":"","time":"","is_breaking":false,"isLeft":false,"isCenter":false,"isRight":false,"style":false},{"content":"... 你们自己爱怎么玩怎么玩吧","replyDepth":0,"type":"chat","sCharacter":{"no":"衣斐莱娜","index":"CH0305_BG"},"file":"","isFirst":true},{"file":"GameData/BLDA/CharFace/CH0305/13.webp","content":"CharFace","replyDepth":0,"type":"image","sCharacter":{"no":"衣斐莱娜","index":"CH0305_BG"},"isFirst":false},{"content":"不管你们了 ","replyDepth":0,"type":"chat","sCharacter":{"no":"衣斐莱娜","index":"CH0305_BG"},"file":"","isFirst":false}],"MoeTalk":"3-2"}