{"CHAT":[{"replyDepth":0,"sCharacter":{"no":"伊落玛丽","index":"Mari"},"content":"诶诶诶？sen……sensei怎么也在这里！","type":"chat"},{"replyDepth":0,"sCharacter":{"no":"伊落玛丽","index":"Mari"},"content":"","type":"image","file":"GameData/BLDA/CharFace/mari/9.webp"},{"replyDepth":0,"sCharacter":{"no":0,"index":"1"},"content":"早呀，花子、玛丽","type":"chat"},{"replyDepth":0,"sCharacter":{"no":0,"index":"1"},"content":"真巧，我还以为这里应该没什么人呢","type":"chat"},{"replyDepth":0,"sCharacter":{"no":"调月莉音","index":"CH0158"},"content":"这位是……浦和花子小姐吧？","type":"chat"},{"replyDepth":0,"sCharacter":{"no":"调月莉音","index":"CH0158"},"content":"几个月前在飞船上有过一面之缘，虽然是通过投影","type":"chat"},{"replyDepth":0,"sCharacter":{"no":"调月莉音","index":"CH0158"},"content":"（小声）原来是这样的人吗……","type":"chat"},{"replyDepth":0,"sCharacter":{"no":"调月莉音","index":"CH0158"},"content":"","type":"image","file":"GameData/BLDA/CharFace/CH0158/6.webp"},{"replyDepth":0,"sCharacter":{"no":"浦和花子","index":"CH0209"},"content":"您好呀，莉音小姐","type":"chat"},{"replyDepth":0,"sCharacter":{"no":"调月莉音","index":"CH0158"},"content":"这位，是叫玛丽小姐吗？听sensei是这么叫你的","type":"chat"},{"replyDepth":0,"sCharacter":{"no":"伊落玛丽","index":"Mari"},"content":"是，是的","type":"chat"},{"replyDepth":0,"sCharacter":{"no":"伊落玛丽","index":"Mari"},"content":"您是千年的莉音会长吧","type":"chat"},{"replyDepth":0,"sCharacter":{"no":"伊落玛丽","index":"Mari"},"content":"愿和平与安宁今天也与您同在","type":"chat"},{"replyDepth":0,"sCharacter":{"no":"伊落玛丽","index":"Mari"},"content":"","type":"image","file":"GameData/BLDA/CharFace/mari/0.webp"},{"replyDepth":0,"sCharacter":{"no":"调月莉音","index":"CH0158"},"content":"哈……嗯，谢谢……","type":"chat"},{"replyDepth":0,"sCharacter":{"no":0,"index":"1"},"content":"看玛丽的打扮就知道啦，她是位可靠的修女哦","type":"chat"},{"replyDepth":0,"sCharacter":{"no":"伊落玛丽","index":"Mari"},"content":"可……可靠什么的，sensei不要消遣我啦","type":"chat"},{"replyDepth":0,"sCharacter":{"no":"伊落玛丽","index":"Mari"},"content":"","type":"image","file":"GameData/BLDA/CharFace/mari/9.webp"},{"replyDepth":0,"sCharacter":{"no":0,"index":"1"},"content":"话说回来，你们来这里做什么呢？","type":"chat"},{"replyDepth":0,"sCharacter":{"no":"伊落玛丽","index":"Mari"},"content":"我只是看到花子小姐又穿着泳装在校园里闲逛，所以追着她想让她换身正常的衣服……","type":"chat"},{"replyDepth":0,"sCharacter":{"no":"浦和花子","index":"CH0209"},"content":"呃，我觉得我穿的很正常呀","type":"chat"},{"replyDepth":0,"sCharacter":{"no":"浦和花子","index":"CH0209"},"content":"","type":"image","file":"GameData/BLDA/CharFace/CH0209/4.webp"},{"replyDepth":0,"sCharacter":{"no":0,"index":"1"},"content":"嗯……以花子平日会穿的衣服来说，显得格外正常","type":"chat"},{"replyDepth":0,"sCharacter":{"no":0,"index":"1"},"content":"","type":"image","file":"GameData/BLDA/Emoji/stamps/ClanChat_Emoji_12_Jp.webp"},{"replyDepth":0,"sCharacter":{"no":"调月莉音","index":"CH0158"},"content":"？","type":"chat"},{"replyDepth":0,"sCharacter":{"no":"调月莉音","index":"CH0158"},"content":"咳咳，话说回来","type":"chat"},{"replyDepth":0,"sCharacter":{"no":"调月莉音","index":"CH0158"},"content":"刚说的那个笑话是什么意思？","type":"chat"},{"replyDepth":0,"sCharacter":{"no":0,"index":"1"},"content":"我都忘了，以莉音的性子，只要是她不理解的东西，哪怕是笑话，在搞清楚前她都是不会罢休的","type":"info"},{"replyDepth":0,"sCharacter":{"no":"浦和花子","index":"CH0209"},"content":"原句是你有一流明的光，你就有一杯柠檬水，因为lumen light和lemonade听起来很像","type":"chat"},{"replyDepth":0,"sCharacter":{"no":"浦和花子","index":"CH0209"},"content":"很冷的谐音梗笑话","type":"chat"},{"replyDepth":0,"sCharacter":{"no":"浦和花子","index":"CH0209"},"content":"","type":"image","file":"GameData/BLDA/CharFace/CH0209/4.webp"},{"replyDepth":0,"sCharacter":{"no":0,"index":"1"},"content":"顺带一提流明是光通量单位……","type":"chat"},{"replyDepth":0,"sCharacter":{"no":0,"index":"1"},"content":"莉音神情复杂地看着我，我尝试着理解，但只解读出“你觉得我会不知道这个吗”的部分","type":"info"},{"replyDepth":0,"sCharacter":{"no":0,"index":"1"},"content":"我收声……","type":"chat"},{"replyDepth":0,"sCharacter":{"no":0,"index":"1"},"content":"","type":"image","file":"GameData/BLDA/Emoji/stamps/ClanChat_Emoji_07_Jp.webp"},{"replyDepth":0,"sCharacter":{"no":"调月莉音","index":"CH0158"},"content":"……","type":"chat"},{"replyDepth":0,"sCharacter":{"no":0,"index":"1"},"content":"莉音若有所思地沉默着，许久，她才噗嗤一声笑了出来","type":"info"},{"replyDepth":0,"sCharacter":{"no":"调月莉音","index":"CH0158"},"content":"哦！","type":"chat"},{"replyDepth":0,"sCharacter":{"no":"调月莉音","index":"CH0158"},"content":"原来是这样！","type":"chat"},{"replyDepth":0,"sCharacter":{"no":"调月莉音","index":"CH0158"},"content":"噗","type":"chat"},{"replyDepth":0,"sCharacter":{"no":"调月莉音","index":"CH0158"},"content":"哈哈哈哈","type":"chat"},{"replyDepth":0,"sCharacter":{"no":0,"index":"1"},"content":"所以她真是在思考那个笑话的笑点啊……","type":"info"},{"replyDepth":0,"sCharacter":{"no":0,"index":"1"},"content":"而且反射弧还非常长的样子……","type":"info"},{"replyDepth":0,"sCharacter":{"no":0,"index":"1"},"content":"但是看她笑得很开心的样子，我也忍不住笑出声来","type":"info"},{"replyDepth":0,"sCharacter":{"no":0,"index":"1"},"content":"哈哈哈哈哈哈哈哈哈哈哈哈哈","type":"chat"},{"replyDepth":0,"sCharacter":{"no":"浦和花子","index":"CH0209"},"content":"不过还真是大胆呢，sensei","type":"chat"},{"replyDepth":0,"sCharacter":{"no":0,"index":"1"},"content":"莉音看起来还沉浸在那个笑话的后劲中，并没有听到花子说的话","type":"info"},{"replyDepth":0,"sCharacter":{"no":0,"index":"1"},"content":"什么？","type":"chat"},{"replyDepth":0,"sCharacter":{"no":"浦和花子","index":"CH0209"},"content":"向来不擅长讲笑话的sensei突然讲起笑话什么的，怎么想都很难以置信啊","type":"chat"},{"replyDepth":0,"sCharacter":{"no":"浦和花子","index":"CH0209"},"content":"我看是醉翁之意不在酒吧","type":"chat"},{"replyDepth":0,"sCharacter":{"no":"浦和花子","index":"CH0209"},"content":"比如其实是看某人的身姿入迷了脱口而出的评价","type":"chat"},{"replyDepth":0,"sCharacter":{"no":"浦和花子","index":"CH0209"},"content":"光，宛如流水一般，之类的？","type":"chat"},{"replyDepth":0,"sCharacter":{"no":"浦和花子","index":"CH0209"},"content":"","type":"image","file":"GameData/BLDA/CharFace/CH0209/8.webp"},{"replyDepth":0,"sCharacter":{"no":0,"index":"1"},"content":"咳咳咳","type":"chat"},{"replyDepth":0,"sCharacter":{"no":0,"index":"1"},"content":"我有预感，迟早有一天我会在这女人手里栽大跟头","type":"info"},{"replyDepth":0,"sCharacter":{"no":"调月莉音","index":"CH0158"},"content":"sensei？怎么了？","type":"chat"},{"replyDepth":0,"sCharacter":{"no":"调月莉音","index":"CH0158"},"content":"","type":"image","file":"GameData/BLDA/CharFace/CH0158/4.webp"},{"replyDepth":0,"sCharacter":{"no":0,"index":"1"},"content":"可能是没打扫干净，有点灰，不打紧","type":"chat"},{"replyDepth":0,"sCharacter":{"no":"伊落玛丽","index":"Mari"},"content":"这样吗？我明明昨天才来打扫过呀……","type":"chat"},{"replyDepth":0,"sCharacter":{"no":"浦和花子","index":"CH0209"},"content":"玛丽酱，这就是你的不对了","type":"chat"},{"replyDepth":0,"sCharacter":{"no":"伊落玛丽","index":"Mari"},"content":"诶？诶？！","type":"chat"},{"replyDepth":0,"sCharacter":{"no":"伊落玛丽","index":"Mari"},"content":"","type":"image","file":"GameData/BLDA/CharFace/mari/9.webp"},{"replyDepth":0,"sCharacter":{"no":0,"index":"1"},"content":"……","type":"chat"},{"replyDepth":0,"sCharacter":{"no":0,"index":"1"},"content":"说起来，你们知道这间小圣堂的故事吗？","type":"chat"},{"replyDepth":0,"sCharacter":{"no":0,"index":"1"},"content":"得赶紧找个话题搪塞过去","type":"info"},{"replyDepth":0,"sCharacter":{"no":"浦和花子","index":"CH0209"},"content":"哦？这我还真不知道","type":"chat"},{"replyDepth":0,"sCharacter":{"no":0,"index":"1"},"content":"我对这件事表示怀疑……","type":"info"},{"replyDepth":0,"sCharacter":{"no":"伊落玛丽","index":"Mari"},"content":"我也……不太清楚……","type":"chat"},{"replyDepth":0,"sCharacter":{"no":0,"index":"1"},"content":"这位我信","type":"info"},{"replyDepth":0,"sCharacter":{"no":"伊落玛丽","index":"Mari"},"content":"明明是修女，却连教堂的事都不了解什么的……","type":"chat"},{"replyDepth":0,"sCharacter":{"no":"伊落玛丽","index":"Mari"},"content":"","type":"image","file":"GameData/BLDA/CharFace/mari/6.webp"},{"replyDepth":0,"sCharacter":{"no":0,"index":"1"},"content":"没有的事哦，我说了玛丽是优秀的修女","type":"chat"},{"replyDepth":0,"sCharacter":{"no":0,"index":"1"},"content":"这种冷知识，修女会大多数成员应该也不知道的","type":"chat"},{"replyDepth":0,"sCharacter":{"no":"调月莉音","index":"CH0158"},"content":"愿闻其详","type":"chat"},{"replyDepth":0,"sCharacter":{"no":0,"index":"1"},"content":"我回忆起以前听过的故事","type":"info"},{"replyDepth":0,"sCharacter":{"no":0,"index":"1"},"content":"丁梅斯代尔牧师，是三一自治区历史上有名的教区牧师","type":"chat"},{"replyDepth":0,"sCharacter":{"no":0,"index":"1"},"content":"年轻、英俊、有学识、风趣又不失风度，最重要的是善良，有一颗怜悯之心","type":"chat"},{"replyDepth":0,"sCharacter":{"no":0,"index":"1"},"content":"总之，是个可以用各种褒义词形容的人","type":"chat"},{"replyDepth":0,"sCharacter":{"no":0,"index":"1"},"content":"自然，他也深受市民爱戴","type":"chat"},{"replyDepth":0,"sCharacter":{"no":0,"index":"1"},"content":"某天，有位名为海丝特的妙龄少妇前去找他告解","type":"chat"},{"replyDepth":0,"sCharacter":{"no":0,"index":"1"},"content":"海丝特年轻貌美，年方二十出头，却已嫁为人妇","type":"chat"},{"replyDepth":0,"sCharacter":{"no":0,"index":"1"},"content":"但她身上伤痕累累，似乎在暗示她的婚姻生活并不美满","type":"chat"},{"replyDepth":0,"sCharacter":{"no":0,"index":"1"},"content":"这正是她来告解的原因","type":"chat"},{"replyDepth":0,"sCharacter":{"no":0,"index":"1"},"content":"海丝特的丈夫名叫基沃托斯","type":"chat"},{"replyDepth":0,"sCharacter":{"no":"调月莉音","index":"CH0158"},"content":"？","type":"chat"},{"replyDepth":0,"sCharacter":{"no":"浦和花子","index":"CH0209"},"content":"？","type":"chat"},{"replyDepth":0,"sCharacter":{"no":"伊落玛丽","index":"Mari"},"content":"？","type":"chat"},{"replyDepth":0,"sCharacter":{"no":0,"index":"1"},"content":"嘴瓢了，名叫齐灵渥斯","type":"chat"},{"replyDepth":0,"sCharacter":{"no":0,"index":"1"},"content":"齐灵渥斯是位年事已高的医生，而且疾病缠身","type":"chat"},{"replyDepth":0,"sCharacter":{"no":0,"index":"1"},"content":"作为医生，他当然知道自己命不久矣","type":"chat"},{"replyDepth":0,"sCharacter":{"no":0,"index":"1"},"content":"没人知道青春年华的海丝特为什么要嫁给他，但显然，她并非出于自愿","type":"chat"},{"replyDepth":0,"sCharacter":{"no":0,"index":"1"},"content":"而齐灵渥斯娶她为妻的理由则很简单","type":"chat"},{"replyDepth":0,"sCharacter":{"no":0,"index":"1"},"content":"面对死神的无能为力，使他内心扭曲，他需要把自己的怨恨发泄在一个比他弱小的人身上","type":"chat"},{"replyDepth":0,"sCharacter":{"no":0,"index":"1"},"content":"他摧残她，凌辱她，日复一日","type":"chat"},{"replyDepth":0,"sCharacter":{"no":0,"index":"1"},"content":"令人难以置信的是，折磨妻子似乎真的让他重新焕发了生机","type":"chat"},{"replyDepth":0,"sCharacter":{"no":0,"index":"1"},"content":"他的面色渐渐红润，精神也越来越好","type":"chat"},{"replyDepth":0,"sCharacter":{"no":0,"index":"1"},"content":"这对海丝特绝对不是好消息，齐灵渥斯越健康，就意味着她的苦痛越发看不到尽头","type":"chat"},{"replyDepth":0,"sCharacter":{"no":0,"index":"1"},"content":"海丝特甚至觉得再这样下去，死的人会是自己","type":"chat"},{"replyDepth":0,"sCharacter":{"no":0,"index":"1"},"content":"于是走投无路的她前来找牧师告解","type":"chat"},{"replyDepth":0,"sCharacter":{"no":0,"index":"1"},"content":"牧师柔和的微笑和话语让她如沐春风，她第一次觉得自己的人生还有一丝希望","type":"chat"},{"replyDepth":0,"sCharacter":{"no":0,"index":"1"},"content":"从此以后，和丁梅斯代尔牧师交谈，成了海丝特人生中最幸福的事","type":"chat"},{"replyDepth":0,"sCharacter":{"no":0,"index":"1"},"content":"她频繁地前来，牧师也永远带着微笑迎接她","type":"chat"},{"replyDepth":0,"sCharacter":{"no":0,"index":"1"},"content":"等她回过神来，她发觉自己已经爱上了牧师，深陷其中，无法自拔","type":"chat"},{"replyDepth":0,"sCharacter":{"no":0,"index":"1"},"content":"其实牧师也一样，海丝特的坚强和乐观早已深深吸引了他，他每天都会为她祈祷","type":"chat"},{"replyDepth":0,"sCharacter":{"no":0,"index":"1"},"content":"但他是牧师，海丝特也已为人妻，这种事是不可以的，是不被世俗认可的，这段爱情注定会成为一场悲剧","type":"chat"},{"replyDepth":0,"sCharacter":{"no":0,"index":"1"},"content":"然而两个年轻人又怎能忍受这样的煎熬","type":"chat"},{"replyDepth":0,"sCharacter":{"no":0,"index":"1"},"content":"终于有一次，海丝特不顾一切地投入了牧师的怀抱","type":"chat"},{"replyDepth":0,"sCharacter":{"no":0,"index":"1"},"content":"牧师没有拒绝，他张开了自己的双臂","type":"chat"},{"replyDepth":0,"sCharacter":{"no":0,"index":"1"},"content":"海丝特第一次觉得自己真真正正地活着","type":"chat"},{"replyDepth":0,"sCharacter":{"no":0,"index":"1"},"content":"遗憾的是，牧师的心情和她不一样","type":"chat"},{"replyDepth":0,"sCharacter":{"no":0,"index":"1"},"content":"待到海丝特回去之后，牧师向神忏悔，祈求宽恕","type":"chat"},{"replyDepth":0,"sCharacter":{"no":0,"index":"1"},"content":"然后，他走到广场的高台上，对着底下爱戴他的市民大喊","type":"chat"},{"replyDepth":0,"sCharacter":{"no":0,"index":"1"},"content":"说自己是伪君子，是不配拥有他现在所拥有的一切之人","type":"chat"},{"replyDepth":0,"sCharacter":{"no":0,"index":"1"},"content":"说完这一切，他从高台上纵身跳下，结束了自己认为罪恶的一生","type":"chat"},{"replyDepth":0,"sCharacter":{"no":"调月莉音","index":"CH0158"},"content":"啊……","type":"chat"},{"replyDepth":0,"sCharacter":{"no":"浦和花子","index":"CH0209"},"content":"这……","type":"chat"},{"replyDepth":0,"sCharacter":{"no":"浦和花子","index":"CH0209"},"content":"","type":"image","file":"GameData/BLDA/CharFace/CH0209/6.webp"},{"replyDepth":0,"sCharacter":{"no":"伊落玛丽","index":"Mari"},"content":"呜呜呜，竟然是这样的故事","type":"chat"},{"replyDepth":0,"sCharacter":{"no":"伊落玛丽","index":"Mari"},"content":"","type":"image","file":"GameData/BLDA/CharFace/mari/6.webp"},{"replyDepth":0,"sCharacter":{"no":0,"index":"1"},"content":"牧师已经不在了，但海丝特还要继续活着","type":"chat"},{"replyDepth":0,"sCharacter":{"no":0,"index":"1"},"content":"为了牧师，她也要坚强地活下去","type":"chat"},{"replyDepth":0,"sCharacter":{"no":0,"index":"1"},"content":"她依旧忍受齐灵渥斯无尽的折磨","type":"chat"},{"replyDepth":0,"sCharacter":{"no":0,"index":"1"},"content":"可不管齐灵渥斯对她做什么，她都不会再恐惧了","type":"chat"},{"replyDepth":0,"sCharacter":{"no":0,"index":"1"},"content":"于是感到恐慌的人变成了齐灵渥斯","type":"chat"},{"replyDepth":0,"sCharacter":{"no":0,"index":"1"},"content":"他没办法再从海丝特身上汲取生命力了，不出一年，就迅速地枯萎了","type":"chat"},{"replyDepth":0,"sCharacter":{"no":0,"index":"1"},"content":"与贫瘠的精神相反，作为医生，齐灵渥斯在物质上非常富有，海丝特得到了一大笔遗产","type":"chat"},{"replyDepth":0,"sCharacter":{"no":0,"index":"1"},"content":"而且她惊讶地发现，自己怀孕了","type":"chat"},{"replyDepth":0,"sCharacter":{"no":"调月莉音","index":"CH0158"},"content":"诶？","type":"chat"},{"replyDepth":0,"sCharacter":{"no":"浦和花子","index":"CH0209"},"content":"神会宽恕一切的","type":"chat"},{"replyDepth":0,"sCharacter":{"no":"伊落玛丽","index":"Mari"},"content":"会的，他们是三个善良的灵魂","type":"chat"},{"replyDepth":0,"sCharacter":{"no":"伊落玛丽","index":"Mari"},"content":"","type":"image","file":"GameData/BLDA/CharFace/mari/99.webp"},{"replyDepth":0,"sCharacter":{"no":0,"index":"1"},"content":"是的，牧师和海丝特的女儿出生了，是个像天使一样可爱的孩子","type":"chat"},{"replyDepth":0,"sCharacter":{"no":0,"index":"1"},"content":"海丝特告诉了她父亲的故事","type":"chat"},{"replyDepth":0,"sCharacter":{"no":0,"index":"1"},"content":"很多年以后，海丝特去世了","type":"chat"},{"replyDepth":0,"sCharacter":{"no":0,"index":"1"},"content":"女儿把母亲葬在父亲的墓旁","type":"chat"},{"replyDepth":0,"sCharacter":{"no":0,"index":"1"},"content":"就是这样的故事","type":"chat"},{"replyDepth":0,"sCharacter":{"no":0,"index":"1"},"content":"这间小圣堂，就是牧师听海丝特告解的地方","type":"chat"},{"replyDepth":0,"sCharacter":{"no":0,"index":"1"},"content":"市民们知道了牧师和海丝特的故事，他们依旧打从心底里敬爱牧师","type":"chat"},{"replyDepth":0,"sCharacter":{"no":0,"index":"1"},"content":"所以用他的名字为这座小圣堂命名","type":"chat"},{"replyDepth":0,"sCharacter":{"no":0,"index":"1"},"content":"我看着眼前的三个女孩子，她们已经哭成一团","type":"info"},{"replyDepth":0,"sCharacter":{"no":0,"index":"1"},"content":"我的目光停留在其中一个女孩身上","type":"info"},{"replyDepth":0,"sCharacter":{"no":0,"index":"1"},"content":"我一直以为她是很冷静的，但现在却哭得最梨花带雨","type":"info"},{"replyDepth":0,"sCharacter":{"no":0,"index":"1"},"content":"果然这个年纪的女孩子都会喜欢这种故事啊……","type":"chat"},{"replyDepth":0,"sCharacter":{"no":0,"index":"1"},"content":"","type":"image","file":"GameData/BLDA/Emoji/stamps/ClanChat_Emoji_11_Jp.webp"},{"replyDepth":0,"sCharacter":{"no":0,"index":"1"},"content":"日瓦戈别馆","type":"info"},{"replyDepth":0,"sCharacter":{"no":0,"index":"1"},"content":"一幢坐落于赤冬境内，风格古朴的小别墅","type":"info"},{"replyDepth":0,"sCharacter":{"no":0,"index":"1"},"content":"这房子一看便知有些年代了，荒草萋萋，某种耐寒的藤本植物爬满了三层楼的外墙","type":"info"},{"replyDepth":0,"sCharacter":{"no":0,"index":"1"},"content":"厚厚的积雪堆满了屋顶，有些许溢出的，不时顺着屋檐滑落下来","type":"info"},{"replyDepth":0,"sCharacter":{"no":0,"index":"1"},"content":"尽管荒凉，但仍持续修缮着，证据就是一大片搭在建筑外围的脚手架","type":"info"},{"replyDepth":0,"sCharacter":{"no":0,"index":"1"},"content":"天色已近黄昏，此刻我们正坐在脚手架的最高处欣赏雪原上的落日","type":"info"},{"replyDepth":0,"sCharacter":{"no":0,"index":"1"},"content":"当然是偷偷爬上来的","type":"info"},{"replyDepth":0,"sCharacter":{"no":"调月莉音","index":"CH0158"},"content":"我从没看过雪","type":"chat"},{"replyDepth":0,"sCharacter":{"no":"调月莉音","index":"CH0158"},"content":"千年境内是不下雪的","type":"chat"},{"replyDepth":0,"sCharacter":{"no":"调月莉音","index":"CH0158"},"content":"也很少有机会看日出日落","type":"chat"}],"MoeTalk":"0-3"}