{"CHAT":[{"replyDepth":0,"sCharacter":{"no":"清澄晶","index":"CH0212"},"content":"是的，就是这样，这就是我要说的","type":"chat"},{"replyDepth":0,"sCharacter":{"no":"清澄晶","index":"CH0212"},"content":"","type":"image","file":"GameData/BLDA/CharFace/CH0212/7.webp"},{"replyDepth":0,"sCharacter":{"no":0,"index":"1"},"content":"她绝对是现在才知道的……","type":"info"},{"replyDepth":0,"sCharacter":{"no":"调月莉音","index":"CH0158"},"content":"但不知道为什么，这个故事传着传着，变成了在叹息桥下拥吻的恋人，他们的爱情就将会永恒","type":"chat"},{"replyDepth":0,"sCharacter":{"no":0,"index":"1"},"content":"噗通——","type":"info"},{"replyDepth":0,"sCharacter":{"no":0,"index":"1"},"content":"有什么落水的声音","type":"info"},{"replyDepth":0,"sCharacter":{"no":0,"index":"1"},"content":"回过神来，小船上就只有我们两人了","type":"info"},{"replyDepth":0,"sCharacter":{"no":"调月莉音","index":"CH0158"},"content":"咦，这是……","type":"chat"},{"replyDepth":0,"sCharacter":{"no":0,"index":"1"},"content":"只见莉音从船上拾起一张卡片","type":"info"},{"replyDepth":0,"sCharacter":{"no":"调月莉音","index":"CH0158"},"content":"啊！","type":"chat"},{"replyDepth":0,"sCharacter":{"no":"调月莉音","index":"CH0158"},"content":"","type":"image","file":"GameData/BLDA/CharFace/CH0158/7.webp"},{"replyDepth":0,"sCharacter":{"no":0,"index":"1"},"content":"夕阳倒映在水面上，让我想起了日瓦戈别馆的景象","type":"info"},{"replyDepth":0,"sCharacter":{"no":0,"index":"1"},"content":"她的脸飞上一抹酡红，抑或是落日的余晖，我看不真切","type":"info"},{"replyDepth":0,"sCharacter":{"no":0,"index":"1"},"content":"我伸手想接过卡片，但见她神色赧然","type":"info"},{"replyDepth":0,"sCharacter":{"no":0,"index":"1"},"content":"一阵扭捏后，她还是把卡片递给我，上面只写了几个字——","type":"info"},{"replyDepth":0,"sCharacter":{"no":"清澄晶","index":"CH0212"},"content":"二位请自便","type":"chat"},{"replyDepth":0,"sCharacter":{"no":"清澄晶","index":"CH0212"},"content":"","type":"image","file":"GameData/BLDA/CharFace/CH0212/10.webp"},{"replyDepth":0,"sCharacter":{"no":0,"index":"1"},"content":"窄门","type":"info"},{"replyDepth":0,"sCharacter":{"no":0,"index":"1"},"content":"假期的最后一天","type":"info"},{"replyDepth":0,"sCharacter":{"no":0,"index":"1"},"content":"我推开夏莱天台的铁门","type":"info"},{"replyDepth":0,"sCharacter":{"no":"调月莉音","index":"CH0158"},"content":"？","type":"chat"},{"replyDepth":0,"sCharacter":{"no":"调月莉音","index":"CH0158"},"content":"这里就是……最后一站吗","type":"chat"},{"replyDepth":0,"sCharacter":{"no":0,"index":"1"},"content":"是哦","type":"chat"},{"replyDepth":0,"sCharacter":{"no":0,"index":"1"},"content":"天气这么好，就适合在这上面坐着聊天","type":"chat"},{"replyDepth":0,"sCharacter":{"no":"调月莉音","index":"CH0158"},"content":"是的，这样也不错","type":"chat"},{"replyDepth":0,"sCharacter":{"no":"调月莉音","index":"CH0158"},"content":"","type":"image","file":"GameData/BLDA/CharFace/CH0158/8.webp"},{"replyDepth":0,"sCharacter":{"no":0,"index":"1"},"content":"一晃眼，已经那么多天了呢","type":"chat"},{"replyDepth":0,"sCharacter":{"no":0,"index":"1"},"content":"好像走了很远很远，但又觉得时间过得真快","type":"chat"},{"replyDepth":0,"sCharacter":{"no":"调月莉音","index":"CH0158"},"content":"嗯，我明白","type":"chat"},{"replyDepth":0,"sCharacter":{"no":"调月莉音","index":"CH0158"},"content":"就像是做了一个很长的梦，那样的感觉","type":"chat"},{"replyDepth":0,"sCharacter":{"no":0,"index":"1"},"content":"天台上，和风拂面，我们回味起这段旅程","type":"info"},{"replyDepth":0,"sCharacter":{"no":0,"index":"1"},"content":"阿拜多斯荒漠、贝阿朵莉切大道","type":"chat"},{"replyDepth":0,"sCharacter":{"no":"调月莉音","index":"CH0158"},"content":"茨维塔耶娃镇","type":"chat"},{"replyDepth":0,"sCharacter":{"no":0,"index":"1"},"content":"对了，先前是不是没讲到这个？","type":"info"},{"replyDepth":0,"sCharacter":{"no":0,"index":"1"},"content":"这么说来，好像是有好多地方没提起过","type":"info"},{"replyDepth":0,"sCharacter":{"no":0,"index":"1"},"content":"接下来都会一一说明的","type":"info"},{"replyDepth":0,"sCharacter":{"no":0,"index":"1"},"content":"那是位于赤冬边陲的一个小镇，以著名诗人茨维塔耶娃的名字命名","type":"info"},{"replyDepth":0,"sCharacter":{"no":0,"index":"1"},"content":"她的名篇，《我想和你一起生活》中提到的小镇，就是这个镇子","type":"info"},{"replyDepth":0,"sCharacter":{"no":0,"index":"1"},"content":"在那个镇上，我用临时抱佛脚学的赤冬语对莉音读了这首诗","type":"info"},{"replyDepth":0,"sCharacter":{"no":0,"index":"1"},"content":"原谅我只会这般小家子气的告白，就算这样我当时的心也在砰砰直跳","type":"info"},{"replyDepth":0,"sCharacter":{"no":0,"index":"1"},"content":"然后是丁梅斯代尔小圣堂","type":"chat"},{"replyDepth":0,"sCharacter":{"no":0,"index":"1"},"content":"俄耳甫斯剧院，我们在那里欣赏描绘浪漫爱情的歌剧","type":"info"},{"replyDepth":0,"sCharacter":{"no":0,"index":"1"},"content":"芬奇的小屋，里面有台古董放映机，有部名为《艾迪 · 芬奇的记忆》的纪录片，整个基沃托斯只有这一台放映机在放映","type":"info"},{"replyDepth":0,"sCharacter":{"no":0,"index":"1"},"content":"对于生者来说，死亡是个只能观测却无法领悟的命题","type":"chat"},{"replyDepth":0,"sCharacter":{"no":"调月莉音","index":"CH0158"},"content":"嗯，对基沃托斯人来说更是这样，我们很难理解它","type":"chat"},{"replyDepth":0,"sCharacter":{"no":0,"index":"1"},"content":"《艾迪 · 芬奇的记忆》是一部讲述这个命题的纪录片","type":"info"},{"replyDepth":0,"sCharacter":{"no":0,"index":"1"},"content":"我们心怀敬畏地入场","type":"info"},{"replyDepth":0,"sCharacter":{"no":0,"index":"1"},"content":"我们眼含热泪地离席","type":"info"},{"replyDepth":0,"sCharacter":{"no":0,"index":"1"},"content":"但令我意外的是，是她提议去的那里","type":"info"},{"replyDepth":0,"sCharacter":{"no":0,"index":"1"},"content":"我都不知道你想看这个","type":"chat"},{"replyDepth":0,"sCharacter":{"no":0,"index":"1"},"content":"不如说你知道那个地方也让我挺惊讶的","type":"chat"},{"replyDepth":0,"sCharacter":{"no":0,"index":"1"},"content":"","type":"image","file":"GameData/BLDA/Emoji/stamps/ClanChat_Emoji_09_Jp.webp"},{"replyDepth":0,"sCharacter":{"no":"调月莉音","index":"CH0158"},"content":"（小声）与其说是想看，不如说是出于某种不安","type":"chat"},{"replyDepth":0,"sCharacter":{"no":0,"index":"1"},"content":"什么？","type":"chat"},{"replyDepth":0,"sCharacter":{"no":"调月莉音","index":"CH0158"},"content":"没有哦","type":"chat"},{"replyDepth":0,"sCharacter":{"no":0,"index":"1"},"content":"她浅浅地笑了笑，那笑容有些难以捉摸","type":"info"},{"replyDepth":0,"sCharacter":{"no":0,"index":"1"},"content":"我们继续谈论着之后的旅程","type":"info"},{"replyDepth":0,"sCharacter":{"no":0,"index":"1"},"content":"果戈里故居、海兰德铁路公园、I984能源发展中心、金阁寺、卡尔 · 文兰古堡、罗德尔城旧址……","type":"chat"},{"replyDepth":0,"sCharacter":{"no":"调月莉音","index":"CH0158"},"content":"听sensei讲这些地方的故事，是很珍贵的体验呢","type":"chat"},{"replyDepth":0,"sCharacter":{"no":"调月莉音","index":"CH0158"},"content":"然后我记得是……马格里特美术馆","type":"chat"},{"replyDepth":0,"sCharacter":{"no":0,"index":"1"},"content":"啊，那个，我只是心血来潮去见见两个老朋友","type":"chat"},{"replyDepth":0,"sCharacter":{"no":"调月莉音","index":"CH0158"},"content":"老朋友？","type":"chat"},{"replyDepth":0,"sCharacter":{"no":0,"index":"1"},"content":"戈尔孔达和印花","type":"chat"},{"replyDepth":0,"sCharacter":{"no":0,"index":"1"},"content":"已经挂在美术馆的墙上了","type":"info"},{"replyDepth":0,"sCharacter":{"no":0,"index":"1"},"content":"还有尼采纪念馆","type":"chat"},{"replyDepth":0,"sCharacter":{"no":"调月莉音","index":"CH0158"},"content":"我记得，是你最喜欢的作家和思想家","type":"chat"},{"replyDepth":0,"sCharacter":{"no":0,"index":"1"},"content":"……之一","type":"chat"},{"replyDepth":0,"sCharacter":{"no":0,"index":"1"},"content":"欧里庇得斯的书斋、珀耳塞福涅的宫殿、齐格弗里德的陵园","type":"chat"},{"replyDepth":0,"sCharacter":{"no":"调月莉音","index":"CH0158"},"content":"这些地方我以前连听都没听过","type":"chat"},{"replyDepth":0,"sCharacter":{"no":0,"index":"1"},"content":"感觉“以前”二字格外铿锵有力，也许是错觉吧","type":"info"},{"replyDepth":0,"sCharacter":{"no":0,"index":"1"},"content":"哈哈哈，都是书上看来的","type":"chat"},{"replyDepth":0,"sCharacter":{"no":0,"index":"1"},"content":"有些地方只是我自己想看，却硬拉着你陪我","type":"chat"},{"replyDepth":0,"sCharacter":{"no":"调月莉音","index":"CH0158"},"content":"不哦，我也很乐在其中呢","type":"chat"},{"replyDepth":0,"sCharacter":{"no":"调月莉音","index":"CH0158"},"content":"","type":"image","file":"GameData/BLDA/CharFace/CH0158/8.webp"},{"replyDepth":0,"sCharacter":{"no":0,"index":"1"},"content":"我感觉自己脸颊红得发烫","type":"info"},{"replyDepth":0,"sCharacter":{"no":0,"index":"1"},"content":"好在天台上风大了些，使我冷静了下来","type":"info"},{"replyDepth":0,"sCharacter":{"no":0,"index":"1"},"content":"接着就是日瓦戈别馆、三春泷樱和叹息桥","type":"chat"},{"replyDepth":0,"sCharacter":{"no":0,"index":"1"},"content":"说到叹息桥，莉音的脸也飞红了一片，慌忙把头低下去","type":"info"},{"replyDepth":0,"sCharacter":{"no":0,"index":"1"},"content":"我们最后没有在桥下接吻","type":"info"},{"replyDepth":0,"sCharacter":{"no":0,"index":"1"},"content":"怎么想都不可能嘛","type":"info"},{"replyDepth":0,"sCharacter":{"no":0,"index":"1"},"content":"我咒骂软弱无能的自己","type":"info"},{"replyDepth":0,"sCharacter":{"no":"调月莉音","index":"CH0158"},"content":"U · N · 欧文庄园，也很有意思","type":"chat"},{"replyDepth":0,"sCharacter":{"no":0,"index":"1"},"content":"确实称得上是基沃托斯数一数二的沉浸式解谜体验馆……","type":"chat"},{"replyDepth":0,"sCharacter":{"no":0,"index":"1"},"content":"见笑了","type":"chat"},{"replyDepth":0,"sCharacter":{"no":0,"index":"1"},"content":"","type":"image","file":"GameData/BLDA/Emoji/stamps/ClanChat_Emoji_13_Jp.webp"},{"replyDepth":0,"sCharacter":{"no":0,"index":"1"},"content":"还记得刚开门就看见一地横七竖八的尸体假人时我差点背过气的样子","type":"info"},{"replyDepth":0,"sCharacter":{"no":0,"index":"1"},"content":"没想到她一点也不怕，那一整天都是她搀着我走的","type":"info"},{"replyDepth":0,"sCharacter":{"no":"调月莉音","index":"CH0158"},"content":"不会，见到sensei不为人知的一面也很有趣","type":"chat"},{"replyDepth":0,"sCharacter":{"no":0,"index":"1"},"content":"你又消遣我","type":"chat"},{"replyDepth":0,"sCharacter":{"no":0,"index":"1"},"content":"不过真是舍不得呢，这还是上周刚发生的事","type":"chat"},{"replyDepth":0,"sCharacter":{"no":"调月莉音","index":"CH0158"},"content":"对呀，三周多的时间，说过去也就过去了","type":"chat"},{"replyDepth":0,"sCharacter":{"no":"调月莉音","index":"CH0158"},"content":"最后就剩几个地方了","type":"chat"},{"replyDepth":0,"sCharacter":{"no":0,"index":"1"},"content":"瓦尔哈拉湖","type":"chat"},{"replyDepth":0,"sCharacter":{"no":"调月莉音","index":"CH0158"},"content":"其实原定是要去瓦尔登湖来着","type":"chat"},{"replyDepth":0,"sCharacter":{"no":0,"index":"1"},"content":"诶嘿，都怪我看错地图啦","type":"chat"},{"replyDepth":0,"sCharacter":{"no":0,"index":"1"},"content":"等等","type":"info"},{"replyDepth":0,"sCharacter":{"no":0,"index":"1"},"content":"我没和莉音说过我们要去的地方","type":"info"},{"replyDepth":0,"sCharacter":{"no":0,"index":"1"},"content":"她是怎么知道我们走错了的？","type":"info"},{"replyDepth":0,"sCharacter":{"no":0,"index":"1"},"content":"我望着她，只看见她一如往常的微笑","type":"info"},{"replyDepth":0,"sCharacter":{"no":"调月莉音","index":"CH0158"},"content":"怎么了，sensei？","type":"chat"},{"replyDepth":0,"sCharacter":{"no":0,"index":"1"},"content":"啊，没什么，不用在意","type":"chat"},{"replyDepth":0,"sCharacter":{"no":0,"index":"1"},"content":"旅程最后，我们去了欣嫩火山和幽咽山谷","type":"info"},{"replyDepth":0,"sCharacter":{"no":0,"index":"1"},"content":"就是格黑娜自治区内最高的火山，和毗邻它的山谷","type":"info"},{"replyDepth":0,"sCharacter":{"no":0,"index":"1"},"content":"也许是体力不支，下山时莉音扭伤了脚","type":"info"},{"replyDepth":0,"sCharacter":{"no":0,"index":"1"},"content":"还疼吗？","type":"chat"},{"replyDepth":0,"sCharacter":{"no":"调月莉音","index":"CH0158"},"content":"那么多天了，早就不疼啦","type":"chat"},{"replyDepth":0,"sCharacter":{"no":0,"index":"1"},"content":"抱歉，莉音","type":"chat"},{"replyDepth":0,"sCharacter":{"no":0,"index":"1"},"content":"我光顾着自己走，没照顾好你","type":"chat"},{"replyDepth":0,"sCharacter":{"no":"调月莉音","index":"CH0158"},"content":"真是的，sensei又说这样的话","type":"chat"},{"replyDepth":0,"sCharacter":{"no":"调月莉音","index":"CH0158"},"content":"那天下山的时候你就一个劲地道歉，明明是我自己鞋底滑了","type":"chat"},{"replyDepth":0,"sCharacter":{"no":"调月莉音","index":"CH0158"},"content":"收拾行李的时候带了运动鞋的，偏偏就那天忘穿了","type":"chat"},{"replyDepth":0,"sCharacter":{"no":0,"index":"1"},"content":"最后是我背着她下山的","type":"info"},{"replyDepth":0,"sCharacter":{"no":0,"index":"1"},"content":"紧紧贴在背后的触感，还有耳后传来的温热又好似有些不安的呼吸，令我的大脑一片空白","type":"info"},{"replyDepth":0,"sCharacter":{"no":"调月莉音","index":"CH0158"},"content":"（小声）也许，是我故意没换运动鞋呢？","type":"chat"},{"replyDepth":0,"sCharacter":{"no":0,"index":"1"},"content":"什么？","type":"chat"},{"replyDepth":0,"sCharacter":{"no":"调月莉音","index":"CH0158"},"content":"没事哦","type":"chat"},{"replyDepth":0,"sCharacter":{"no":0,"index":"1"},"content":"是不是我想多了，总觉得莉音坐的位置好像同我靠近了些","type":"info"},{"replyDepth":0,"sCharacter":{"no":"调月莉音","index":"CH0158"},"content":"原来对sensei来说，这里就是窄门","type":"chat"},{"replyDepth":0,"sCharacter":{"no":0,"index":"1"},"content":"是啊","type":"chat"},{"replyDepth":0,"sCharacter":{"no":0,"index":"1"},"content":"窄门并不存在于基沃托斯的任何地方","type":"chat"},{"replyDepth":0,"sCharacter":{"no":0,"index":"1"},"content":"它是属于自己心里的所在","type":"chat"},{"replyDepth":0,"sCharacter":{"no":0,"index":"1"},"content":"就像经典里说的，你们要过窄门……","type":"chat"},{"replyDepth":0,"sCharacter":{"no":0,"index":"1"},"content":"咦？","type":"chat"},{"replyDepth":0,"sCharacter":{"no":0,"index":"1"},"content":"有件事我现在确信了","type":"info"},{"replyDepth":0,"sCharacter":{"no":0,"index":"1"},"content":"这一路上，我从没向莉音提过所谓的窄门","type":"info"},{"replyDepth":0,"sCharacter":{"no":0,"index":"1"},"content":"她依旧面对我笑而不语","type":"info"},{"replyDepth":0,"sCharacter":{"no":0,"index":"1"},"content":"莉音，你有事瞒着我对吧？","type":"chat"},{"replyDepth":0,"sCharacter":{"no":"调月莉音","index":"CH0158"},"content":"我没有刻意瞒着sensei哦","type":"chat"},{"replyDepth":0,"sCharacter":{"no":0,"index":"1"},"content":"她笑着说","type":"info"},{"replyDepth":0,"sCharacter":{"no":0,"index":"1"},"content":"那般甜美的笑容我根本无力招架","type":"info"},{"replyDepth":0,"sCharacter":{"no":"调月莉音","index":"CH0158"},"content":"是sensei自己太迟钝了","type":"chat"},{"replyDepth":0,"sCharacter":{"no":"调月莉音","index":"CH0158"},"content":"一路上，我等了sensei很多很多次，但你总是木木的","type":"chat"},{"replyDepth":0,"sCharacter":{"no":"调月莉音","index":"CH0158"},"content":"所以这次换我来吧","type":"chat"},{"replyDepth":0,"sCharacter":{"no":0,"index":"1"},"content":"她像是做好了什么准备似的，从手提包里拿出一样东西","type":"info"},{"replyDepth":0,"sCharacter":{"no":0,"index":"1"},"content":"是一本书","type":"info"},{"replyDepth":0,"sCharacter":{"no":0,"index":"1"},"content":"书名叫《字母的尽头》","type":"info"},{"replyDepth":0,"sCharacter":{"no":0,"index":"1"},"content":"啊……","type":"chat"},{"replyDepth":0,"sCharacter":{"no":0,"index":"1"},"content":"我说怎么哪儿都找不到呢","type":"chat"},{"replyDepth":0,"sCharacter":{"no":0,"index":"1"},"content":"原来是你拿走了","type":"chat"},{"replyDepth":0,"sCharacter":{"no":"调月莉音","index":"CH0158"},"content":"我只是那天来值日的时候，你碰巧不在","type":"chat"},{"replyDepth":0,"sCharacter":{"no":"调月莉音","index":"CH0158"},"content":"我看见你桌上放着本书，就拿起来翻了翻","type":"chat"},{"replyDepth":0,"sCharacter":{"no":"调月莉音","index":"CH0158"},"content":"未经同意擅自拿了你的书是不太应该","type":"chat"},{"replyDepth":0,"sCharacter":{"no":"调月莉音","index":"CH0158"},"content":"但sensei，会原谅我的吧？","type":"chat"},{"replyDepth":0,"sCharacter":{"no":0,"index":"1"},"content":"她冲着我扮了个卖萌的表情","type":"info"},{"replyDepth":0,"sCharacter":{"no":0,"index":"1"},"content":"很显然，这不符合她的个性，所以动作有些僵硬","type":"info"},{"replyDepth":0,"sCharacter":{"no":0,"index":"1"},"content":"但破坏力已经足够了，或者说正因如此才更危险","type":"info"},{"replyDepth":0,"sCharacter":{"no":0,"index":"1"},"content":"你太狡猾了……","type":"chat"},{"replyDepth":0,"sCharacter":{"no":0,"index":"1"},"content":"","type":"image","file":"GameData/BLDA/Emoji/stamps/ClanChat_Emoji_13_Jp.webp"},{"replyDepth":0,"sCharacter":{"no":"调月莉音","index":"CH0158"},"content":"诶嘿","type":"chat"},{"replyDepth":0,"sCharacter":{"no":"调月莉音","index":"CH0158"},"content":"不得不说，写得真的很好","type":"chat"},{"replyDepth":0,"sCharacter":{"no":"调月莉音","index":"CH0158"},"content":"从中段开始，我几乎是哭着读到最后的","type":"chat"},{"replyDepth":0,"sCharacter":{"no":0,"index":"1"},"content":"你能喜欢就再好不过了","type":"chat"},{"replyDepth":0,"sCharacter":{"no":0,"index":"1"},"content":"也确实，是个很感人的故事","type":"chat"},{"replyDepth":0,"sCharacter":{"no":0,"index":"1"},"content":"书中的主人公，是个突然被医生告知早已身患绝症，生命仅剩最后一个月的人","type":"info"},{"replyDepth":0,"sCharacter":{"no":0,"index":"1"},"content":"主角平静地接受了事实，回家后，他把一切告诉给深爱的妻子，便开始收拾行李","type":"info"},{"replyDepth":0,"sCharacter":{"no":0,"index":"1"},"content":"他要用最后一个月时间，带妻子环游世界","type":"info"},{"replyDepth":0,"sCharacter":{"no":0,"index":"1"},"content":"按首字母排序，他们去了26个地方","type":"info"},{"replyDepth":0,"sCharacter":{"no":0,"index":"1"},"content":"在最后的地点，窄门","type":"info"},{"replyDepth":0,"sCharacter":{"no":0,"index":"1"},"content":"丈夫同妻子挥手告别，然后向前来迎接他的死神张开了双臂","type":"info"},{"replyDepth":0,"sCharacter":{"no":"调月莉音","index":"CH0158"},"content":"书里的26个地点，就是我们这次旅途的所有目的地","type":"chat"},{"replyDepth":0,"sCharacter":{"no":0,"index":"1"},"content":"很遗憾，我把瓦尔登湖和瓦尔哈拉湖搞错了","type":"chat"},{"replyDepth":0,"sCharacter":{"no":0,"index":"1"},"content":"所以你其实一开始就发现了吗？","type":"chat"},{"replyDepth":0,"sCharacter":{"no":"调月莉音","index":"CH0158"},"content":"倒也没有，起初我以为只是巧合","type":"chat"},{"replyDepth":0,"sCharacter":{"no":"调月莉音","index":"CH0158"},"content":"是在丁梅斯代尔小圣堂的时候","type":"chat"},{"replyDepth":0,"sCharacter":{"no":"调月莉音","index":"CH0158"},"content":"前一个地点是赤冬的茨维塔耶娃镇","type":"chat"},{"replyDepth":0,"sCharacter":{"no":"调月莉音","index":"CH0158"},"content":"再往前是阿里乌斯的贝阿朵莉切大道","type":"chat"},{"replyDepth":0,"sCharacter":{"no":"调月莉音","index":"CH0158"},"content":"正常来说，离开阿里乌斯，不应该直接先去位于三一的小圣堂吗？","type":"chat"},{"replyDepth":0,"sCharacter":{"no":"调月莉音","index":"CH0158"},"content":"但我们大老远去了赤冬，隔一天又折回来三一","type":"chat"},{"replyDepth":0,"sCharacter":{"no":"调月莉音","index":"CH0158"},"content":"后面也有好几次这样来回折返","type":"chat"},{"replyDepth":0,"sCharacter":{"no":0,"index":"1"},"content":"是哦，感觉还是太刻意了","type":"chat"},{"replyDepth":0,"sCharacter":{"no":"调月莉音","index":"CH0158"},"content":"我也给过sensei暗示了","type":"chat"},{"replyDepth":0,"sCharacter":{"no":"调月莉音","index":"CH0158"},"content":"芬奇的小屋，是我提议要去的","type":"chat"},{"replyDepth":0,"sCharacter":{"no":"调月莉音","index":"CH0158"},"content":"sensei就不会觉得太凑巧吗？","type":"chat"},{"replyDepth":0,"sCharacter":{"no":"调月莉音","index":"CH0158"},"content":"","type":"image","file":"GameData/BLDA/CharFace/CH0158/6.webp"},{"replyDepth":0,"sCharacter":{"no":0,"index":"1"},"content":"会啊，但我以为真就只是凑巧嘛……","type":"chat"},{"replyDepth":0,"sCharacter":{"no":0,"index":"1"},"content":"","type":"image","file":"GameData/BLDA/Emoji/stamps/ClanChat_Emoji_13_Jp.webp"},{"replyDepth":0,"sCharacter":{"no":"调月莉音","index":"CH0158"},"content":"噗","type":"chat"},{"replyDepth":0,"sCharacter":{"no":"调月莉音","index":"CH0158"},"content":"你啊你啊","type":"chat"},{"replyDepth":0,"sCharacter":{"no":0,"index":"1"},"content":"莉音轻笑一声","type":"info"},{"replyDepth":0,"sCharacter":{"no":0,"index":"1"},"content":"本以为她要继续打趣我，没想到她却叹了口气，眉头也微微一蹙","type":"info"},{"replyDepth":0,"sCharacter":{"no":"调月莉音","index":"CH0158"},"content":"为什么sensei明明懂得那么多事情","type":"chat"},{"replyDepth":0,"sCharacter":{"no":"调月莉音","index":"CH0158"},"content":"却总是……","type":"chat"},{"replyDepth":0,"sCharacter":{"no":0,"index":"1"},"content":"总是？","type":"chat"},{"replyDepth":0,"sCharacter":{"no":"调月莉音","index":"CH0158"},"content":"总是察觉不到呢……","type":"chat"}],"MoeTalk":"0-6"}