{"CFID_0":{"name":"Bocchi138","link":"https://tieba.baidu.com/home/main?id=tb.1.152bee5a.BxDLty5yCWTVdLrqLpjbpA"},"CFID_1":{"name":"Velstadt-","link":"https://tieba.baidu.com/home/main?id=tb.1.dab25569.tTQcu91BN6o2ExQyQxr5KA"},"CFID_2":{"name":"女仆优香","link":"https://tieba.baidu.com/home/main?id=tb.1.9312ac00.QCOj-TpTukWX9YjgQ6yJdQ"},"CFID_3":{"name":"小沫不是末","link":"https://space.bilibili.com/1611507597"},"CFID_4":{"name":"巴啦啦小凉蛋","link":"https://space.bilibili.com/249137912"},"CFID_5":{"name":"废案","link":"https://kivo.wiki/"},"CFID_6":{"name":"朽神氵人名","link":"https://space.bilibili.com/31541520"},"CFID_7":{"name":"风来屿","link":"https://space.bilibili.com/1842504515"},"CFID_8":{"name":"輪ゴム","link":"https://space.bilibili.com/14990318"},"CFID_9":{"name":"rumumu99","link":"https://x.com/RuRumor999"},"CFID_10":{"name":"栗子味面包的TE工坊","link":"https://space.bilibili.com/3546791131745163"}}