{"CHAT":[{"content":"很久没有这样，和忧酱一起喝咖啡了呀","replyDepth":0,"type":"chat","sCharacter":{"no":0,"index":"1"}},{"content":"毕竟...毕竟老师除了来交换笔记的日子，最近都很少来古书馆嘛","replyDepth":0,"type":"chat","sCharacter":{"no":"古关忧","index":"CH0204_BG"}},{"content":"当然....我并没有埋怨老师什么....我也知道夏莱的工作很忙....听志美子说，老师甚至得在百鬼夜行自管区和大雪原间来回奔波....","replyDepth":0,"type":"chat","sCharacter":{"no":"古关忧","index":"CH0204_BG"}},{"file":"GameData/BLDA/CharFace/CH0204/2.webp","content":"CharFace","replyDepth":0,"type":"image","sCharacter":{"no":"古关忧","index":"CH0204_BG"}},{"content":"相信很多学生也请求过老师...让老师多陪陪自己吧...毕竟老师接触过那么多学生....我并不想也这样...为老师再增添一份麻烦","replyDepth":0,"type":"chat","sCharacter":{"no":"古关忧","index":"CH0204_BG"}},{"content":"真的不想吗","replyDepth":0,"type":"chat","sCharacter":{"no":0,"index":"1"}},{"content":".......","replyDepth":0,"type":"chat","sCharacter":{"no":"古关忧","index":"CH0204_BG"}},{"content":"......","replyDepth":0,"type":"chat","sCharacter":{"no":"古关忧","index":"CH0204_BG"}},{"file":"GameData/BLDA/CharFace/CH0204/7.webp","content":"CharFace","replyDepth":0,"type":"image","sCharacter":{"no":"古关忧","index":"CH0204_BG"}},{"content":"其实....也有点","replyDepth":0,"type":"chat","sCharacter":{"no":"古关忧","index":"CH0204_BG"}},{"content":"忧抬头看向天空，抿了一口咖啡","replyDepth":0,"type":"info","sCharacter":{"no":"古关忧","index":"CH0204_BG"}},{"file":"GameData/BLDA/CharFace/CH0204/3.webp","content":"CharFace","replyDepth":0,"type":"image","sCharacter":{"no":"古关忧","index":"CH0204_BG"}},{"content":"果然....我是个很麻烦的家伙呢.....","replyDepth":0,"type":"chat","sCharacter":{"no":"古关忧","index":"CH0204_BG"}},{"content":"忧酱是这么想自己的吗","replyDepth":0,"type":"chat","sCharacter":{"no":0,"index":"1"}},{"content":"....老师刚刚在路上，不是说了回消息的问题吗","replyDepth":0,"type":"chat","sCharacter":{"no":"古关忧","index":"CH0204_BG"}},{"content":"其实....我在作业途中也会时不时看下手机，那时候....也总是看到老师发来的消息，该怎么说....应该说赌气吗，我有时....有时会故意不去回复","replyDepth":0,"type":"chat","sCharacter":{"no":"古关忧","index":"CH0204_BG"}},{"file":"GameData/BLDA/CharFace/CFID_6/CharID_112-167/159.webp","content":"CharFace","replyDepth":0,"type":"image","sCharacter":{"no":"古关忧","index":"CH0204_BG"}},{"content":"心里想着...果然老师和外面的人才是一类，和我不一样....但想到这里....又总会掏出那孩子....回顾和老师以前写下的东西","replyDepth":0,"type":"chat","sCharacter":{"no":"古关忧","index":"CH0204_BG"}},{"content":"老师可一点也不介意忧酱这么想","replyDepth":0,"type":"chat","sCharacter":{"no":0,"index":"1"}},{"content":"而且，我也能打扰到忧酱最看重的日常作业","replyDepth":0,"type":"chat","sCharacter":{"no":0,"index":"1"}},{"content":"甚至有些意外的高兴呢","replyDepth":0,"type":"chat","sCharacter":{"no":0,"index":"1"}},{"content":"呋呋...如果书本修复工作出了问题...我可能得怪老师哦","replyDepth":0,"type":"chat","sCharacter":{"no":"古关忧","index":"CH0204_BG"}},{"file":"GameData/BLDA/CharFace/CFID_6/CharID_112-167/5.webp","content":"CharFace","replyDepth":0,"type":"image","sCharacter":{"no":"古关忧","index":"CH0204_BG"}},{"content":"收到，一不做二不休，下次我会用语音电话的！","replyDepth":0,"type":"chat","sCharacter":{"no":0,"index":"1"}},{"content":"这样忧酱就没法忽视了","replyDepth":0,"type":"chat","sCharacter":{"no":0,"index":"1"}},{"file":"GameData/BLDA/CharFace/CH0204/13.webp","content":"CharFace","replyDepth":0,"type":"image","sCharacter":{"no":"古关忧","index":"CH0204_BG"}},{"content":"唔....还请千万不用那样做","replyDepth":0,"type":"chat","sCharacter":{"no":"古关忧","index":"CH0204_BG"}},{"content":"哐隆隆.......","replyDepth":0,"type":"info","sCharacter":{"no":"古关忧","index":"CH0204_BG"}},{"content":"？那是...什么声音","replyDepth":0,"type":"chat","sCharacter":{"no":"古关忧","index":"CH0204_BG"}},{"content":"似乎是从远处传来的","replyDepth":0,"type":"chat","sCharacter":{"no":"古关忧","index":"CH0204_BG"}},{"content":"哐哐哐隆隆隆隆.........","replyDepth":0,"type":"info","sCharacter":{"no":0,"index":"1"}},{"file":"GameData/BLDA/CharFace/CH0204/10.webp","content":"CharFace","replyDepth":0,"type":"image","sCharacter":{"no":"古关忧","index":"CH0204_BG"}},{"content":"哇啊，怎么回事？","replyDepth":0,"type":"chat","sCharacter":{"no":"古关忧","index":"CH0204_BG"}},{"content":"是火山喷发吗","replyDepth":0,"type":"chat","sCharacter":{"no":0,"index":"1"}},{"content":"怎么可能，这又不是格黑娜.....地质怎么可能会有火山","replyDepth":0,"type":"chat","sCharacter":{"no":"古关忧","index":"CH0204_BG"}},{"content":"........","replyDepth":0,"type":"chat","sCharacter":{"no":"古关忧","index":"CH0204_BG"}},{"file":"GameData/BLDA/CharFace/CFID_6/CharID_112-167/151.webp","content":"CharFace","replyDepth":0,"type":"image","sCharacter":{"no":"古关忧","index":"CH0204_BG"}},{"content":"果然.....我还是放不下心，我想赶过去了看看","replyDepth":0,"type":"chat","sCharacter":{"no":"古关忧","index":"CH0204_BG"}},{"content":"没事，东西我来收拾","replyDepth":0,"type":"chat","sCharacter":{"no":0,"index":"1"}},{"content":"马上就向声音方向出发","replyDepth":0,"type":"chat","sCharacter":{"no":"0","index":"1"},"isFirst":false,"name":"","isLeft":true,"isCenter":false,"isRight":false,"is_breaking":false,"file":"","time":"","style":false}],"MoeTalk":"2-7"}