{"CHAT":[{"content":"其实刚刚...","replyDepth":0,"type":"chat","sCharacter":{"no":"早濑优香","index":"CH0184_BG"},"file":""},{"content":"我们先把时间拉回到几分钟前...","replyDepth":0,"type":"info","sCharacter":{"no":"早濑优香","index":"CH0184_BG"},"file":""},{"content":"爱丽丝，现在需要请求协助！","replyDepth":0,"type":"chat","sCharacter":{"no":"天童爱丽丝","index":"CH0200_BG"},"file":""},{"content":"哔哔哔——","replyDepth":0,"type":"chat","sCharacter":{"no":"AMAS","index":"NP0122"},"file":""},{"content":"那一刻，夏莱大楼，临时技术部门","replyDepth":0,"type":"info","sCharacter":{"no":"天童爱丽丝","index":"CH0200_BG"},"isFirst":false,"name":"","isLeft":false,"isCenter":true,"isRight":false,"is_breaking":false,"file":"","time":"","style":false},{"content":"嗯，AMAS无人机收到了使用者的高优先度请求？","replyDepth":0,"type":"chat","sCharacter":{"no":"明星日鞠","index":"CH0159_BG"},"file":""},{"file":"GameData/BLDA/CharFace/CH0159/2.webp","content":"CharFace","replyDepth":0,"type":"image","sCharacter":{"no":"明星日鞠","index":"CH0159_BG"}},{"content":"这是怎么一回事...","replyDepth":0,"type":"chat","sCharacter":{"no":"明星日鞠","index":"CH0159_BG"},"file":""},{"content":"（啪嗒啪嗒...滴滴——）","replyDepth":0,"type":"chat","sCharacter":{"no":"明星日鞠","index":"CH0159_BG"},"isFirst":false,"name":"","isLeft":false,"isCenter":true,"isRight":false,"is_breaking":false,"file":"","time":"","style":false},{"content":"AMAS的摄像头权限在...这里！","replyDepth":0,"type":"chat","sCharacter":{"no":"明星日鞠","index":"CH0159_BG"},"file":""},{"content":"日鞠的白色眼眸扫视着AMAS传回来的画面，没有放过任何一处细节","replyDepth":0,"type":"info","sCharacter":{"no":"明星日鞠","index":"CH0159_BG"},"isFirst":false,"name":"","isLeft":false,"isCenter":true,"isRight":false,"is_breaking":false,"file":"","time":"","style":false},{"content":"怎么这个地方会这么干净？","replyDepth":0,"type":"chat","sCharacter":{"no":"明星日鞠","index":"CH0159_BG"},"file":""},{"content":"而且怎么还会有一个人在这里？","replyDepth":0,"type":"chat","sCharacter":{"no":"明星日鞠","index":"CH0159_BG"},"isFirst":false,"name":"","isLeft":true,"isCenter":false,"isRight":false,"is_breaking":false,"file":"","time":"","style":false},{"content":"日鞠还在疑惑于传回来的奇怪画面的时候...\n终端接受到来自优香的通信","replyDepth":0,"type":"info","sCharacter":{"no":"明星日鞠","index":"CH0159_BG"},"file":""},{"content":"啊，这里是日鞠，请讲...","replyDepth":0,"type":"chat","sCharacter":{"no":"明星日鞠","index":"CH0159_BG"},"file":""},{"file":"GameData/BLDA/CharFace/CH0159/5.webp","content":"CharFace","replyDepth":0,"type":"image","sCharacter":{"no":"明星日鞠","index":"CH0159_BG"}},{"content":"日鞠，这到底是怎么回事？","replyDepth":0,"type":"chat","sCharacter":{"no":"早濑优香","index":"CH0184_BG"},"file":""},{"content":"为什么这台AMAS刚刚会发出那种声音？","replyDepth":0,"type":"chat","sCharacter":{"no":"早濑优香","index":"CH0184_BG"},"file":""},{"file":"GameData/BLDA/CharFace/CH0184/6.webp","content":"CharFace","replyDepth":0,"type":"image","sCharacter":{"no":"早濑优香","index":"CH0184_BG"}},{"content":"啊，因为这台AMAS无人机启用了高优先级服务请求功能...","replyDepth":0,"type":"chat","sCharacter":{"no":"明星日鞠","index":"CH0159_BG"},"file":""},{"content":"如果绑定的使用者发出一些明显的求助信号被系统判定为高优先度请求的话","replyDepth":0,"type":"chat","sCharacter":{"no":"明星日鞠","index":"CH0159_BG"},"file":""},{"content":"那么无人机会自动进行录制并把数据传输到终端上...","replyDepth":0,"type":"chat","sCharacter":{"no":"明星日鞠","index":"CH0159_BG"},"isFirst":false,"name":"","isLeft":true,"isCenter":false,"isRight":false,"is_breaking":false,"file":"","time":"","style":false},{"content":"比起这个，优香同学，发生什么了？","replyDepth":0,"type":"chat","sCharacter":{"no":"明星日鞠","index":"CH0159_BG"},"file":""},{"content":"怎么爱丽丝看起来这么着急...？","replyDepth":0,"type":"chat","sCharacter":{"no":"明星日鞠","index":"CH0159_BG"},"isFirst":false,"name":"","isLeft":true,"isCenter":false,"isRight":false,"is_breaking":false,"file":"","time":"","style":false},{"file":"GameData/BLDA/CharFace/CH0159/2.webp","content":"CharFace","replyDepth":0,"type":"image","sCharacter":{"no":"明星日鞠","index":"CH0159_BG"},"isFirst":false,"name":"","isLeft":true,"isCenter":false,"isRight":false,"is_breaking":false,"time":"","style":false},{"content":"长话短说吧，我们在废弃的餐饮区发现了这个有人经营的餐馆","replyDepth":0,"type":"chat","sCharacter":{"no":"早濑优香","index":"CH0184_BG"},"file":""},{"content":"现在这人一上来纠缠着我们不放，还要把那台AMAS无人机收走","replyDepth":0,"type":"chat","sCharacter":{"no":"早濑优香","index":"CH0184_BG"},"file":""},{"content":"我们现在不太好脱身...日鞠，你有没有什么办法保住AMAS？","replyDepth":0,"type":"chat","sCharacter":{"no":"早濑优香","index":"CH0184_BG"},"isFirst":false,"name":"","isLeft":true,"isCenter":false,"isRight":false,"is_breaking":false,"file":"","time":"","style":false},{"file":"GameData/BLDA/CharFace/CH0184/15.webp","content":"CharFace","replyDepth":0,"type":"image","sCharacter":{"no":"早濑优香","index":"CH0184_BG"}},{"content":"办法的话，是有的...","replyDepth":0,"type":"chat","sCharacter":{"no":"明星日鞠","index":"CH0159_BG"},"isFirst":false,"name":"","isLeft":true,"isCenter":false,"isRight":false,"is_breaking":false,"file":"","time":"","style":false},{"content":"我先短暂接管AMAS无人机的权限，但是我需要你配合我，让爱丽丝酱先安下心来","replyDepth":0,"type":"chat","sCharacter":{"no":"明星日鞠","index":"CH0159_BG"},"isFirst":false,"name":"","isLeft":true,"isCenter":false,"isRight":false,"is_breaking":false,"file":"","time":"","style":false},{"content":"毕竟无人机突然无端飞走的话，那孩子心里肯定会有所不安的...","replyDepth":0,"type":"chat","sCharacter":{"no":"明星日鞠","index":"CH0159_BG"},"isFirst":false,"name":"","isLeft":true,"isCenter":false,"isRight":false,"is_breaking":false,"file":"","time":"","style":false},{"content":"好的，那么拜托了...","replyDepth":0,"type":"chat","sCharacter":{"no":"早濑优香","index":"CH0184_BG"},"file":""},{"file":"GameData/BLDA/CharFace/CH0184/2.webp","content":"CharFace","replyDepth":0,"type":"image","sCharacter":{"no":"早濑优香","index":"CH0184_BG"}},{"content":"（结束通话）","replyDepth":0,"type":"chat","sCharacter":{"no":"早濑优香","index":"CH0184_BG"},"file":""},{"content":"嘟嘟——\n在优香讲清楚事情的原委之后...","replyDepth":0,"type":"info","sCharacter":{"no":"早濑优香","index":"CH0184_BG"},"isFirst":false,"name":"","isLeft":false,"isCenter":true,"isRight":false,"is_breaking":false,"file":"","time":"","style":false},{"content":"哦...爱丽丝明白了！","replyDepth":0,"type":"chat","sCharacter":{"no":"天童爱丽丝","index":"CH0200_BG"},"file":""},{"content":"原来是伙伴日鞠，暂时获取了重要道具的所有权！","replyDepth":0,"type":"chat","sCharacter":{"no":"天童爱丽丝","index":"CH0200_BG"},"file":"","isFirst":false,"name":"","isLeft":true,"isCenter":false,"isRight":false,"is_breaking":false,"time":"","style":false},{"file":"GameData/BLDA/CharFace/CH0200/3.webp","content":"CharFace","replyDepth":0,"type":"image","sCharacter":{"no":"天童爱丽丝","index":"CH0200_BG"}},{"content":"爱丽丝，可算是放下心了","replyDepth":0,"type":"chat","sCharacter":{"no":"天童爱丽丝","index":"CH0200_BG"},"file":""},{"content":"嗯...我们刚刚的情况，日鞠已经转告给佳代子他们和老师了","replyDepth":0,"type":"chat","sCharacter":{"no":"早濑优香","index":"CH0184_BG"},"file":""},{"content":"现在，我们得把这个可疑的家伙的伪装给揪出来！","replyDepth":0,"type":"chat","sCharacter":{"no":"早濑优香","index":"CH0184_BG"},"file":""},{"content":"各位friends，我们即将...呃...展开故事的旅途...","replyDepth":0,"type":"chat","sCharacter":{"no":"custom-250918-172349","index":"custom-250918-172349"},"file":""},{"content":"（小声）天呐，怎么这么拗口...","replyDepth":0,"type":"chat","sCharacter":{"no":"custom-250918-172349","index":"custom-250918-172349"},"file":""},{"content":"","replyDepth":0,"type":"info","sCharacter":{"no":"custom-250918-172349","index":"custom-250918-172349"},"file":""},{"content":"在“主理人”准备好餐品准备上菜的时候...\n另外一边，休闲体验区","replyDepth":0,"type":"info","sCharacter":{"no":"custom-250918-172349","index":"custom-250918-172349"},"isFirst":false,"name":"","isLeft":false,"isCenter":true,"isRight":false,"is_breaking":false,"file":"","time":"","style":false},{"content":"...好，我了解了，我们会多加留意的","replyDepth":0,"type":"chat","sCharacter":{"no":"鬼方佳代子","index":"CH0086_BG"},"file":""},{"file":"GameData/BLDA/CharFace/CH0086/99.webp","content":"CharFace","replyDepth":0,"type":"image","sCharacter":{"no":"鬼方佳代子","index":"CH0086_BG"}},{"content":"忧，刚刚我收到了日鞠同学的消息","replyDepth":0,"type":"chat","sCharacter":{"no":"鬼方佳代子","index":"CH0086_BG"},"isFirst":false,"name":"","isLeft":true,"isCenter":false,"isRight":false,"is_breaking":false,"file":"","time":"","style":false},{"content":"优香和爱丽丝她们遇到了些情况","replyDepth":0,"type":"chat","sCharacter":{"no":"鬼方佳代子","index":"CH0086_BG"},"isFirst":false,"name":"","isLeft":true,"isCenter":false,"isRight":false,"is_breaking":false,"file":"","time":"","style":false},{"content":"那边有可疑的人纠缠住了他们，我想应该是背后主使的手下","replyDepth":0,"type":"chat","sCharacter":{"no":"鬼方佳代子","index":"CH0086_BG"},"isFirst":false,"name":"","isLeft":true,"isCenter":false,"isRight":false,"is_breaking":false,"file":"","time":"","style":false},{"content":"我们现在，得多加小心才是","replyDepth":0,"type":"chat","sCharacter":{"no":"鬼方佳代子","index":"CH0086_BG"},"file":""},{"content":"嗯...知道了...","replyDepth":0,"type":"chat","sCharacter":{"no":"古关忧","index":"CH0169_BG"},"file":""},{"content":"这里...好冷清...好脏...","replyDepth":0,"type":"chat","sCharacter":{"no":"古关忧","index":"CH0169_BG"},"file":""},{"file":"GameData/BLDA/CharFace/CH0169/15.webp","content":"CharFace","replyDepth":0,"type":"image","sCharacter":{"no":"古关忧","index":"CH0169_BG"}},{"content":"衣服上，全是灰尘...","replyDepth":0,"type":"chat","sCharacter":{"no":"古关忧","index":"CH0169_BG"},"file":""},{"content":"我的木屐走起来的话，也不太方便啊...","replyDepth":0,"type":"chat","sCharacter":{"no":"鬼方佳代子","index":"CH0086_BG"},"file":""},{"file":"GameData/BLDA/CharFace/CH0086/7.webp","content":"CharFace","replyDepth":0,"type":"image","sCharacter":{"no":"鬼方佳代子","index":"CH0086_BG"}},{"content":"这地方到底已经多久没有人打理过了...","replyDepth":0,"type":"chat","sCharacter":{"no":"鬼方佳代子","index":"CH0086_BG"},"file":""},{"content":"忧和佳代子正漫步于已经被废弃的休闲区，这里曾经是设想中的亲子游客天地\n这个地方包含着多种娱乐设施，当然现在则是生锈攀爬架和泄气的蹦床区...\n在“亲水平台”牌子旁边则是已经干涸的池子，和断掉的栏杆...","replyDepth":0,"type":"info","sCharacter":{"no":"鬼方佳代子","index":"CH0086_BG"},"isFirst":false,"name":"","isLeft":false,"isCenter":true,"isRight":false,"is_breaking":false,"file":"","time":"","style":false},{"content":"据传，正是因亲水平台疏于维护，才导致有一个孩童在亲水平台摔下受伤\n加之公关部门在处理这件事情上的拖延怠慢和推卸责任...\n才导致这个曾经可能成为标志性旅游点的度假村就此衰落","replyDepth":0,"type":"info","sCharacter":{"no":"鬼方佳代子","index":"CH0086_BG"},"file":""},{"content":"巡视了一圈，感觉没有什么奇怪的地方...","replyDepth":0,"type":"chat","sCharacter":{"no":"鬼方佳代子","index":"CH0086_BG"},"file":""},{"content":"暂时没有发现有人员活动的迹象...","replyDepth":0,"type":"chat","sCharacter":{"no":"鬼方佳代子","index":"CH0086_BG"},"file":""},{"content":"那接下来就只剩下那个古代遗迹还没进去过了","replyDepth":0,"type":"chat","sCharacter":{"no":"鬼方佳代子","index":"CH0086_BG"},"file":"","isFirst":false,"name":"","isLeft":true,"isCenter":false,"isRight":false,"is_breaking":false,"time":"","style":false},{"file":"GameData/BLDA/CharFace/CH0086/4.webp","content":"CharFace","replyDepth":0,"type":"image","sCharacter":{"no":"鬼方佳代子","index":"CH0086_BG"}},{"content":"总部，这里是佳代子，我和忧已经初步调查完毕，没有发现人为活动的痕迹","replyDepth":0,"type":"chat","sCharacter":{"no":"鬼方佳代子","index":"CH0086_BG"},"isFirst":false,"name":"","isLeft":true,"isCenter":false,"isRight":false,"is_breaking":false,"file":"","time":"","style":false},{"content":"并且，也没有发现有游乐场的任何踪迹，完毕...","replyDepth":0,"type":"chat","sCharacter":{"no":"鬼方佳代子","index":"CH0086_BG"},"file":"","isFirst":false,"name":"","isLeft":true,"isCenter":false,"isRight":false,"is_breaking":false,"time":"","style":false},{"content":"有些反常的是，佳代子的报告没有得到亚子或者日鞠的肯定","replyDepth":0,"type":"info","sCharacter":{"no":"明星日鞠","index":"CH0159_BG"},"file":""},{"content":"没有回应吗？真是奇怪...","replyDepth":0,"type":"chat","sCharacter":{"no":"鬼方佳代子","index":"CH0086_BG"},"file":""},{"content":"但愿她们能收到我的消息吧...","replyDepth":0,"type":"chat","sCharacter":{"no":"鬼方佳代子","index":"CH0086_BG"},"file":""},{"content":"佳代子通报完消息上去后，发现忧正从箱子里掏出一本古籍...","replyDepth":0,"type":"info","sCharacter":{"no":"鬼方佳代子","index":"CH0086_BG"},"file":"","isFirst":false,"name":"","isLeft":false,"isCenter":true,"isRight":false,"is_breaking":false,"time":"","style":false},{"content":"嗯...忧同学，怎么这时候要翻看古书？","replyDepth":0,"type":"chat","sCharacter":{"no":"鬼方佳代子","index":"CH0086_BG"},"isFirst":false,"name":"","isLeft":true,"isCenter":false,"isRight":false,"is_breaking":false,"file":"","time":"","style":false},{"content":"因为...有一个孩子，知道什么是古代遗址...","replyDepth":0,"type":"chat","sCharacter":{"no":"古关忧","index":"CH0169_BG"},"file":""},{"content":"而我正好...也把这个孩子给带过来了...","replyDepth":0,"type":"chat","sCharacter":{"no":"古关忧","index":"CH0169_BG"},"isFirst":false,"name":"","isLeft":true,"isCenter":false,"isRight":false,"is_breaking":false,"file":"","time":"","style":false},{"content":"嗯...这个地方，这个孩子和我说...在这里，有一种“根源”在里面...","replyDepth":0,"type":"chat","sCharacter":{"no":"古关忧","index":"CH0169_BG"},"isFirst":false,"name":"","isLeft":true,"isCenter":false,"isRight":false,"is_breaking":false,"file":"","time":"","style":false},{"content":"这种“根源”，可以复制产生任何的情感并把它们显现出来...","replyDepth":0,"type":"chat","sCharacter":{"no":"古关忧","index":"CH0169_BG"},"isFirst":false,"name":"","isLeft":true,"isCenter":false,"isRight":false,"is_breaking":false,"file":"","time":"","style":false},{"file":"GameData/BLDA/CharFace/CH0169/2.webp","content":"CharFace","replyDepth":0,"type":"image","sCharacter":{"no":"古关忧","index":"CH0169_BG"}},{"content":"嗯...这座岛上...还有我们不知道的东西...","replyDepth":0,"type":"chat","sCharacter":{"no":"古关忧","index":"CH0169_BG"},"file":""},{"content":"感觉好难懂啊...","replyDepth":0,"type":"chat","sCharacter":{"no":"鬼方佳代子","index":"CH0086_BG"},"file":""},{"file":"GameData/BLDA/CharFace/CH0086/4.webp","content":"CharFace","replyDepth":0,"type":"image","sCharacter":{"no":"鬼方佳代子","index":"CH0086_BG"}},{"content":"那么，这个“根源”现在在何处呢？","replyDepth":0,"type":"chat","sCharacter":{"no":"鬼方佳代子","index":"CH0086_BG"},"file":""},{"content":"这个孩子...只能告诉我们“根源”的存在...","replyDepth":0,"type":"chat","sCharacter":{"no":"古关忧","index":"CH0169_BG"},"file":""},{"content":"但他也无法预测...“根源”的去向如何...","replyDepth":0,"type":"chat","sCharacter":{"no":"古关忧","index":"CH0169_BG"},"isFirst":false,"name":"","isLeft":true,"isCenter":false,"isRight":false,"is_breaking":false,"file":"","time":"","style":false},{"content":"不过，虽然现在...还是大太阳顶着...","replyDepth":0,"type":"chat","sCharacter":{"no":"古关忧","index":"CH0169_BG"},"file":""},{"file":"GameData/BLDA/CharFace/CH0169/6.webp","content":"CharFace","replyDepth":0,"type":"image","sCharacter":{"no":"古关忧","index":"CH0169_BG"}},{"content":"但...比起刚下机那会...却还是能忍受一下的...","replyDepth":0,"type":"chat","sCharacter":{"no":"古关忧","index":"CH0169_BG"},"isFirst":false,"name":"","isLeft":true,"isCenter":false,"isRight":false,"is_breaking":false,"file":"","time":"","style":false},{"content":"是啊...现在反倒没觉得那么热了...","replyDepth":0,"type":"chat","sCharacter":{"no":"鬼方佳代子","index":"CH0086_BG"},"file":""},{"content":"就算今天是晴朗天气，也不会至于像刚下直升机那会如此反常的热...","replyDepth":0,"type":"chat","sCharacter":{"no":"鬼方佳代子","index":"CH0086_BG"},"isFirst":false,"name":"","isLeft":true,"isCenter":false,"isRight":false,"is_breaking":false,"file":"","time":"","style":false},{"content":"难道说，其实这股奇怪的热浪就是...","replyDepth":0,"type":"chat","sCharacter":{"no":"鬼方佳代子","index":"CH0086_BG"},"file":""},{"file":"GameData/BLDA/CharFace/CH0086/5.webp","content":"CharFace","replyDepth":0,"type":"image","sCharacter":{"no":"鬼方佳代子","index":"CH0086_BG"}},{"content":"啊...我们到了...这个孩子为我们所指的地方...就在这里...","replyDepth":0,"type":"chat","sCharacter":{"no":"古关忧","index":"CH0169_BG"},"file":""},{"file":"GameData/BLDA/CharFace/CH0169/2.webp","content":"CharFace","replyDepth":0,"type":"image","sCharacter":{"no":"古关忧","index":"CH0169_BG"}},{"content":"二人发现自己在一处断壁残垣前\n在断壁残垣后面，则是一座长满苔藓和藤蔓的破败寺庙\n但，明明根据情报显示是无人问津的寺庙，门口却出现了强行闯入的痕迹","replyDepth":0,"type":"info","sCharacter":{"no":"古关忧","index":"CH0169_BG"},"isFirst":false,"name":"","isLeft":false,"isCenter":true,"isRight":false,"is_breaking":false,"file":"","time":"","style":false},{"content":"等等，这个地方，有人来过...","replyDepth":0,"type":"chat","sCharacter":{"no":"鬼方佳代子","index":"CH0086_BG"},"file":""},{"file":"GameData/BLDA/CharFace/CH0086/5.webp","content":"CharFace","replyDepth":0,"type":"image","sCharacter":{"no":"鬼方佳代子","index":"CH0086_BG"}},{"content":"明明是在以前没人来过的遗迹，门口怎么会有硝烟和火药的痕迹...","replyDepth":0,"type":"chat","sCharacter":{"no":"鬼方佳代子","index":"CH0086_BG"},"file":""},{"content":"佳代子上前，用手指抹了一下，手指上都是黑色的火药残渣\n并且，在附近的杂草从，似乎有和绿色不相一致的东西存在...","replyDepth":0,"type":"info","sCharacter":{"no":"鬼方佳代子","index":"CH0086_BG"},"isFirst":false,"name":"","isLeft":false,"isCenter":true,"isRight":false,"is_breaking":false,"file":"","time":"","style":false},{"content":"（扒开杂草丛，定睛一看）","replyDepth":0,"type":"chat","sCharacter":{"no":"鬼方佳代子","index":"CH0086_BG"},"file":""},{"content":"果然如此...忧，我们必须要多加小心才是...","replyDepth":0,"type":"chat","sCharacter":{"no":"鬼方佳代子","index":"CH0086_BG"},"isFirst":false,"name":"","isLeft":true,"isCenter":false,"isRight":false,"is_breaking":false,"file":"","time":"","style":false},{"content":"这是...雷，雷管和起爆器？","replyDepth":0,"type":"chat","sCharacter":{"no":"古关忧","index":"CH0169_BG"},"file":""},{"file":"GameData/BLDA/CharFace/CH0169/4.webp","content":"CharFace","replyDepth":0,"type":"image","sCharacter":{"no":"古关忧","index":"CH0169_BG"}},{"content":"没错，有人在这里使用了类似塑胶炸药的爆破物炸开了寺庙的大门...","replyDepth":0,"type":"chat","sCharacter":{"no":"鬼方佳代子","index":"CH0086_BG"},"isFirst":false,"name":"","isLeft":true,"isCenter":false,"isRight":false,"is_breaking":false,"file":"","time":"","style":false},{"content":"别看现在这个门看起来完好无损...其实...","replyDepth":0,"type":"chat","sCharacter":{"no":"鬼方佳代子","index":"CH0086_BG"},"isFirst":false,"name":"","isLeft":true,"isCenter":false,"isRight":false,"is_breaking":false,"file":"","time":"","style":false},{"file":"GameData/BLDA/CharFace/CH0086/5.webp","content":"CharFace","replyDepth":0,"type":"image","sCharacter":{"no":"鬼方佳代子","index":"CH0086_BG"}},{"content":"佳代子稍稍推了一下，看起来完好无损的大门瞬间向后倒塌...\n大门倒下，扬起了很多的粉尘...","replyDepth":0,"type":"info","sCharacter":{"no":"鬼方佳代子","index":"CH0086_BG"},"file":""},{"content":"咳咳...现在我们进去吧...","replyDepth":0,"type":"chat","sCharacter":{"no":"鬼方佳代子","index":"CH0086_BG"},"file":""},{"file":"GameData/BLDA/CharFace/CH0086/7.webp","content":"CharFace","replyDepth":0,"type":"image","sCharacter":{"no":"鬼方佳代子","index":"CH0086_BG"}},{"content":"在我们搞清楚这里是怎么一回事后，马上折返跟老师还有其他人汇合","replyDepth":0,"type":"chat","sCharacter":{"no":"鬼方佳代子","index":"CH0086_BG"},"isFirst":false,"name":"","isLeft":true,"isCenter":false,"isRight":false,"is_breaking":false,"file":"","time":"","style":false},{"content":"（掏出腰间的手枪，检查枪膛里的弹药）","replyDepth":0,"type":"chat","sCharacter":{"no":"鬼方佳代子","index":"CH0086_BG"},"isFirst":false,"name":"","isLeft":true,"isCenter":false,"isRight":false,"is_breaking":false,"file":"","time":"","style":false},{"file":"GameData/BLDA/CharFace/CH0169/5.webp","content":"CharFace","replyDepth":0,"type":"image","sCharacter":{"no":"古关忧","index":"CH0169_BG"}},{"content":"（把书放回箱子，并确认卡宾枪正常工作）","replyDepth":0,"type":"chat","sCharacter":{"no":"古关忧","index":"CH0169_BG"},"file":"","isFirst":false,"name":"","isLeft":true,"isCenter":false,"isRight":false,"is_breaking":false,"time":"","style":false},{"content":"忧，我们现在进去吧","replyDepth":0,"type":"chat","sCharacter":{"no":"鬼方佳代子","index":"CH0086_BG"},"file":"","isFirst":false,"name":"","isLeft":true,"isCenter":false,"isRight":false,"is_breaking":false,"time":"","style":false},{"content":"务必要跟紧我，不要落下了！","replyDepth":0,"type":"chat","sCharacter":{"no":"鬼方佳代子","index":"CH0086_BG"},"file":"","isFirst":false,"name":"","isLeft":true,"isCenter":false,"isRight":false,"is_breaking":false,"time":"","style":false}],"MoeTalk":"4-8"}