{"CHAT":[{"content":"脑袋一片空白的我没有回应老师刚才的话","replyDepth":0,"type":"info","sCharacter":{"no":"老师","index":"Sensei"}},{"content":"做…做我的阳光…？","replyDepth":0,"type":"info","sCharacter":{"no":"老师","index":"Sensei"}},{"content":"这是在表白吗…？","replyDepth":0,"type":"info","sCharacter":{"no":"老师","index":"Sensei"}},{"content":"对我……？","replyDepth":0,"type":"info","sCharacter":{"no":"老师","index":"Sensei"}},{"content":"不可能不可能，一定是我理解错了","replyDepth":0,"type":"info","sCharacter":{"no":"老师","index":"Sensei"}},{"content":"我这种人怎么可能…","replyDepth":0,"type":"info","sCharacter":{"no":"老师","index":"Sensei"}},{"content":"老师…我们这是去哪里…","replyDepth":0,"type":"chat","sCharacter":{"no":"0","index":"1"},"isFirst":false,"name":"","isLeft":true,"isCenter":false,"isRight":false,"is_breaking":false,"file":"","time":"","style":false},{"content":"去昨晚我们看到的那个水潭","replyDepth":0,"type":"chat","sCharacter":{"no":"老师","index":"Sensei"}},{"content":"应该是我没有回应老师的缘故","replyDepth":0,"type":"info","sCharacter":{"no":"老师","index":"Sensei"}},{"content":"我们之间的气氛变得有些怪怪的","replyDepth":0,"type":"info","sCharacter":{"no":"老师","index":"Sensei"}},{"content":"我和老师的手还牵着","replyDepth":0,"type":"info","sCharacter":{"no":"老师","index":"Sensei"}},{"content":"一边我又觉得自己配不上老师的好","replyDepth":0,"type":"info","sCharacter":{"no":"老师","index":"Sensei"}},{"content":"一边我又不愿意放开","replyDepth":0,"type":"info","sCharacter":{"no":"老师","index":"Sensei"}},{"content":"这种矛盾的感觉…好难受","replyDepth":0,"type":"info","sCharacter":{"no":"老师","index":"Sensei"}},{"content":"唔……","replyDepth":0,"type":"chat","sCharacter":{"no":0,"index":1}},{"content":"已经能看到了…","replyDepth":0,"type":"chat","sCharacter":{"no":"老师","index":"Sensei"}},{"content":"大白天来其实没什么东西","replyDepth":0,"type":"chat","sCharacter":{"no":"老师","index":"Sensei"}},{"content":"萤火虫白天也不发光","replyDepth":0,"type":"chat","sCharacter":{"no":"老师","index":"Sensei"}},{"content":"但是…","replyDepth":0,"type":"chat","sCharacter":{"no":0,"index":1}},{"content":"春香想看不是吗","replyDepth":0,"type":"chat","sCharacter":{"no":"老师","index":"Sensei"}},{"content":"嗯…","replyDepth":0,"type":"chat","sCharacter":{"no":0,"index":1}},{"file":"GameData/BLDA/CharFace/haruka/1.webp","content":"CharFace","replyDepth":0,"type":"image","sCharacter":{"no":"0","index":"1"},"isFirst":false,"name":"","isLeft":true,"isCenter":false,"isRight":false,"is_breaking":false,"time":"","style":false},{"content":"那个…","replyDepth":0,"type":"chat","sCharacter":{"no":0,"index":1}},{"content":"老师刚才说的","replyDepth":0,"type":"chat","sCharacter":{"no":0,"index":1}},{"content":"老师按住了我的嘴","replyDepth":0,"type":"info","sCharacter":{"no":0,"index":1}},{"content":"想好了再回答…","replyDepth":0,"type":"chat","sCharacter":{"no":"老师","index":"Sensei"}},{"content":"我尊重春香的想法…","replyDepth":0,"type":"chat","sCharacter":{"no":"老师","index":"Sensei"}},{"content":"而且","replyDepth":0,"type":"chat","sCharacter":{"no":"老师","index":"Sensei"}},{"content":"这不一定会改变什么","replyDepth":0,"type":"chat","sCharacter":{"no":"老师","index":"Sensei"}},{"content":"（笑）","replyDepth":0,"type":"chat","sCharacter":{"no":"老师","index":"Sensei"}},{"content":"好","replyDepth":0,"type":"chat","sCharacter":{"no":0,"index":1}},{"file":"GameData/BLDA/CharFace/haruka/99.webp","content":"CharFace","replyDepth":0,"type":"image","sCharacter":{"no":"0","index":"1"},"isFirst":false,"name":"","isLeft":true,"isCenter":false,"isRight":false,"is_breaking":false,"time":"","style":false},{"content":"如果是平时的我，大概已经说出好想死之类的话了吧","replyDepth":0,"type":"info","sCharacter":{"no":"伊草遥香","index":"Haruka_BG"}},{"content":"但是为什么…现在不想这么做","replyDepth":0,"type":"info","sCharacter":{"no":"伊草遥香","index":"Haruka_BG"}},{"content":"老师口中的水潭真的很小很浅","replyDepth":0,"type":"info","sCharacter":{"no":"伊草遥香","index":"Haruka_BG"}},{"content":"但潭水很清澈，里面也有一些水藻","replyDepth":0,"type":"info","sCharacter":{"no":"伊草遥香","index":"Haruka_BG"}},{"content":"这些也要记下…","replyDepth":0,"type":"chat","sCharacter":{"no":0,"index":1}},{"content":"我站在岸边尽力地往里看","replyDepth":0,"type":"info","sCharacter":{"no":0,"index":1}},{"content":"再向前一步，再…","replyDepth":0,"type":"info","sCharacter":{"no":0,"index":1}},{"content":"啊——！","replyDepth":0,"type":"chat","sCharacter":{"no":0,"index":1}},{"content":"世界在我眼前旋转","replyDepth":0,"type":"info","sCharacter":{"no":0,"index":1}},{"content":"失重感裹挟着我向地上倒去","replyDepth":0,"type":"info","sCharacter":{"no":0,"index":1}},{"content":"但在我落地时，背上仍传来了柔软的触感","replyDepth":0,"type":"info","sCharacter":{"no":0,"index":1}},{"content":"老师……！","replyDepth":0,"type":"chat","sCharacter":{"no":0,"index":1}},{"content":"咳咳…春香…","replyDepth":0,"type":"chat","sCharacter":{"no":"老师","index":"Sensei"}},{"content":"没事吧？","replyDepth":0,"type":"chat","sCharacter":{"no":"老师","index":"Sensei"}},{"content":"没有…应该是踩到烂泥滑倒了…","replyDepth":0,"type":"chat","sCharacter":{"no":0,"index":1}},{"content":"对不起对不起对不起对不起…","replyDepth":0,"type":"chat","sCharacter":{"no":0,"index":1}},{"content":"又把老师弄得脏脏的…","replyDepth":0,"type":"chat","sCharacter":{"no":0,"index":1}},{"content":"我………","replyDepth":0,"type":"chat","sCharacter":{"no":0,"index":1}},{"file":"GameData/BLDA/CharFace/haruka/7.webp","content":"CharFace","replyDepth":0,"type":"image","sCharacter":{"no":"0","index":"1"},"isFirst":false,"name":"","isLeft":true,"isCenter":false,"isRight":false,"is_breaking":false,"time":"","style":false},{"content":"老师弹了一下我的额头","replyDepth":0,"type":"info","sCharacter":{"no":0,"index":1}},{"content":"说什么呢…","replyDepth":0,"type":"chat","sCharacter":{"no":"老师","index":"Sensei"}},{"content":"保护自己的学生是老师该做的","replyDepth":0,"type":"chat","sCharacter":{"no":"老师","index":"Sensei"}},{"content":"可是…我这样的学生","replyDepth":0,"type":"chat","sCharacter":{"no":0,"index":1}},{"content":"真的值得您这么做吗","replyDepth":0,"type":"chat","sCharacter":{"no":0,"index":1}},{"file":"GameData/BLDA/CharFace/haruka/5.webp","content":"CharFace","replyDepth":0,"type":"image","sCharacter":{"no":"0","index":"1"},"isFirst":false,"name":"","isLeft":true,"isCenter":false,"isRight":false,"is_breaking":false,"time":"","style":false},{"content":"我…我配不上…","replyDepth":0,"type":"chat","sCharacter":{"no":0,"index":1}},{"content":"春香","replyDepth":0,"type":"chat","sCharacter":{"no":"老师","index":"Sensei"}},{"content":"杂草会知道阳光是自己应得的","replyDepth":0,"type":"chat","sCharacter":{"no":"老师","index":"Sensei"}},{"content":"你也一样","replyDepth":0,"type":"chat","sCharacter":{"no":"老师","index":"Sensei"}},{"content":"无论是我，还是阿露，还是其他人","replyDepth":0,"type":"chat","sCharacter":{"no":"老师","index":"Sensei"}},{"content":"我们对你的关心，都是你应得的","replyDepth":0,"type":"chat","sCharacter":{"no":"老师","index":"Sensei"}},{"content":"现在…是你要选择","replyDepth":0,"type":"chat","sCharacter":{"no":"老师","index":"Sensei"}},{"content":"我不明白…","replyDepth":0,"type":"chat","sCharacter":{"no":0,"index":1}},{"content":"你不需要这么早明白","replyDepth":0,"type":"chat","sCharacter":{"no":"老师","index":"Sensei"}},{"content":"如果你接受我的心意…","replyDepth":0,"type":"chat","sCharacter":{"no":"老师","index":"Sensei"}},{"content":"回去的车上，陪我看日出好吗","replyDepth":0,"type":"chat","sCharacter":{"no":"老师","index":"Sensei"}},{"content":"嗯…","replyDepth":0,"type":"chat","sCharacter":{"no":0,"index":1}},{"file":"GameData/BLDA/CharFace/haruka/1.webp","content":"CharFace","replyDepth":0,"type":"image","sCharacter":{"no":"0","index":"1"},"isFirst":false,"name":"","isLeft":true,"isCenter":false,"isRight":false,"is_breaking":false,"time":"","style":false},{"content":"好","replyDepth":0,"type":"chat","sCharacter":{"no":"老师","index":"Sensei"}},{"content":"收！","replyDepth":0,"type":"chat","sCharacter":{"no":"老师","index":"Sensei"}},{"content":"现在不要想这些了","replyDepth":0,"type":"chat","sCharacter":{"no":"老师","index":"Sensei"}},{"content":"还是来找找萤火虫的下落吧！","replyDepth":0,"type":"chat","sCharacter":{"no":"老师","index":"Sensei"}},{"content":"我决定听老师的话，不再去想那些","replyDepth":0,"type":"info","sCharacter":{"no":"老师","index":"Sensei"}},{"content":"而是尝试去接受，或者说，认为自己可以接受大家的热情","replyDepth":0,"type":"info","sCharacter":{"no":"老师","index":"Sensei"}},{"content":"（嘿嘿）","replyDepth":0,"type":"chat","sCharacter":{"no":"浅黄睦月","index":"Mutsuki_BG"},"isFirst":false,"name":"睦月（一直在旁边观察）","isLeft":true,"isCenter":false,"isRight":false,"is_breaking":false,"file":"","time":"","style":false},{"content":"（昨晚把那里的泥踩开果然是对的）","replyDepth":0,"type":"chat","sCharacter":{"no":"浅黄睦月","index":"Mutsuki_BG"},"isFirst":false,"name":"睦月（一直在旁边观察）","isLeft":true,"isCenter":false,"isRight":false,"is_breaking":false,"file":"","time":"","style":false},{"content":"恶作剧，成功✌","replyDepth":0,"type":"chat","sCharacter":{"no":"浅黄睦月","index":"Mutsuki_BG"},"isFirst":false,"name":"睦月（一直在旁边观察）","isLeft":true,"isCenter":false,"isRight":false,"is_breaking":false,"file":"","time":"","style":false},{"file":"GameData/BLDA/CharFace/mutsuki/0.webp","content":"CharFace","replyDepth":0,"type":"image","sCharacter":{"no":"浅黄睦月","index":"Mutsuki_BG"},"isFirst":false,"name":"睦月（一直在旁边观察）","isLeft":true,"isCenter":false,"isRight":false,"is_breaking":false,"time":"","style":false}],"MoeTalk":"6-11"}