{"CHAT":[{"content":"《关于基沃托斯近海岛屿的调查报告》","replyDepth":0,"type":"info","sCharacter":{"no":"伊草遥香","index":"Haruka_BG"}},{"content":"地质构成：表层主要由玄武岩，石灰岩构成，没有花岗岩的痕迹","replyDepth":0,"type":"info","sCharacter":{"no":"伊草遥香","index":"Haruka_BG"}},{"content":"岩层表面多褶皱，存在断层，部分变形剧烈","replyDepth":0,"type":"info","sCharacter":{"no":"伊草遥香","index":"Haruka_BG"}},{"content":"推测成因：因剧烈地质运动而浮出水面","replyDepth":0,"type":"info","sCharacter":{"no":"伊草遥香","index":"Haruka_BG"}},{"content":"植被稀少，主要为地衣，苔藓等","replyDepth":0,"type":"info","sCharacter":{"no":"伊草遥香","index":"Haruka_BG"}},{"content":"无昆虫，动物活动痕迹","replyDepth":0,"type":"info","sCharacter":{"no":"伊草遥香","index":"Haruka_BG"}},{"content":"呼……","replyDepth":0,"type":"chat","sCharacter":{"no":0,"index":1}},{"content":"说起来也真是神奇呢…","replyDepth":0,"type":"chat","sCharacter":{"no":0,"index":1}},{"content":"把报告提交给凛之后，我也在回忆着这一趟旅行","replyDepth":0,"type":"info","sCharacter":{"no":0,"index":1}},{"content":"其实某些事实我们并没有公开","replyDepth":0,"type":"info","sCharacter":{"no":0,"index":1}},{"content":"比如说，岛上的森林，还有所谓的“萤火虫”","replyDepth":0,"type":"info","sCharacter":{"no":0,"index":1}},{"content":"“咚咚”","replyDepth":0,"type":"info","sCharacter":{"no":0,"index":1}},{"content":"请进","replyDepth":0,"type":"chat","sCharacter":{"no":0,"index":1}},{"content":"老师，关于那座岛…","replyDepth":0,"type":"chat","sCharacter":{"no":"鬼方佳代子","index":"Kayoko_BG"}},{"content":"啊…报告我已经交上去了","replyDepth":0,"type":"chat","sCharacter":{"no":0,"index":1}},{"content":"没提到幽灵的事情","replyDepth":0,"type":"chat","sCharacter":{"no":0,"index":1}},{"content":"说起来我也很意外，但毕竟亲眼所见","replyDepth":0,"type":"chat","sCharacter":{"no":"鬼方佳代子","index":"Kayoko_BG"}},{"content":"是啊…","replyDepth":0,"type":"chat","sCharacter":{"no":0,"index":1}},{"content":"春香看到的红光，居然真的是幽灵","replyDepth":0,"type":"chat","sCharacter":{"no":0,"index":1}},{"content":"那天晚上，我们在树林里其实根本没看到发红光的萤火虫","replyDepth":0,"type":"info","sCharacter":{"no":0,"index":1}},{"content":"睦月追着去的红光，是一个不可名状的东西","replyDepth":0,"type":"info","sCharacter":{"no":0,"index":1}},{"content":"我和佳代子赶到的时候，那团红光已经化作了人形","replyDepth":0,"type":"info","sCharacter":{"no":0,"index":1}},{"content":"我们，和它做了一个简单的交易","replyDepth":0,"type":"info","sCharacter":{"no":0,"index":1}},{"content":"它要我们帮它找到这个岛最初的主人","replyDepth":0,"type":"chat","sCharacter":{"no":"鬼方佳代子","index":"Kayoko_BG"}},{"content":"我们的确找到了，不是吗","replyDepth":0,"type":"chat","sCharacter":{"no":0,"index":1}},{"content":"而它也遵守了约定，没再出现过","replyDepth":0,"type":"info","sCharacter":{"no":0,"index":1}},{"content":"但是我和睦月大概都没有想到，最后的答案居然是…","replyDepth":0,"type":"chat","sCharacter":{"no":"鬼方佳代子","index":"Kayoko_BG"}},{"content":"杂草","replyDepth":0,"type":"info","sCharacter":{"no":"鬼方佳代子","index":"Kayoko_BG"}},{"content":"仔细想想也没错啊，杂草确实是这个岛最初的主人嘛…","replyDepth":0,"type":"chat","sCharacter":{"no":0,"index":1}},{"content":"如果说它真的是幽灵，那那个盒子大概就是它生前留下的","replyDepth":0,"type":"chat","sCharacter":{"no":0,"index":1}},{"content":"但这些都已经无从考证了","replyDepth":0,"type":"chat","sCharacter":{"no":"鬼方佳代子","index":"Kayoko_BG"}},{"content":"我打开电视，电视正播放着又一则紧急新闻","replyDepth":0,"type":"info","sCharacter":{"no":"鬼方佳代子","index":"Kayoko_BG"}},{"content":"基沃托斯的朋友们大家好！","replyDepth":0,"type":"chat","sCharacter":{"no":"川流诗乃","index":"Shinon"}},{"content":"这里是克洛诺斯新闻部","replyDepth":0,"type":"chat","sCharacter":{"no":"舞","index":"Mai"}},{"content":"直升机上，与半个月前如出一辙的视角","replyDepth":0,"type":"info","sCharacter":{"no":"舞","index":"Mai"}},{"content":"就在两个小时前，有一位匿名人士报告，先前我们找到的那座小岛，又消失不见了！","replyDepth":0,"type":"chat","sCharacter":{"no":"川流诗乃","index":"Shinon"}},{"content":"据地质专家指出，这大概是地壳运动导致原本从海中浮出的岛又沉入了海底","replyDepth":0,"type":"chat","sCharacter":{"no":"舞","index":"Mai"}},{"content":"而如此夸张的海底地震，在世上亦是奇观","replyDepth":0,"type":"chat","sCharacter":{"no":"川流诗乃","index":"Shinon"}},{"content":"新闻部的朋友们在此提醒广大观众做好防震准备","replyDepth":0,"type":"chat","sCharacter":{"no":"川流诗乃","index":"Shinon"}},{"content":"两天内可能有余震沿海岸线冲击基沃托斯","replyDepth":0,"type":"chat","sCharacter":{"no":"川流诗乃","index":"Shinon"}},{"content":"……","replyDepth":0,"type":"info","sCharacter":{"no":"川流诗乃","index":"Shinon"}},{"content":"消失了…","replyDepth":0,"type":"chat","sCharacter":{"no":"鬼方佳代子","index":"Kayoko_BG"}},{"file":"GameData/BLDA/CharFace/kayoko/2.webp","content":"CharFace","replyDepth":0,"type":"image","sCharacter":{"no":"鬼方佳代子","index":"Kayoko_BG"}},{"file":"GameData/BLDA/CharFace/kayoko/3.webp","content":"CharFace","replyDepth":0,"type":"image","sCharacter":{"no":"鬼方佳代子","index":"Kayoko_BG"}},{"content":"这大概就是，大自然的恶作剧吧","replyDepth":0,"type":"chat","sCharacter":{"no":"鬼方佳代子","index":"Kayoko_BG"}},{"content":"遗憾的是，由于没有人向联邦学生会报名上岛勘查","replyDepth":0,"type":"chat","sCharacter":{"no":"舞","index":"Mai"}},{"content":"所以先前为勘察者准备的赏金也就没有去向了","replyDepth":0,"type":"chat","sCharacter":{"no":"舞","index":"Mai"}},{"content":"那么，我们和联邦学生会一起，期待着下一次与各位的冒险","replyDepth":0,"type":"chat","sCharacter":{"no":"川流诗乃","index":"Shinon"}},{"content":"再见！","replyDepth":0,"type":"chat","sCharacter":{"no":"川流诗乃","index":"Shinon"}},{"content":"节目结束了","replyDepth":0,"type":"info","sCharacter":{"no":"川流诗乃","index":"Shinon"}},{"content":"诶……？","replyDepth":0,"type":"chat","sCharacter":{"no":"鬼方佳代子","index":"Kayoko_BG"}},{"content":"我们没能拿到赏金么？","replyDepth":0,"type":"chat","sCharacter":{"no":"鬼方佳代子","index":"Kayoko_BG"}},{"file":"GameData/BLDA/CharFace/kayoko/4.webp","content":"CharFace","replyDepth":0,"type":"image","sCharacter":{"no":"鬼方佳代子","index":"Kayoko_BG"}},{"content":"为什么啊…","replyDepth":0,"type":"chat","sCharacter":{"no":0,"index":1}},{"content":"那我这一趟不是白去了吗","replyDepth":0,"type":"chat","sCharacter":{"no":0,"index":1}},{"file":"GameData/BLDA/Emoji/1zh_tw13.webp","content":"Emoji","replyDepth":0,"type":"image","sCharacter":{"no":0,"index":1}},{"content":"“砰——”","replyDepth":0,"type":"info","sCharacter":{"no":0,"index":1}},{"content":"老师…为什么我们没拿到赏金啊！？","replyDepth":0,"type":"chat","sCharacter":{"no":"陆八魔阿露","index":"Aru_BG"}},{"file":"GameData/BLDA/CharFace/aru/11.webp","content":"CharFace","replyDepth":0,"type":"image","sCharacter":{"no":"陆八魔阿露","index":"Aru_BG"}},{"content":"阿露酱可是惦记了很久了","replyDepth":0,"type":"chat","sCharacter":{"no":"浅黄睦月","index":"Mutsuki_BG"}},{"content":"不过没能报销经费的话…睦月酱也很伤心呢","replyDepth":0,"type":"chat","sCharacter":{"no":"浅黄睦月","index":"Mutsuki_BG"}},{"file":"GameData/BLDA/CharFace/mutsuki/6.webp","content":"CharFace","replyDepth":0,"type":"image","sCharacter":{"no":"浅黄睦月","index":"Mutsuki_BG"}},{"content":"阿露大人…一定是学生会搞错了…","replyDepth":0,"type":"chat","sCharacter":{"no":"伊草遥香","index":"Haruka_BG"}},{"content":"我我我我现在就去炸了他们！","replyDepth":0,"type":"chat","sCharacter":{"no":"伊草遥香","index":"Haruka_BG"}},{"content":"好了…","replyDepth":0,"type":"chat","sCharacter":{"no":0,"index":1}},{"content":"春香，阿露，都冷静点","replyDepth":0,"type":"chat","sCharacter":{"no":0,"index":1}},{"content":"嗯……","replyDepth":0,"type":"info","sCharacter":{"no":0,"index":1}},{"content":"阿露，你确定你出发之前…","replyDepth":0,"type":"chat","sCharacter":{"no":0,"index":1}},{"content":"告诉联邦学生会了吗？","replyDepth":0,"type":"chat","sCharacter":{"no":0,"index":1}},{"file":"GameData/BLDA/Emoji/1zh_tw9.webp","content":"Emoji","replyDepth":0,"type":"image","sCharacter":{"no":"陆八魔阿露","index":"Aru_BG"}},{"content":"我以为您会说的…","replyDepth":0,"type":"chat","sCharacter":{"no":"陆八魔阿露","index":"Aru_BG"}},{"file":"GameData/BLDA/CharFace/mutsuki/4.webp","content":"CharFace","replyDepth":0,"type":"image","sCharacter":{"no":"浅黄睦月","index":"Mutsuki_BG"}},{"file":"GameData/BLDA/CharFace/kayoko/6.webp","content":"CharFace","replyDepth":0,"type":"image","sCharacter":{"no":"鬼方佳代子","index":"Kayoko_BG"}},{"content":"原来是这样…","replyDepth":0,"type":"chat","sCharacter":{"no":"鬼方佳代子","index":"Kayoko_BG"}},{"content":"那也没有办法了…","replyDepth":0,"type":"chat","sCharacter":{"no":"鬼方佳代子","index":"Kayoko_BG"}},{"content":"这个月只能吃土了吗…","replyDepth":0,"type":"chat","sCharacter":{"no":"浅黄睦月","index":"Mutsuki_BG"}},{"content":"老师…帮帮我们吧…","replyDepth":0,"type":"chat","sCharacter":{"no":"陆八魔阿露","index":"Aru_BG"}},{"content":"我翘了那么多天的班","replyDepth":0,"type":"chat","sCharacter":{"no":0,"index":1}},{"content":"工资也早扣光了啊","replyDepth":0,"type":"chat","sCharacter":{"no":0,"index":1}},{"file":"GameData/BLDA/Emoji/1zh_tw13.webp","content":"Emoji","replyDepth":0,"type":"image","sCharacter":{"no":0,"index":1}},{"content":"一起打工吧…只有这个办法了","replyDepth":0,"type":"info","sCharacter":{"no":0,"index":1}},{"content":"这一场夏天的闹剧，就这样落下了帷幕","replyDepth":0,"type":"info","sCharacter":{"no":0,"index":1}},{"content":"什么都没有改变，什么都没有留下吗？","replyDepth":0,"type":"info","sCharacter":{"no":0,"index":1}},{"content":"打工路上，我紧握着自己的爱人","replyDepth":0,"type":"info","sCharacter":{"no":0,"index":1}},{"content":"今天也要加油…","replyDepth":0,"type":"chat","sCharacter":{"no":"伊草遥香","index":"Haruka_BG"}},{"file":"GameData/BLDA/CharFace/haruka/8.webp","content":"CharFace","replyDepth":0,"type":"image","sCharacter":{"no":"伊草遥香","index":"Haruka_BG"}},{"content":"嗯，我会和春香一起的…","replyDepth":0,"type":"chat","sCharacter":{"no":0,"index":1}},{"content":"这就是我的答案","replyDepth":0,"type":"info","sCharacter":{"no":0,"index":1}},{"content":"除此之外，岛上的记忆，也是我留下的东西","replyDepth":0,"type":"info","sCharacter":{"no":0,"index":1}},{"content":"而这些，对我来说，已经足够了","replyDepth":0,"type":"info","sCharacter":{"no":0,"index":1}},{"content":"—END—","replyDepth":0,"type":"info","sCharacter":{"no":0,"index":1}}],"MoeTalk":"6-14"}