{"CHAT":[{"content":"你们到底是怎么做生意的啊！","replyDepth":0,"type":"chat","sCharacter":{"no":"早濑优香","index":"CH0184_BG"},"file":""},{"content":"艺术，就是如此的崇高而...高贵，对，高贵的！","replyDepth":0,"type":"chat","sCharacter":{"no":"custom-250918-172349","index":"custom-250918-172349"},"file":""},{"content":"啊还有，本店今日只有这一盘菜，因为这就是我们今天，凝聚所有心思的匠心之作！","replyDepth":0,"type":"chat","sCharacter":{"no":"custom-250918-172349","index":"custom-250918-172349"},"file":""},{"file":"GameData/BLDA/CharFace/citizen_borot2/0.webp","content":"CharFace","replyDepth":0,"type":"image","sCharacter":{"no":"custom-250918-172349","index":"custom-250918-172349"}},{"content":"（已经被彻底整无语了）","replyDepth":0,"type":"chat","sCharacter":{"no":"早濑优香","index":"CH0184_BG"},"file":""},{"file":"GameData/BLDA/CharFace/CH0184/6.webp","content":"CharFace","replyDepth":0,"type":"image","sCharacter":{"no":"早濑优香","index":"CH0184_BG"}},{"content":"那爱丽丝，现在就开动了！","replyDepth":0,"type":"chat","sCharacter":{"no":"天童爱丽丝","index":"CH0200_BG"},"isFirst":false,"name":"","isLeft":true,"isCenter":false,"isRight":false,"is_breaking":false,"file":"","time":"","style":false},{"file":"GameData/BLDA/CharFace/CH0200/3.webp","content":"CharFace","replyDepth":0,"type":"image","sCharacter":{"no":"天童爱丽丝","index":"CH0200_BG"}},{"content":"啊，不可以，爱丽丝酱！","replyDepth":0,"type":"chat","sCharacter":{"no":"早濑优香","index":"CH0184_BG"},"file":""},{"file":"GameData/BLDA/CharFace/CH0184/6.webp","content":"CharFace","replyDepth":0,"type":"image","sCharacter":{"no":"早濑优香","index":"CH0184_BG"}},{"content":"还没等优香阻止，爱丽丝已经夹起一块鱼吃了下去...\n我们的“主理人”并未对此加以阻止","replyDepth":0,"type":"info","sCharacter":{"no":"早濑优香","index":"CH0184_BG"},"isFirst":false,"name":"","isLeft":false,"isCenter":true,"isRight":false,"is_breaking":false,"file":"","time":"","style":false},{"content":"嗯...果然是罐头鱼的味道，好好吃！","replyDepth":0,"type":"chat","sCharacter":{"no":"天童爱丽丝","index":"CH0200_BG"},"isFirst":false,"name":"","isLeft":true,"isCenter":false,"isRight":false,"is_breaking":false,"file":"","time":"","style":false},{"file":"GameData/BLDA/CharFace/CH0200/7.webp","content":"CharFace","replyDepth":0,"type":"image","sCharacter":{"no":"天童爱丽丝","index":"CH0200_BG"}},{"content":"爱丽丝酱...这可怎么办啊...","replyDepth":0,"type":"chat","sCharacter":{"no":"早濑优香","index":"CH0184_BG"},"isFirst":false,"name":"","isLeft":true,"isCenter":false,"isRight":false,"is_breaking":false,"file":"","time":"","style":false},{"file":"GameData/BLDA/CharFace/CH0184/6.webp","content":"CharFace","replyDepth":0,"type":"image","sCharacter":{"no":"早濑优香","index":"CH0184_BG"}},{"content":"唉，真是粗鲁...不过穿着如此破的女仆装，倒也能理解其品味...","replyDepth":0,"type":"chat","sCharacter":{"no":"custom-250918-172349","index":"custom-250918-172349"},"file":""},{"content":"还有您，穿着运动服过来，这很不尊重我们的艺术了","replyDepth":0,"type":"chat","sCharacter":{"no":"custom-250918-172349","index":"custom-250918-172349"},"file":""},{"content":"啊...哈，怎么还...！？","replyDepth":0,"type":"chat","sCharacter":{"no":"早濑优香","index":"CH0184_BG"},"file":""},{"file":"GameData/BLDA/CharFace/CH0184/9.webp","content":"CharFace","replyDepth":0,"type":"image","sCharacter":{"no":"早濑优香","index":"CH0184_BG"}},{"content":"你这...真是差不多够了啊...","replyDepth":0,"type":"chat","sCharacter":{"no":"早濑优香","index":"CH0184_BG"},"file":"","isFirst":false,"name":"","isLeft":true,"isCenter":false,"isRight":false,"is_breaking":false,"time":"","style":false},{"content":"爱丽丝，我们得马上离开这里了...","replyDepth":0,"type":"chat","sCharacter":{"no":"早濑优香","index":"CH0184_BG"},"isFirst":false,"name":"","isLeft":true,"isCenter":false,"isRight":false,"is_breaking":false,"file":"","time":"","style":false},{"content":"（一把拦住）","replyDepth":0,"type":"chat","sCharacter":{"no":"custom-250918-172349","index":"custom-250918-172349"},"file":""},{"content":"对不起，顾客，你们还不能走","replyDepth":0,"type":"chat","sCharacter":{"no":"custom-250918-172349","index":"custom-250918-172349"},"file":""},{"content":"你们还没能欣赏好故事呢，而且也没有付钱","replyDepth":0,"type":"chat","sCharacter":{"no":"custom-250918-172349","index":"custom-250918-172349"},"file":""},{"content":"哪有你这么蛮横无理的商家啊！","replyDepth":0,"type":"chat","sCharacter":{"no":"早濑优香","index":"CH0184_BG"},"file":""},{"content":"爱丽丝，你有哪里觉得不舒服吗...？！","replyDepth":0,"type":"chat","sCharacter":{"no":"早濑优香","index":"CH0184_BG"},"file":"","isFirst":false,"name":"","isLeft":true,"isCenter":false,"isRight":false,"is_breaking":false,"time":"","style":false},{"file":"GameData/BLDA/CharFace/CH0184/4.webp","content":"CharFace","replyDepth":0,"type":"image","sCharacter":{"no":"早濑优香","index":"CH0184_BG"}},{"content":"（小声）嘻嘻...我都加了不少剂量了...一般人绝对扛不住的！","replyDepth":0,"type":"chat","sCharacter":{"no":"custom-250918-172349","index":"custom-250918-172349"},"file":""},{"file":"GameData/BLDA/CharFace/CH0200/99.webp","content":"CharFace","replyDepth":0,"type":"image","sCharacter":{"no":"天童爱丽丝","index":"CH0200_BG"}},{"content":"爱丽丝还是觉得，罐头鱼真的好好吃！","replyDepth":0,"type":"chat","sCharacter":{"no":"天童爱丽丝","index":"CH0200_BG"},"file":""},{"content":"不愧是强力的回复道具！","replyDepth":0,"type":"chat","sCharacter":{"no":"天童爱丽丝","index":"CH0200_BG"},"file":""},{"content":"（小声）什么！这家伙怎么吃完一点反应没有...难道是我剂量加少了？","replyDepth":0,"type":"chat","sCharacter":{"no":"custom-250918-172349","index":"custom-250918-172349"},"file":"","isFirst":false,"name":"","isLeft":true,"isCenter":false,"isRight":false,"is_breaking":false,"time":"","style":false},{"content":"什么剂量？爱丽丝刚刚捕捉到了新的关键词！","replyDepth":0,"type":"chat","sCharacter":{"no":"天童爱丽丝","index":"CH0200_BG"},"isFirst":false,"name":"","isLeft":true,"isCenter":false,"isRight":false,"is_breaking":false,"file":"","time":"","style":false},{"file":"GameData/BLDA/CharFace/CH0200/2.webp","content":"CharFace","replyDepth":0,"type":"image","sCharacter":{"no":"天童爱丽丝","index":"CH0200_BG"}},{"content":"呀...爱丽丝检测到...有异常的成分...正在进行清除程序...","replyDepth":0,"type":"chat","sCharacter":{"no":"天童爱丽丝","index":"CH0200_BG"},"isFirst":false,"name":"","isLeft":true,"isCenter":false,"isRight":false,"is_breaking":false,"file":"","time":"","style":false},{"content":"什么？你难道是机器人不成？","replyDepth":0,"type":"chat","sCharacter":{"no":"custom-250918-172349","index":"custom-250918-172349"},"isFirst":false,"name":"","isLeft":true,"isCenter":false,"isRight":false,"is_breaking":false,"file":"","time":"","style":false},{"content":"喂喂，也该差不多收敛一下吧！！","replyDepth":0,"type":"chat","sCharacter":{"no":"早濑优香","index":"CH0184_BG"},"isFirst":false,"name":"","isLeft":true,"isCenter":false,"isRight":false,"is_breaking":false,"file":"","time":"","style":false},{"file":"GameData/BLDA/CharFace/CH0184/9.webp","content":"CharFace","replyDepth":0,"type":"image","sCharacter":{"no":"早濑优香","index":"CH0184_BG"}},{"content":"无论是这家餐馆，还是你这个“主理人”的一言一行，都让人感到很奇怪...","replyDepth":0,"type":"chat","sCharacter":{"no":"早濑优香","index":"CH0184_BG"},"isFirst":false,"name":"","isLeft":true,"isCenter":false,"isRight":false,"is_breaking":false,"file":"","time":"","style":false},{"content":"现在，你居然还敢给食物下东西！这简直不可饶恕！","replyDepth":0,"type":"chat","sCharacter":{"no":"早濑优香","index":"CH0184_BG"},"isFirst":false,"name":"","isLeft":true,"isCenter":false,"isRight":false,"is_breaking":false,"file":"","time":"","style":false},{"content":"呃...明明那本教学书就是这么教的啊...","replyDepth":0,"type":"chat","sCharacter":{"no":"custom-250918-172349","index":"custom-250918-172349"},"isFirst":false,"name":"","isLeft":true,"isCenter":false,"isRight":false,"is_breaking":false,"file":"","time":"","style":false},{"content":"结果...这都完全都不按常理出牌啊！","replyDepth":0,"type":"chat","sCharacter":{"no":"custom-250918-172349","index":"custom-250918-172349"},"isFirst":false,"name":"","isLeft":true,"isCenter":false,"isRight":false,"is_breaking":false,"file":"","time":"","style":false},{"content":"什，什么教科书？你在说什么呢？","replyDepth":0,"type":"chat","sCharacter":{"no":"早濑优香","index":"CH0184_BG"},"file":""},{"file":"GameData/BLDA/CharFace/CH0184/15.webp","content":"CharFace","replyDepth":0,"type":"image","sCharacter":{"no":"早濑优香","index":"CH0184_BG"}},{"content":"反正，你们今天绝对走不出这里！","replyDepth":0,"type":"chat","sCharacter":{"no":"custom-250918-172349","index":"custom-250918-172349"},"file":""},{"content":"你们的武器也被收缴了，那台无人机不在，你们也求助不了任何人！","replyDepth":0,"type":"chat","sCharacter":{"no":"custom-250918-172349","index":"custom-250918-172349"},"file":""},{"content":"乖乖投降吧，你们这两个不知轻重的小破孩！","replyDepth":0,"type":"chat","sCharacter":{"no":"custom-250918-172349","index":"custom-250918-172349"},"isFirst":false,"name":"","isLeft":true,"isCenter":false,"isRight":false,"is_breaking":false,"file":"","time":"","style":false},{"content":"切...谁跟你说，你把我们的武器全部收缴起来了？","replyDepth":0,"type":"chat","sCharacter":{"no":"早濑优香","index":"CH0184_BG"},"isFirst":false,"name":"","isLeft":true,"isCenter":false,"isRight":false,"is_breaking":false,"file":"","time":"","style":false},{"content":"这不可能，我明明亲眼看见你们俩把武器放那边去了","replyDepth":0,"type":"chat","sCharacter":{"no":"custom-250918-172349","index":"custom-250918-172349"},"file":""},{"content":"这里也有监控，你们想去取的话，根本逃不过我的眼睛","replyDepth":0,"type":"chat","sCharacter":{"no":"custom-250918-172349","index":"custom-250918-172349"},"isFirst":false,"name":"","isLeft":true,"isCenter":false,"isRight":false,"is_breaking":false,"file":"","time":"","style":false},{"file":"GameData/BLDA/CharFace/citizen_borot2/0.webp","content":"CharFace","replyDepth":0,"type":"image","sCharacter":{"no":"custom-250918-172349","index":"custom-250918-172349"}},{"content":"也没规定是一个人只能带一把枪啊，不是吗？","replyDepth":0,"type":"chat","sCharacter":{"no":"早濑优香","index":"CH0184_BG"},"file":""},{"file":"GameData/BLDA/CharFace/CH0184/7.webp","content":"CharFace","replyDepth":0,"type":"image","sCharacter":{"no":"早濑优香","index":"CH0184_BG"}},{"content":"（意识到了什么，想从身后取出步枪）","replyDepth":0,"type":"chat","sCharacter":{"no":"custom-250918-172349","index":"custom-250918-172349"},"file":"","isFirst":false,"name":"","isLeft":true,"isCenter":false,"isRight":false,"is_breaking":false,"time":"","style":false},{"content":"呃啊...谁...","replyDepth":0,"type":"chat","sCharacter":{"no":"custom-250918-172349","index":"custom-250918-172349"},"file":""},{"content":"“主理人”被一旁的爱丽丝一个扫堂腿击倒\n当他想再度起身取枪的时候，一把已经上了膛的MPX对准了他的头","replyDepth":0,"type":"info","sCharacter":{"no":"custom-250918-172349","index":"custom-250918-172349"},"file":""},{"content":"邦邦咔邦，爱丽丝成功习得伙伴妮露的技能，扫堂腿！","replyDepth":0,"type":"chat","sCharacter":{"no":"天童爱丽丝","index":"CH0200_BG"},"file":"","isFirst":false,"name":"","isLeft":true,"isCenter":false,"isRight":false,"is_breaking":false,"time":"","style":false},{"file":"GameData/BLDA/CharFace/CH0200/3.webp","content":"CharFace","replyDepth":0,"type":"image","sCharacter":{"no":"天童爱丽丝","index":"CH0200_BG"}},{"content":"并对坏人使用了该技能，效果拔群！","replyDepth":0,"type":"chat","sCharacter":{"no":"天童爱丽丝","index":"CH0200_BG"},"file":""},{"content":"现在，坏人被勇者爱丽丝和大魔王优香给抓住了","replyDepth":0,"type":"chat","sCharacter":{"no":"天童爱丽丝","index":"CH0200_BG"},"isFirst":false,"name":"","isLeft":true,"isCenter":false,"isRight":false,"is_breaking":false,"file":"","time":"","style":false},{"content":"现在，我问你答...","replyDepth":0,"type":"chat","sCharacter":{"no":"早濑优香","index":"CH0184_BG"},"file":""},{"file":"GameData/BLDA/CharFace/CH0184/5.webp","content":"CharFace","replyDepth":0,"type":"image","sCharacter":{"no":"早濑优香","index":"CH0184_BG"}},{"content":"为什么要设计对付我们？还有，你到底是谁，属于哪个组织？","replyDepth":0,"type":"chat","sCharacter":{"no":"早濑优香","index":"CH0184_BG"},"isFirst":false,"name":"","isLeft":true,"isCenter":false,"isRight":false,"is_breaking":false,"file":"","time":"","style":false},{"content":"各位饶命！我也只是一个打工人而已...","replyDepth":0,"type":"chat","sCharacter":{"no":"custom-250918-172349","index":"custom-250918-172349"},"file":""},{"content":"我保证，我之后不会再对付你们了！","replyDepth":0,"type":"chat","sCharacter":{"no":"custom-250918-172349","index":"custom-250918-172349"},"file":""},{"content":"我...我也是，听上面的指示，听从领导安排做事的啊！","replyDepth":0,"type":"chat","sCharacter":{"no":"custom-250918-172349","index":"custom-250918-172349"},"file":""},{"file":"GameData/BLDA/CharFace/CH0200/99.webp","content":"CharFace","replyDepth":0,"type":"image","sCharacter":{"no":"天童爱丽丝","index":"CH0200_BG"}},{"content":"爱丽丝，扫描了坏人刚刚预备使用的武器...","replyDepth":0,"type":"chat","sCharacter":{"no":"天童爱丽丝","index":"CH0200_BG"},"file":""},{"content":"相关特征，与凯撒集团的雇佣兵所使用的武器，有99%的匹配度！","replyDepth":0,"type":"chat","sCharacter":{"no":"天童爱丽丝","index":"CH0200_BG"},"file":""},{"content":"这个坏人，是隶属于凯撒PMC的士兵！","replyDepth":0,"type":"chat","sCharacter":{"no":"天童爱丽丝","index":"CH0200_BG"},"file":""},{"content":"凯撒PMC吗...可为什么...","replyDepth":0,"type":"chat","sCharacter":{"no":"早濑优香","index":"CH0184_BG"},"file":""},{"content":"（大声）你们凯撒PMC，为什么要无端来到这座岛屿？","replyDepth":0,"type":"chat","sCharacter":{"no":"早濑优香","index":"CH0184_BG"},"isFirst":false,"name":"","isLeft":true,"isCenter":false,"isRight":false,"is_breaking":false,"file":"","time":"","style":false},{"file":"GameData/BLDA/CharFace/CH0184/5.webp","content":"CharFace","replyDepth":0,"type":"image","sCharacter":{"no":"早濑优香","index":"CH0184_BG"}},{"content":"你们的目的，到底是什么？","replyDepth":0,"type":"chat","sCharacter":{"no":"早濑优香","index":"CH0184_BG"},"file":""},{"content":"这...你问我我还想问我们理事呢...","replyDepth":0,"type":"chat","sCharacter":{"no":"custom-250918-172349","index":"custom-250918-172349"},"file":""},{"content":"他自己得到一封不知道哪里来的信件之后...","replyDepth":0,"type":"chat","sCharacter":{"no":"custom-250918-172349","index":"custom-250918-172349"},"file":""},{"content":"就抓了狂似的说一定要我们登陆这座岛上去开采什么...“根源”！","replyDepth":0,"type":"chat","sCharacter":{"no":"custom-250918-172349","index":"custom-250918-172349"},"file":""},{"content":"明明就一个没人搭理的废弃度假村，去占领别的地方难道不都比这里强吗！","replyDepth":0,"type":"chat","sCharacter":{"no":"custom-250918-172349","index":"custom-250918-172349"},"file":""},{"content":"唉，要是昨天晚上那个蠢货没把终端砸了，哪里会有这么多事情！","replyDepth":0,"type":"chat","sCharacter":{"no":"custom-250918-172349","index":"custom-250918-172349"},"file":"","isFirst":false,"name":"","isLeft":true,"isCenter":false,"isRight":false,"is_breaking":false,"time":"","style":false},{"file":"GameData/BLDA/CharFace/citizen_borot2/0.webp","content":"CharFace","replyDepth":0,"type":"image","sCharacter":{"no":"custom-250918-172349","index":"custom-250918-172349"}},{"content":"（手里似乎握着什么东西）","replyDepth":0,"type":"chat","sCharacter":{"no":"custom-250918-172349","index":"custom-250918-172349"},"isFirst":false,"name":"","isLeft":true,"isCenter":false,"isRight":false,"is_breaking":false,"file":"","time":"","style":false},{"content":"发生器...难道是那个EMP电子对抗设备...？","replyDepth":0,"type":"chat","sCharacter":{"no":"早濑优香","index":"CH0184_BG"},"isFirst":false,"name":"","isLeft":true,"isCenter":false,"isRight":false,"is_breaking":false,"file":"","time":"","style":false},{"file":"GameData/BLDA/CharFace/CH0184/5.webp","content":"CharFace","replyDepth":0,"type":"image","sCharacter":{"no":"早濑优香","index":"CH0184_BG"}},{"content":"等等，你手里握着什么东西，张开手来！","replyDepth":0,"type":"chat","sCharacter":{"no":"早濑优香","index":"CH0184_BG"},"file":""},{"content":"...接招吧！","replyDepth":0,"type":"chat","sCharacter":{"no":"custom-250918-172349","index":"custom-250918-172349"},"file":""},{"content":"“主理人”丢出了什么东西","replyDepth":0,"type":"info","sCharacter":{"no":"custom-250918-172349","index":"custom-250918-172349"},"file":""},{"content":"啊，是闪光弹道具！","replyDepth":0,"type":"chat","sCharacter":{"no":"天童爱丽丝","index":"CH0200_BG"},"file":""},{"file":"GameData/BLDA/CharFace/CH0200/4.webp","content":"CharFace","replyDepth":0,"type":"image","sCharacter":{"no":"天童爱丽丝","index":"CH0200_BG"}},{"content":"爱丽丝酱，小心！","replyDepth":0,"type":"chat","sCharacter":{"no":"早濑优香","index":"CH0184_BG"},"file":""},{"file":"GameData/BLDA/CharFace/CH0184/6.webp","content":"CharFace","replyDepth":0,"type":"image","sCharacter":{"no":"早濑优香","index":"CH0184_BG"}},{"content":"闪光弹即将爆炸的一瞬间，优香立刻抓住爱丽丝，并回头把她拉到一旁\n当闪光弹的余波过去之后，“主理人”已经消失得无影无踪","replyDepth":0,"type":"info","sCharacter":{"no":"早濑优香","index":"CH0184_BG"},"file":""},{"content":"呃...还是没计算到有这一手...","replyDepth":0,"type":"chat","sCharacter":{"no":"早濑优香","index":"CH0184_BG"},"file":""},{"content":"爱丽丝酱，你没事吧...","replyDepth":0,"type":"chat","sCharacter":{"no":"早濑优香","index":"CH0184_BG"},"file":""},{"content":"唔...爱丽丝没有大碍...","replyDepth":0,"type":"chat","sCharacter":{"no":"天童爱丽丝","index":"CH0200_BG"},"file":""},{"file":"GameData/BLDA/CharFace/CH0200/9.webp","content":"CharFace","replyDepth":0,"type":"image","sCharacter":{"no":"天童爱丽丝","index":"CH0200_BG"}},{"content":"啊，老师他会不会...","replyDepth":0,"type":"chat","sCharacter":{"no":"天童爱丽丝","index":"CH0200_BG"},"file":""},{"content":"我们得立刻和老师取得联系！","replyDepth":0,"type":"chat","sCharacter":{"no":"早濑优香","index":"CH0184_BG"},"file":""},{"content":"（试图拨打老师的号码，发现信号根本打不出去）","replyDepth":0,"type":"chat","sCharacter":{"no":"早濑优香","index":"CH0184_BG"},"isFirst":false,"name":"","isLeft":true,"isCenter":false,"isRight":false,"is_breaking":false,"file":"","time":"","style":false},{"content":"爱丽丝酱，你能联系到AMAS无人机吗？","replyDepth":0,"type":"chat","sCharacter":{"no":"早濑优香","index":"CH0184_BG"},"file":""},{"content":"爱丽丝试试看...唔...","replyDepth":0,"type":"chat","sCharacter":{"no":"天童爱丽丝","index":"CH0200_BG"},"file":""},{"content":"爱丽丝做不到，信号屏蔽太强了，爱丽丝无法取得联系...","replyDepth":0,"type":"chat","sCharacter":{"no":"天童爱丽丝","index":"CH0200_BG"},"isFirst":false,"name":"","isLeft":true,"isCenter":false,"isRight":false,"is_breaking":false,"file":"","time":"","style":false},{"file":"GameData/BLDA/CharFace/CH0200/4.webp","content":"CharFace","replyDepth":0,"type":"image","sCharacter":{"no":"天童爱丽丝","index":"CH0200_BG"}}],"MoeTalk":"4-10"}