{"CHAT":[{"content":"这就是有恶魔藏身的岛屿... ","replyDepth":0,"type":"chat","sCharacter":{"no":"板垣庚","index":"CH0306_BG"},"file":"","isFirst":true,"name":"","time":"","is_breaking":false,"isLeft":false,"isCenter":false,"isRight":false,"style":false},{"file":"GameData/BLDA/CharFace/CH0306/10.webp","content":"CharFace","replyDepth":0,"type":"image","sCharacter":{"no":"板垣庚","index":"CH0306_BG"},"isFirst":false},{"content":"真是令人兴奋啊... ","replyDepth":0,"type":"chat","sCharacter":{"no":"板垣庚","index":"CH0306_BG"},"file":"","isFirst":false},{"content":"喵喵喵！ ","replyDepth":0,"type":"chat","sCharacter":{"no":"custom-250826-160535","index":"custom-250826-160535"},"file":"","name":"","time":"","is_breaking":false,"isFirst":true,"isLeft":false,"isCenter":false,"isRight":false,"style":false},{"content":"嘎嘎嘎！ ","replyDepth":0,"type":"chat","sCharacter":{"no":"custom-250826-160601","index":"custom-250826-160601"},"file":"","name":"","time":"","is_breaking":false,"isFirst":true,"isLeft":false,"isCenter":false,"isRight":false,"style":false},{"content":"庚刚刚踏上小岛，一群乌鸦和一只黑猫就围了上来","replyDepth":0,"type":"info","sCharacter":{"no":0,"index":"1"},"file":"","isFirst":true},{"content":"我去，海岛上面怎么还有黑猫和乌鸦哇！ ","replyDepth":0,"type":"chat","sCharacter":{"no":"0","index":"1"},"file":"","isFirst":true,"name":"","time":"","is_breaking":false,"isLeft":false,"isCenter":false,"isRight":false,"style":false},{"content":"啊，这些孩子是跟着我从船上一起过来的","replyDepth":0,"type":"chat","sCharacter":{"no":"板垣庚","index":"CH0306_BG"},"file":"","isFirst":true},{"content":"啊，好吧... ","replyDepth":0,"type":"chat","sCharacter":{"no":0,"index":"1"},"file":"","isFirst":true},{"file":"GameData/BLDA/Emoji/45.webp","content":"Emoji","replyDepth":0,"type":"image","sCharacter":{"no":0,"index":"1"},"isFirst":false},{"content":"走的时候记得把它们也带回去... ","replyDepth":0,"type":"chat","sCharacter":{"no":0,"index":"1"},"file":"","isFirst":false}],"MoeTalk":"3-15"}