{"CHAT":[{"content":"火星子在风中肆意飞舞着，在这座无人岛上，现在这是唯二的光源之一了","replyDepth":0,"type":"info","sCharacter":{"no":0,"index":1}},{"content":"……","replyDepth":0,"type":"chat","sCharacter":{"no":0,"index":1}},{"content":"阿露…","replyDepth":0,"type":"chat","sCharacter":{"no":0,"index":1}},{"content":"怎么了","replyDepth":0,"type":"chat","sCharacter":{"no":"陆八魔阿露","index":"Aru_BG"}},{"content":"没什么…只是觉得对春香有些奇妙的感觉…","replyDepth":0,"type":"chat","sCharacter":{"no":0,"index":1}},{"content":"关于你之前说的…","replyDepth":0,"type":"chat","sCharacter":{"no":0,"index":1}},{"content":"现在我觉得…","replyDepth":0,"type":"chat","sCharacter":{"no":0,"index":1}},{"content":"佳代子…！","replyDepth":0,"type":"chat","sCharacter":{"no":"老师","index":"Sensei"}},{"content":"怎么了？","replyDepth":0,"type":"chat","sCharacter":{"no":"0","index":"1"},"isFirst":false,"name":"","isLeft":true,"isCenter":false,"isRight":false,"is_breaking":false,"file":"","time":"","style":false},{"content":"春香出事了吗？","replyDepth":0,"type":"chat","sCharacter":{"no":0,"index":1}},{"file":"GameData/BLDA/CharFace/kayoko/5.webp","content":"CharFace","replyDepth":0,"type":"image","sCharacter":{"no":"0","index":"1"},"isFirst":false,"name":"","isLeft":false,"isCenter":false,"isRight":true,"is_breaking":false,"time":"","style":false},{"content":"呼啊…呼……","replyDepth":0,"type":"chat","sCharacter":{"no":"老师","index":"Sensei"}},{"content":"不是…","replyDepth":0,"type":"chat","sCharacter":{"no":"老师","index":"Sensei"}},{"content":"您慢点说…","replyDepth":0,"type":"chat","sCharacter":{"no":0,"index":1}},{"content":"我和睦月看到…春香说的红光了…","replyDepth":0,"type":"chat","sCharacter":{"no":"老师","index":"Sensei"}},{"content":"……！","replyDepth":0,"type":"chat","sCharacter":{"no":"陆八魔阿露","index":"Aru_BG"}},{"content":"……！","replyDepth":0,"type":"chat","sCharacter":{"no":0,"index":1}},{"content":"那睦月呢","replyDepth":0,"type":"chat","sCharacter":{"no":0,"index":1}},{"content":"已经追上去了…在林子里","replyDepth":0,"type":"chat","sCharacter":{"no":"老师","index":"Sensei"}},{"content":"什么…为什么老师您又让她单独行动？","replyDepth":0,"type":"chat","sCharacter":{"no":0,"index":1}},{"content":"算了算了","replyDepth":0,"type":"chat","sCharacter":{"no":0,"index":1}},{"content":"阿露…你去帐篷那边看住春香…","replyDepth":0,"type":"chat","sCharacter":{"no":0,"index":1}},{"content":"老师，我们追过去","replyDepth":0,"type":"chat","sCharacter":{"no":0,"index":1}},{"content":"好","replyDepth":0,"type":"chat","sCharacter":{"no":"陆八魔阿露","index":"Aru_BG"}},{"content":"你们快去吧","replyDepth":0,"type":"chat","sCharacter":{"no":"陆八魔阿露","index":"Aru_BG"}},{"content":"树林里","replyDepth":0,"type":"info","sCharacter":{"no":"陆八魔阿露","index":"Aru_BG"}},{"content":"这身衣服其实不是很好运动…","replyDepth":0,"type":"info","sCharacter":{"no":"陆八魔阿露","index":"Aru_BG"}},{"content":"如果可以，我很希望穿上长裤来减轻树林里的草划过小腿的感觉","replyDepth":0,"type":"info","sCharacter":{"no":"陆八魔阿露","index":"Aru_BG"}},{"content":"而我没有，所以现在只能受着","replyDepth":0,"type":"info","sCharacter":{"no":"陆八魔阿露","index":"Aru_BG"}},{"content":"就像现在这样，我相信世上的事情都有因果关系","replyDepth":0,"type":"info","sCharacter":{"no":"陆八魔阿露","index":"Aru_BG"}},{"content":"所以我总是，对一些没来由的事情感到无法理解","replyDepth":0,"type":"info","sCharacter":{"no":"陆八魔阿露","index":"Aru_BG"}},{"content":"老师，我看到睦月做的记号了…","replyDepth":0,"type":"chat","sCharacter":{"no":0,"index":1}},{"content":"该说不愧是她吗，居然在追的过程中在树上刻了箭头","replyDepth":0,"type":"info","sCharacter":{"no":0,"index":1}},{"content":"前面貌似是…一片湖…","replyDepth":0,"type":"chat","sCharacter":{"no":"老师","index":"Sensei"}},{"content":"与其说是湖，不如说是个水潭…","replyDepth":0,"type":"chat","sCharacter":{"no":0,"index":1}},{"content":"看到了…睦月坐在岸边","replyDepth":0,"type":"chat","sCharacter":{"no":0,"index":1}},{"content":"我们两个也狼狈地冲出了树林","replyDepth":0,"type":"info","sCharacter":{"no":0,"index":1}},{"content":"这个所谓的水潭，其实也就是个小水坑","replyDepth":0,"type":"info","sCharacter":{"no":0,"index":1}},{"content":"但是已经这里的东西足够解答我们所有的疑问","replyDepth":0,"type":"info","sCharacter":{"no":0,"index":1}},{"content":"啊…佳代子酱…","replyDepth":0,"type":"chat","sCharacter":{"no":"浅黄睦月","index":"Mutsuki_BG"}},{"file":"GameData/BLDA/CharFace/mutsuki/4.webp","content":"CharFace","replyDepth":0,"type":"image","sCharacter":{"no":"浅黄睦月","index":"Mutsuki_BG"}},{"content":"原来…","replyDepth":0,"type":"chat","sCharacter":{"no":"老师","index":"Sensei"}},{"content":"果然是萤火虫吗…","replyDepth":0,"type":"chat","sCharacter":{"no":0,"index":1}},{"content":"没由来地，这群发着红光的萤火虫就这样聚集在水面上","replyDepth":0,"type":"info","sCharacter":{"no":"0","index":"1"},"isFirst":false,"name":"","isLeft":false,"isCenter":true,"isRight":false,"is_breaking":false,"file":"","time":"","style":false},{"content":"所以为什么是红色…","replyDepth":0,"type":"chat","sCharacter":{"no":0,"index":1}},{"content":"我印象中的萤火虫都是发黄绿色光的…","replyDepth":0,"type":"chat","sCharacter":{"no":"老师","index":"Sensei"}},{"content":"睦月看出了我的想法","replyDepth":0,"type":"info","sCharacter":{"no":"老师","index":"Sensei"}},{"content":"佳代子酱…","replyDepth":0,"type":"chat","sCharacter":{"no":"浅黄睦月","index":"Mutsuki_BG"}},{"content":"世界上很多东西都是这样没理由的…","replyDepth":0,"type":"chat","sCharacter":{"no":"浅黄睦月","index":"Mutsuki_BG"}},{"content":"这大概就是…","replyDepth":0,"type":"chat","sCharacter":{"no":"浅黄睦月","index":"Mutsuki_BG"}},{"content":"大自然的恶作剧吧…","replyDepth":0,"type":"chat","sCharacter":{"no":"浅黄睦月","index":"Mutsuki_BG"}},{"file":"GameData/BLDA/CharFace/mutsuki/99.webp","content":"CharFace","replyDepth":0,"type":"image","sCharacter":{"no":"浅黄睦月","index":"Mutsuki_BG"}},{"content":"她真的看出我的想法了吗？亦或者她只是就事论事地发表看法","replyDepth":0,"type":"info","sCharacter":{"no":"浅黄睦月","index":"Mutsuki_BG"}},{"content":"这我也不知道","replyDepth":0,"type":"info","sCharacter":{"no":"浅黄睦月","index":"Mutsuki_BG"}},{"content":"原来是这样…","replyDepth":0,"type":"chat","sCharacter":{"no":"老师","index":"Sensei"}},{"content":"我们回去告诉她们两人吧","replyDepth":0,"type":"chat","sCharacter":{"no":"老师","index":"Sensei"}},{"content":"这样春香应该也不会再害怕了","replyDepth":0,"type":"chat","sCharacter":{"no":"老师","index":"Sensei"}},{"file":"GameData/BLDA/CharFace/kayoko/2.webp","content":"CharFace","replyDepth":0,"type":"image","sCharacter":{"no":"0","index":"1"},"isFirst":false,"name":"","isLeft":false,"isCenter":false,"isRight":true,"is_breaking":false,"time":"","style":false},{"file":"GameData/BLDA/CharFace/kayoko/3.webp","content":"CharFace","replyDepth":0,"type":"image","sCharacter":{"no":"0","index":"1"},"isFirst":false,"name":"","isLeft":false,"isCenter":false,"isRight":true,"is_breaking":false,"time":"","style":false},{"content":"希望是这样…","replyDepth":0,"type":"chat","sCharacter":{"no":0,"index":1}}],"MoeTalk":"6-8"}