{"CHAT":[{"content":"我是这家餐馆的...！","replyDepth":0,"type":"chat","sCharacter":{"no":"custom-250918-172349","index":"custom-250918-172349"},"isFirst":true,"name":"","isLeft":true,"isCenter":false,"isRight":false,"is_breaking":false,"file":"","time":"","style":false},{"content":"啊...不是敌方NPC吗...","replyDepth":0,"type":"chat","sCharacter":{"no":"天童爱丽丝","index":"CH0200_BG"},"file":""},{"file":"GameData/BLDA/CharFace/CH0200/4.webp","content":"CharFace","replyDepth":0,"type":"image","sCharacter":{"no":"天童爱丽丝","index":"CH0200_BG"}},{"content":"“光之剑”原本快燃出发射的能量慢慢减弱\n优香和爱丽丝定睛一看，是一个穿着西装革履的人","replyDepth":0,"type":"info","sCharacter":{"no":"天童爱丽丝","index":"CH0200_BG"},"isFirst":false,"name":"","isLeft":false,"isCenter":true,"isRight":false,"is_breaking":false,"file":"","time":"","style":false},{"content":"你是，这家餐馆的老板吗？","replyDepth":0,"type":"chat","sCharacter":{"no":"早濑优香","index":"CH0184_BG"},"file":""},{"file":"GameData/BLDA/CharFace/CH0184/15.webp","content":"CharFace","replyDepth":0,"type":"image","sCharacter":{"no":"早濑优香","index":"CH0184_BG"}},{"content":"这不太对啊，这个荒芜人烟的岛上怎么会有个体经营户的？","replyDepth":0,"type":"chat","sCharacter":{"no":"早濑优香","index":"CH0184_BG"},"isFirst":false,"name":"","isLeft":true,"isCenter":false,"isRight":false,"is_breaking":false,"file":"","time":"","style":false},{"content":"啊，我是这家餐馆的“主理人”","replyDepth":0,"type":"chat","sCharacter":{"no":"custom-250918-172349","index":"custom-250918-172349"},"isFirst":true,"name":"","isLeft":true,"isCenter":false,"isRight":false,"is_breaking":false,"file":"","time":"","style":false},{"content":"还请叫我马克西姆先生...","replyDepth":0,"type":"chat","sCharacter":{"no":"custom-250918-172349","index":"custom-250918-172349"},"isFirst":false,"name":"","isLeft":true,"isCenter":false,"isRight":false,"is_breaking":false,"file":"","time":"","style":false},{"file":"GameData/BLDA/CharFace/citizen_borot2/0.webp","content":"CharFace","replyDepth":0,"type":"image","sCharacter":{"no":"custom-250918-172349","index":"custom-250918-172349"}},{"content":"请问二位朋友有预约过吗？","replyDepth":0,"type":"chat","sCharacter":{"no":"custom-250918-172349","index":"custom-250918-172349"},"file":""},{"content":"谁...谁会来预约这种地方啊...","replyDepth":0,"type":"chat","sCharacter":{"no":"早濑优香","index":"CH0184_BG"},"file":""},{"file":"GameData/BLDA/CharFace/CH0184/6.webp","content":"CharFace","replyDepth":0,"type":"image","sCharacter":{"no":"早濑优香","index":"CH0184_BG"}},{"content":"这个人到底在说些什么呢？","replyDepth":0,"type":"chat","sCharacter":{"no":"早濑优香","index":"CH0184_BG"},"file":""},{"content":"主理人...爱丽丝，似乎收录过这个新名词...","replyDepth":0,"type":"chat","sCharacter":{"no":"天童爱丽丝","index":"CH0200_BG"},"isFirst":false,"name":"","isLeft":true,"isCenter":false,"isRight":false,"is_breaking":false,"file":"","time":"","style":false},{"file":"GameData/BLDA/CharFace/CH0200/4.webp","content":"CharFace","replyDepth":0,"type":"image","sCharacter":{"no":"天童爱丽丝","index":"CH0200_BG"}},{"content":"但是时间一长，记忆库有所缺失，现在回忆不起来了","replyDepth":0,"type":"chat","sCharacter":{"no":"天童爱丽丝","index":"CH0200_BG"},"file":""},{"content":"（轻声对爱丽丝）主理人，就是那种小型的个体经营户...","replyDepth":0,"type":"chat","sCharacter":{"no":"早濑优香","index":"CH0184_BG"},"file":""},{"content":"因为一般这种店都偏小众，便需要一个所谓的“主理人”来做向导","replyDepth":0,"type":"chat","sCharacter":{"no":"早濑优香","index":"CH0184_BG"},"file":""},{"content":"这么说...爱丽丝之前和游戏部的伙伴们也碰到过呢...","replyDepth":0,"type":"chat","sCharacter":{"no":"天童爱丽丝","index":"CH0200_BG"},"file":""},{"content":"不过那些长着翅膀的主理人，都不理睬爱丽丝...","replyDepth":0,"type":"chat","sCharacter":{"no":"天童爱丽丝","index":"CH0200_BG"},"file":""},{"file":"GameData/BLDA/CharFace/CH0200/6.webp","content":"CharFace","replyDepth":0,"type":"image","sCharacter":{"no":"天童爱丽丝","index":"CH0200_BG"}},{"content":"然后小桃小绿她们购买了一些圣三一甜品道具，就要求我们支付我们高额的金币！","replyDepth":0,"type":"chat","sCharacter":{"no":"天童爱丽丝","index":"CH0200_BG"},"file":""},{"content":"还说着一些诸如“你们不懂什么是艺术”之类的晦涩话语...","replyDepth":0,"type":"chat","sCharacter":{"no":"天童爱丽丝","index":"CH0200_BG"},"isFirst":false,"name":"","isLeft":true,"isCenter":false,"isRight":false,"is_breaking":false,"file":"","time":"","style":false},{"content":"没记错的话，后来C&C的各位路过看到你们起争执了吧...","replyDepth":0,"type":"chat","sCharacter":{"no":"早濑优香","index":"CH0184_BG"},"file":""},{"content":"幸好是花凛和朱音最后把局势缓和下来了，没让妮露把餐厅扫射个遍","replyDepth":0,"type":"chat","sCharacter":{"no":"早濑优香","index":"CH0184_BG"},"file":""},{"content":"不过爱丽丝之后听说，那位“主理人”小姐被吓破胆了，第二天那家店就找不到了...","replyDepth":0,"type":"chat","sCharacter":{"no":"天童爱丽丝","index":"CH0200_BG"},"isFirst":false,"name":"","isLeft":true,"isCenter":false,"isRight":false,"is_breaking":false,"file":"","time":"","style":false},{"file":"GameData/BLDA/CharFace/CH0200/2.webp","content":"CharFace","replyDepth":0,"type":"image","sCharacter":{"no":"天童爱丽丝","index":"CH0200_BG"}},{"content":"那个...朋友们要不先进来坐坐吧，一直站着也挺累的，不是吗？","replyDepth":0,"type":"chat","sCharacter":{"no":"custom-250918-172349","index":"custom-250918-172349"},"isFirst":true,"name":"","isLeft":true,"isCenter":false,"isRight":false,"is_breaking":false,"file":"","time":"","style":false},{"content":"经过一会的相处，我想我们会成为很好的friend的","replyDepth":0,"type":"chat","sCharacter":{"no":"custom-250918-172349","index":"custom-250918-172349"},"file":""},{"content":"（小声）这一切都很反常啊，不符合逻辑...","replyDepth":0,"type":"chat","sCharacter":{"no":"早濑优香","index":"CH0184_BG"},"file":""},{"content":"爱丽丝酱，我们就先进去坐一下吧","replyDepth":0,"type":"chat","sCharacter":{"no":"早濑优香","index":"CH0184_BG"},"file":""},{"content":"（小声对爱丽丝）进去之后小心点，不要轻易相信他说的话，这里面一定有猫腻！","replyDepth":0,"type":"chat","sCharacter":{"no":"早濑优香","index":"CH0184_BG"},"isFirst":false,"name":"","isLeft":true,"isCenter":false,"isRight":false,"is_breaking":false,"file":"","time":"","style":false},{"file":"GameData/BLDA/CharFace/CH0184/5.webp","content":"CharFace","replyDepth":0,"type":"image","sCharacter":{"no":"早濑优香","index":"CH0184_BG"}},{"content":"好的，爱丽丝，正式开始主线任务！","replyDepth":0,"type":"chat","sCharacter":{"no":"天童爱丽丝","index":"CH0200_BG"},"isFirst":false,"name":"","isLeft":true,"isCenter":false,"isRight":false,"is_breaking":false,"file":"","time":"","style":false},{"content":"朋友们，往里走~","replyDepth":0,"type":"chat","sCharacter":{"no":"custom-250918-172349","index":"custom-250918-172349"},"isFirst":false,"name":"","isLeft":true,"isCenter":false,"isRight":false,"is_breaking":false,"file":"","time":"","style":false},{"content":"优香和爱丽丝找了个地方坐下\n优香看着菜单端详了一下...\n然后，便呼叫这位“老板”来到餐桌前","replyDepth":0,"type":"info","sCharacter":{"no":"custom-250918-172349","index":"custom-250918-172349"},"isFirst":false,"name":"","isLeft":false,"isCenter":true,"isRight":false,"is_breaking":false,"file":"","time":"","style":false},{"content":"服务员，麻烦过来一下！","replyDepth":0,"type":"chat","sCharacter":{"no":"早濑优香","index":"CH0184_BG"},"file":""},{"file":"GameData/BLDA/CharFace/CH0184/2.webp","content":"CharFace","replyDepth":0,"type":"image","sCharacter":{"no":"早濑优香","index":"CH0184_BG"}},{"content":"噢，在我们这里没有“服务员”和“顾客”，这里只有“主理人”和主理人的朋友","replyDepth":0,"type":"chat","sCharacter":{"no":"custom-250918-172349","index":"custom-250918-172349"},"isFirst":false,"name":"","isLeft":true,"isCenter":false,"isRight":false,"is_breaking":false,"file":"","time":"","style":false},{"content":"再介绍一下，我是这家“新餐馆”的director马克西姆","replyDepth":0,"type":"chat","sCharacter":{"no":"custom-250918-172349","index":"custom-250918-172349"},"isFirst":false,"name":"","isLeft":true,"isCenter":false,"isRight":false,"is_breaking":false,"file":"","time":"","style":false},{"content":"欢迎各位朋友来到本店，准备享用我们的故事...","replyDepth":0,"type":"chat","sCharacter":{"no":"custom-250918-172349","index":"custom-250918-172349"},"isFirst":false,"name":"","isLeft":true,"isCenter":false,"isRight":false,"is_breaking":false,"file":"","time":"","style":false},{"file":"GameData/BLDA/CharFace/citizen_borot2/0.webp","content":"CharFace","replyDepth":0,"type":"image","sCharacter":{"no":"custom-250918-172349","index":"custom-250918-172349"}},{"content":"（小声）故...故事，怎么说这么奇怪的话？","replyDepth":0,"type":"chat","sCharacter":{"no":"早濑优香","index":"CH0184_BG"},"isFirst":false,"name":"","isLeft":true,"isCenter":false,"isRight":false,"is_breaking":false,"file":"","time":"","style":false},{"file":"GameData/BLDA/CharFace/CH0184/15.webp","content":"CharFace","replyDepth":0,"type":"image","sCharacter":{"no":"早濑优香","index":"CH0184_BG"}},{"content":"服务员，请问这里有没有菜单...","replyDepth":0,"type":"chat","sCharacter":{"no":"早濑优香","index":"CH0184_BG"},"isFirst":false,"name":"","isLeft":true,"isCenter":false,"isRight":false,"is_breaking":false,"file":"","time":"","style":false},{"content":"（盯着优香）","replyDepth":0,"type":"chat","sCharacter":{"no":"custom-250918-172349","index":"custom-250918-172349"},"file":""},{"content":"啊...额，主理人先生，我们...","replyDepth":0,"type":"chat","sCharacter":{"no":"早濑优香","index":"CH0184_BG"},"isFirst":false,"name":"","isLeft":true,"isCenter":false,"isRight":false,"is_breaking":false,"file":"","time":"","style":false},{"content":"嗯，没事的朋友，您看来是第一次来到这里，还不懂一些规矩","replyDepth":0,"type":"chat","sCharacter":{"no":"custom-250918-172349","index":"custom-250918-172349"},"file":""},{"content":"在这里，我们有一套自己的rules，还希望各位friends能够遵守","replyDepth":0,"type":"chat","sCharacter":{"no":"custom-250918-172349","index":"custom-250918-172349"},"isFirst":false,"name":"","isLeft":true,"isCenter":false,"isRight":false,"is_breaking":false,"file":"","time":"","style":false},{"content":"第一，禁止武器带入本店...","replyDepth":0,"type":"chat","sCharacter":{"no":"custom-250918-172349","index":"custom-250918-172349"},"isFirst":false,"name":"","isLeft":true,"isCenter":false,"isRight":false,"is_breaking":false,"file":"","time":"","style":false},{"content":"各位请将你们的武器放在那边的武器架上","replyDepth":0,"type":"chat","sCharacter":{"no":"custom-250918-172349","index":"custom-250918-172349"},"file":""},{"content":"还是第一次见到这种规则...","replyDepth":0,"type":"chat","sCharacter":{"no":"早濑优香","index":"CH0184_BG"},"file":""},{"content":"一般的餐厅也只是让顾客把武器收好，不要随便掏出来...","replyDepth":0,"type":"chat","sCharacter":{"no":"早濑优香","index":"CH0184_BG"},"file":""},{"file":"GameData/BLDA/CharFace/CH0184/5.webp","content":"CharFace","replyDepth":0,"type":"image","sCharacter":{"no":"早濑优香","index":"CH0184_BG"}},{"content":"第二，本店原则上只接受预约，现场预约进店的顾客...","replyDepth":0,"type":"chat","sCharacter":{"no":"custom-250918-172349","index":"custom-250918-172349"},"isFirst":false,"name":"","isLeft":true,"isCenter":false,"isRight":false,"is_breaking":false,"file":"","time":"","style":false},{"content":"要收取二位预约费用6500元","replyDepth":0,"type":"chat","sCharacter":{"no":"custom-250918-172349","index":"custom-250918-172349"},"isFirst":false,"name":"","isLeft":true,"isCenter":false,"isRight":false,"is_breaking":false,"file":"","time":"","style":false},{"content":"不是吧，怎么这样！？","replyDepth":0,"type":"chat","sCharacter":{"no":"早濑优香","index":"CH0184_BG"},"file":""},{"file":"GameData/BLDA/CharFace/CH0184/6.webp","content":"CharFace","replyDepth":0,"type":"image","sCharacter":{"no":"早濑优香","index":"CH0184_BG"}},{"content":"那，请问这里有洗手间吗，我想先去...","replyDepth":0,"type":"chat","sCharacter":{"no":"早濑优香","index":"CH0184_BG"},"file":""},{"content":"哦，真是抱歉，本店没有任何可供您使用的卫生间","replyDepth":0,"type":"chat","sCharacter":{"no":"custom-250918-172349","index":"custom-250918-172349"},"file":""},{"content":"但是，明明你那边的牌子就是写着“洗手间”三个大字的啊？","replyDepth":0,"type":"chat","sCharacter":{"no":"早濑优香","index":"CH0184_BG"},"isFirst":false,"name":"","isLeft":true,"isCenter":false,"isRight":false,"is_breaking":false,"file":"","time":"","style":false},{"content":"啊，那是给我们内部员工用的，如果朋友您真的着急，需要先消费满30000元","replyDepth":0,"type":"chat","sCharacter":{"no":"custom-250918-172349","index":"custom-250918-172349"},"isFirst":false,"name":"","isLeft":true,"isCenter":false,"isRight":false,"is_breaking":false,"file":"","time":"","style":false},{"content":"这...这简直是不可理喻...！","replyDepth":0,"type":"chat","sCharacter":{"no":"早濑优香","index":"CH0184_BG"},"file":""},{"file":"GameData/BLDA/CharFace/CH0184/9.webp","content":"CharFace","replyDepth":0,"type":"image","sCharacter":{"no":"早濑优香","index":"CH0184_BG"}},{"content":"第三，本店恕不支持任何设备拍摄，因此这位朋友，您这架无人机必须关闭","replyDepth":0,"type":"chat","sCharacter":{"no":"custom-250918-172349","index":"custom-250918-172349"},"file":""},{"content":"啊...不可以！重要道具绝不可以交出去！","replyDepth":0,"type":"chat","sCharacter":{"no":"天童爱丽丝","index":"CH0200_BG"},"isFirst":false,"name":"","isLeft":true,"isCenter":false,"isRight":false,"is_breaking":false,"file":"","time":"","style":false},{"file":"GameData/BLDA/CharFace/CH0200/4.webp","content":"CharFace","replyDepth":0,"type":"image","sCharacter":{"no":"天童爱丽丝","index":"CH0200_BG"},"isFirst":false,"name":"","isLeft":true,"isCenter":false,"isRight":false,"is_breaking":false,"time":"","style":false},{"content":"爱丽丝，现在需要请求协助！","replyDepth":0,"type":"chat","sCharacter":{"no":"天童爱丽丝","index":"CH0200_BG"},"isFirst":false,"name":"","isLeft":true,"isCenter":false,"isRight":false,"is_breaking":false,"file":"","time":"","style":false},{"content":"哔哔哔——","replyDepth":0,"type":"chat","sCharacter":{"no":"AMAS","index":"NP0122"},"file":""},{"content":"无人机在此时不知道为何发出了声响","replyDepth":0,"type":"info","sCharacter":{"no":"早濑优香","index":"CH0184_BG"},"file":"","isFirst":false,"name":"","isLeft":false,"isCenter":true,"isRight":false,"is_breaking":false,"time":"","style":false},{"content":"（收到了什么消息，然后背对老板悄悄通话着）","replyDepth":0,"type":"chat","sCharacter":{"no":"早濑优香","index":"CH0184_BG"},"file":""},{"content":"（小声）收到，我会先看住爱丽丝的...","replyDepth":0,"type":"chat","sCharacter":{"no":"早濑优香","index":"CH0184_BG"},"file":""},{"content":"我们的主理人似乎没有注意到优香的异常，而是着眼于着急的爱丽丝","replyDepth":0,"type":"info","sCharacter":{"no":"custom-250918-172349","index":"custom-250918-172349"},"isFirst":false,"name":"","isLeft":false,"isCenter":true,"isRight":false,"is_breaking":false,"file":"","time":"","style":false},{"content":"哦，这位朋友，不需要如此激动...","replyDepth":0,"type":"chat","sCharacter":{"no":"custom-250918-172349","index":"custom-250918-172349"},"file":""},{"content":"您可以把这架无人机，交予我来代为保管...","replyDepth":0,"type":"chat","sCharacter":{"no":"custom-250918-172349","index":"custom-250918-172349"},"file":""},{"content":"哔哔哔哔——嘟——","replyDepth":0,"type":"chat","sCharacter":{"no":"AMAS","index":"NP0122"},"file":""},{"content":"在发出一连串声响后，AMAS无人机自己飞出去了","replyDepth":0,"type":"info","sCharacter":{"no":"custom-250918-172349","index":"custom-250918-172349"},"isFirst":false,"name":"","isLeft":false,"isCenter":true,"isRight":false,"is_breaking":false,"file":"","time":"","style":false},{"content":"啊，重要道具自己离开了！","replyDepth":0,"type":"chat","sCharacter":{"no":"天童爱丽丝","index":"CH0200_BG"},"file":""},{"content":"（试图出去寻找）","replyDepth":0,"type":"chat","sCharacter":{"no":"天童爱丽丝","index":"CH0200_BG"},"file":""},{"content":"等等，朋友，我们等下再找也不迟！","replyDepth":0,"type":"chat","sCharacter":{"no":"custom-250918-172349","index":"custom-250918-172349"},"file":""},{"content":"我们这边，还有故事等待您来聆听呢","replyDepth":0,"type":"chat","sCharacter":{"no":"custom-250918-172349","index":"custom-250918-172349"},"file":""},{"file":"GameData/BLDA/CharFace/CH0200/6.webp","content":"CharFace","replyDepth":0,"type":"image","sCharacter":{"no":"天童爱丽丝","index":"CH0200_BG"}},{"content":"日鞠伙伴给予的重要道具...就这样被爱丽丝给...","replyDepth":0,"type":"chat","sCharacter":{"no":"天童爱丽丝","index":"CH0200_BG"},"file":""},{"content":"乖...爱丽丝...我们先在这里坐一会...","replyDepth":0,"type":"chat","sCharacter":{"no":"早濑优香","index":"CH0184_BG"},"file":""},{"content":"等下我们再出去找找，好吗？","replyDepth":0,"type":"chat","sCharacter":{"no":"早濑优香","index":"CH0184_BG"},"file":""},{"file":"GameData/BLDA/CharFace/CH0184/3.webp","content":"CharFace","replyDepth":0,"type":"image","sCharacter":{"no":"早濑优香","index":"CH0184_BG"}},{"content":"可是...优香前辈...","replyDepth":0,"type":"chat","sCharacter":{"no":"天童爱丽丝","index":"CH0200_BG"},"isFirst":false,"name":"","isLeft":true,"isCenter":false,"isRight":false,"is_breaking":false,"file":"","time":"","style":false},{"file":"GameData/BLDA/CharFace/CH0200/6.webp","content":"CharFace","replyDepth":0,"type":"image","sCharacter":{"no":"天童爱丽丝","index":"CH0200_BG"}},{"content":"优香轻轻摸了摸爱丽丝的头，并捋了捋爱丽丝的秀发\n爱丽丝原本激动的神情也慢慢冷静了下来...","replyDepth":0,"type":"info","sCharacter":{"no":"早濑优香","index":"CH0184_BG"},"file":""},{"content":"那么，主理人先生...","replyDepth":0,"type":"chat","sCharacter":{"no":"早濑优香","index":"CH0184_BG"},"file":""},{"file":"GameData/BLDA/CharFace/CH0184/7.webp","content":"CharFace","replyDepth":0,"type":"image","sCharacter":{"no":"早濑优香","index":"CH0184_BG"}},{"content":"我们在此“静候佳音”...","replyDepth":0,"type":"chat","sCharacter":{"no":"早濑优香","index":"CH0184_BG"},"isFirst":false,"name":"","isLeft":true,"isCenter":false,"isRight":false,"is_breaking":false,"file":"","time":"","style":false},{"content":"今天，我们所有的餐点，全部掌握在您的手上","replyDepth":0,"type":"chat","sCharacter":{"no":"早濑优香","index":"CH0184_BG"},"isFirst":false,"name":"","isLeft":true,"isCenter":false,"isRight":false,"is_breaking":false,"file":"","time":"","style":false},{"content":"呃...哦，非常感谢您的支持，我的朋友","replyDepth":0,"type":"chat","sCharacter":{"no":"custom-250918-172349","index":"custom-250918-172349"},"isFirst":false,"name":"","isLeft":true,"isCenter":false,"isRight":false,"is_breaking":false,"file":"","time":"","style":false},{"content":"我这就为各位准备我们的故事！请各位稍作等待...","replyDepth":0,"type":"chat","sCharacter":{"no":"custom-250918-172349","index":"custom-250918-172349"},"isFirst":false,"name":"","isLeft":true,"isCenter":false,"isRight":false,"is_breaking":false,"file":"","time":"","style":false},{"content":"“主理人”先生说罢，立刻飞一般地跑到厨房区","replyDepth":0,"type":"info","sCharacter":{"no":"custom-250918-172349","index":"custom-250918-172349"},"file":""},{"content":"（立刻来到厨房）","replyDepth":0,"type":"chat","sCharacter":{"no":"custom-250918-172349","index":"custom-250918-172349"},"file":""},{"content":"怎么办啊...我平时都是吃外送盒饭的，哪里会做饭！","replyDepth":0,"type":"chat","sCharacter":{"no":"custom-250918-172349","index":"custom-250918-172349"},"isFirst":false,"name":"","isLeft":true,"isCenter":false,"isRight":false,"is_breaking":false,"file":"","time":"","style":false},{"content":"加上这种破地方，上哪里给我找食材啊...","replyDepth":0,"type":"chat","sCharacter":{"no":"custom-250918-172349","index":"custom-250918-172349"},"isFirst":false,"name":"","isLeft":true,"isCenter":false,"isRight":false,"is_breaking":false,"file":"","time":"","style":false},{"content":"先翻翻这里橱柜有没有以前留下来的预制菜包吧...","replyDepth":0,"type":"chat","sCharacter":{"no":"custom-250918-172349","index":"custom-250918-172349"},"file":""},{"content":"那个，优香大魔王...爱丽丝有一个问题...","replyDepth":0,"type":"chat","sCharacter":{"no":"天童爱丽丝","index":"CH0200_BG"},"file":""},{"file":"GameData/BLDA/CharFace/CH0200/9.webp","content":"CharFace","replyDepth":0,"type":"image","sCharacter":{"no":"天童爱丽丝","index":"CH0200_BG"}},{"content":"为什么我们，不趁现在就离开这里呢？","replyDepth":0,"type":"chat","sCharacter":{"no":"天童爱丽丝","index":"CH0200_BG"},"isFirst":false,"name":"","isLeft":true,"isCenter":false,"isRight":false,"is_breaking":false,"file":"","time":"","style":false},{"content":"我还是很担心，日鞠伙伴给予爱丽丝的AMAS...","replyDepth":0,"type":"chat","sCharacter":{"no":"天童爱丽丝","index":"CH0200_BG"},"file":""},{"content":"没事的，爱丽丝酱","replyDepth":0,"type":"chat","sCharacter":{"no":"早濑优香","index":"CH0184_BG"},"file":""},{"content":"那台AMAS无人机，并没有消失哦","replyDepth":0,"type":"chat","sCharacter":{"no":"早濑优香","index":"CH0184_BG"},"file":""},{"file":"GameData/BLDA/CharFace/CH0184/3.webp","content":"CharFace","replyDepth":0,"type":"image","sCharacter":{"no":"早濑优香","index":"CH0184_BG"},"isFirst":true},{"content":"嗯，那它去哪里了呢？","replyDepth":0,"type":"chat","sCharacter":{"no":"天童爱丽丝","index":"CH0200_BG"},"file":""}],"MoeTalk":"4-7"}