{"CHAT":[{"replyDepth":0,"sCharacter":{"no":0,"index":"1"},"content":"阿拜多斯荒漠","type":"info"},{"replyDepth":0,"sCharacter":{"no":0,"index":"1"},"content":"没有航班可以到达，仅有的交通方式是年代久远的列车，只开到阿拜多斯站，再沿着失修的铁路继续走","type":"info"},{"replyDepth":0,"sCharacter":{"no":"调月莉音","index":"CH0158"},"content":"作为旅途的第一站，还真是有些别致","type":"chat"},{"replyDepth":0,"sCharacter":{"no":0,"index":"1"},"content":"我选择的地点都是有目的的哦，莉音","type":"chat"},{"replyDepth":0,"sCharacter":{"no":0,"index":"1"},"content":"只是现在还不能告诉你","type":"chat"},{"replyDepth":0,"sCharacter":{"no":0,"index":"1"},"content":"说出来的话，旅行的意义就没有了","type":"chat"},{"replyDepth":0,"sCharacter":{"no":"调月莉音","index":"CH0158"},"content":"是这样呢","type":"chat"},{"replyDepth":0,"sCharacter":{"no":"调月莉音","index":"CH0158"},"content":"那我就不多问了","type":"chat"},{"replyDepth":0,"sCharacter":{"no":"调月莉音","index":"CH0158"},"content":"不过sensei，喜欢这样的景色吗？","type":"chat"},{"replyDepth":0,"sCharacter":{"no":0,"index":"1"},"content":"莉音向远处望去，但目之所及的，只有广袤的沙漠和零星几栋被岁月淹没的建筑","type":"info"},{"replyDepth":0,"sCharacter":{"no":0,"index":"1"},"content":"唔，这个嘛……","type":"chat"},{"replyDepth":0,"sCharacter":{"no":0,"index":"1"},"content":"莉音是怎么想的呢","type":"chat"},{"replyDepth":0,"sCharacter":{"no":"调月莉音","index":"CH0158"},"content":"我？","type":"chat"},{"replyDepth":0,"sCharacter":{"no":"调月莉音","index":"CH0158"},"content":"虽然可能比不上sensei，但我对阿拜多斯多少也有些了解","type":"chat"},{"replyDepth":0,"sCharacter":{"no":"调月莉音","index":"CH0158"},"content":"在古籍上也见过它曾经辉煌的样子","type":"chat"},{"replyDepth":0,"sCharacter":{"no":"调月莉音","index":"CH0158"},"content":"但现在我只能看到这所学校的悲剧，这片大地的伤痛","type":"chat"},{"replyDepth":0,"sCharacter":{"no":"调月莉音","index":"CH0158"},"content":"两相比较只会更觉得难受吧，我应该是挺难喜欢上这样的景色的","type":"chat"},{"replyDepth":0,"sCharacter":{"no":"调月莉音","index":"CH0158"},"content":"","type":"image","file":"GameData/BLDA/CharFace/CH0158/99.webp"},{"replyDepth":0,"sCharacter":{"no":0,"index":"1"},"content":"这样啊……","type":"chat"},{"replyDepth":0,"sCharacter":{"no":0,"index":"1"},"content":"不知该如何回答，我只能默默朝前走着","type":"info"},{"replyDepth":0,"sCharacter":{"no":0,"index":"1"},"content":"哟，到了","type":"chat"},{"replyDepth":0,"sCharacter":{"no":"调月莉音","index":"CH0158"},"content":"嗯？","type":"chat"},{"replyDepth":0,"sCharacter":{"no":0,"index":"1"},"content":"眼前的景色与适才看起来别无二致，也难怪她会疑惑","type":"info"},{"replyDepth":0,"sCharacter":{"no":0,"index":"1"},"content":"莉音刚才说看过古籍里记载的阿拜多斯的辉煌，那应该也知道砂祭吧？","type":"chat"},{"replyDepth":0,"sCharacter":{"no":"调月莉音","index":"CH0158"},"content":"略有耳闻","type":"chat"},{"replyDepth":0,"sCharacter":{"no":"调月莉音","index":"CH0158"},"content":"是在这儿还有绿洲的时候举办的大型祭典吧","type":"chat"},{"replyDepth":0,"sCharacter":{"no":0,"index":"1"},"content":"我点点头","type":"info"},{"replyDepth":0,"sCharacter":{"no":0,"index":"1"},"content":"现在已经看不出来了","type":"chat"},{"replyDepth":0,"sCharacter":{"no":"调月莉音","index":"CH0158"},"content":"什么？","type":"chat"},{"replyDepth":0,"sCharacter":{"no":0,"index":"1"},"content":"这里，就是那片绿洲的所在","type":"chat"},{"replyDepth":0,"sCharacter":{"no":0,"index":"1"},"content":"也即是历年砂祭举办的地方","type":"chat"},{"replyDepth":0,"sCharacter":{"no":"调月莉音","index":"CH0158"},"content":"啊","type":"chat"},{"replyDepth":0,"sCharacter":{"no":"调月莉音","index":"CH0158"},"content":"……","type":"chat"},{"replyDepth":0,"sCharacter":{"no":"调月莉音","index":"CH0158"},"content":"唉，这，这可真是……","type":"chat"},{"replyDepth":0,"sCharacter":{"no":"调月莉音","index":"CH0158"},"content":"","type":"image","file":"GameData/BLDA/CharFace/CH0158/6.webp"},{"replyDepth":0,"sCharacter":{"no":0,"index":"1"},"content":"莉音叹起气来","type":"info"},{"replyDepth":0,"sCharacter":{"no":0,"index":"1"},"content":"纵使她是千年引以为傲的会长，也只是个学生","type":"info"},{"replyDepth":0,"sCharacter":{"no":0,"index":"1"},"content":"世事的沧桑变幻，她纵能理解，却也无力领受","type":"info"},{"replyDepth":0,"sCharacter":{"no":0,"index":"1"},"content":"抱歉，让你感到难受了吗","type":"chat"},{"replyDepth":0,"sCharacter":{"no":"调月莉音","index":"CH0158"},"content":"不会……","type":"chat"},{"replyDepth":0,"sCharacter":{"no":0,"index":"1"},"content":"她迟疑着","type":"info"},{"replyDepth":0,"sCharacter":{"no":"调月莉音","index":"CH0158"},"content":"……好吧，是有点","type":"chat"},{"replyDepth":0,"sCharacter":{"no":"调月莉音","index":"CH0158"},"content":"觉得胸口闷闷的","type":"chat"},{"replyDepth":0,"sCharacter":{"no":"调月莉音","index":"CH0158"},"content":"我调查过阿拜多斯的近况","type":"chat"},{"replyDepth":0,"sCharacter":{"no":"调月莉音","index":"CH0158"},"content":"毕竟作为研讨会的会长，了解其他学校的基本情况是必要的","type":"chat"},{"replyDepth":0,"sCharacter":{"no":"调月莉音","index":"CH0158"},"content":"与阿拜多斯相比，千年的财政状况无疑要好得多，课余生活、社团活动也都很充实","type":"chat"},{"replyDepth":0,"sCharacter":{"no":"调月莉音","index":"CH0158"},"content":"在没实际体会之前，我不会产生这种感受","type":"chat"},{"replyDepth":0,"sCharacter":{"no":"调月莉音","index":"CH0158"},"content":"但现在，我站在这荒漠上，回想那片消失的绿洲","type":"chat"},{"replyDepth":0,"sCharacter":{"no":"调月莉音","index":"CH0158"},"content":"这种感觉是什么呢……","type":"chat"},{"replyDepth":0,"sCharacter":{"no":"调月莉音","index":"CH0158"},"content":"是同情吗，是遗憾吗，是羞愧吗，还是……","type":"chat"},{"replyDepth":0,"sCharacter":{"no":"调月莉音","index":"CH0158"},"content":"","type":"image","file":"GameData/BLDA/CharFace/CH0158/7.webp"},{"replyDepth":0,"sCharacter":{"no":0,"index":"1"},"content":"她低着头，声音也越来越小，以至我听不清她最后说的是什么","type":"info"},{"replyDepth":0,"sCharacter":{"no":0,"index":"1"},"content":"那也是你的温柔哦，莉音","type":"chat"},{"replyDepth":0,"sCharacter":{"no":0,"index":"1"},"content":"是只属于你的温柔","type":"chat"},{"replyDepth":0,"sCharacter":{"no":0,"index":"1"},"content":"也是我倾心于你的原因，我心中如是默念","type":"info"},{"replyDepth":0,"sCharacter":{"no":"调月莉音","index":"CH0158"},"content":"什么？","type":"chat"},{"replyDepth":0,"sCharacter":{"no":0,"index":"1"},"content":"没有哦","type":"chat"},{"replyDepth":0,"sCharacter":{"no":0,"index":"1"},"content":"放宽心，我带你旅行，不是想给你看这个的","type":"chat"},{"replyDepth":0,"sCharacter":{"no":0,"index":"1"},"content":"你看","type":"chat"},{"replyDepth":0,"sCharacter":{"no":0,"index":"1"},"content":"她顺着我手指的方向望去","type":"info"},{"replyDepth":0,"sCharacter":{"no":0,"index":"1"},"content":"几个少女正在嬉闹","type":"info"},{"replyDepth":0,"sCharacter":{"no":"调月莉音","index":"CH0158"},"content":"咦？","type":"chat"},{"replyDepth":0,"sCharacter":{"no":0,"index":"1"},"content":"我大老远就认出了她们，但为了让莉音看清楚，我领着她走近一点","type":"info"},{"replyDepth":0,"sCharacter":{"no":0,"index":"1"},"content":"是身着泳装的对策委员会五人组，她们正在打沙滩排球，在这骄阳之下","type":"info"},{"replyDepth":0,"sCharacter":{"no":0,"index":"1"},"content":"白子和芹香一组，对阵野宫和绫音","type":"info"},{"replyDepth":0,"sCharacter":{"no":0,"index":"1"},"content":"想当然，怕热的星野选择当裁判","type":"info"},{"replyDepth":0,"sCharacter":{"no":"小鸟游星野","index":"Hoshino_swimsuit"},"content":"呀嗬，是sensei！","type":"chat"},{"replyDepth":0,"sCharacter":{"no":"小鸟游星野","index":"Hoshino_swimsuit"},"content":"还有这位漂亮的小姐姐是……","type":"chat"},{"replyDepth":0,"sCharacter":{"no":"小鸟游星野","index":"Hoshino_swimsuit"},"content":"咕嘿——","type":"chat"},{"replyDepth":0,"sCharacter":{"no":"小鸟游星野","index":"Hoshino_swimsuit"},"content":"","type":"image","file":"GameData/BLDA/CharFace/hoshino_swimsuit/17.webp"},{"replyDepth":0,"sCharacter":{"no":0,"index":"1"},"content":"她也注意到我们，便打起招呼，其他人也应声停了下来","type":"info"},{"replyDepth":0,"sCharacter":{"no":"砂狼白子","index":"CH0188"},"content":"你来啦，sensei","type":"chat"},{"replyDepth":0,"sCharacter":{"no":"砂狼白子","index":"CH0188"},"content":"","type":"image","file":"GameData/BLDA/CharFace/CH0188/3.webp"},{"replyDepth":0,"sCharacter":{"no":"十六夜野宫","index":"CH0092"},"content":"sensei好久不见哦","type":"chat"},{"replyDepth":0,"sCharacter":{"no":"十六夜野宫","index":"CH0092"},"content":"还有这位是？","type":"chat"},{"replyDepth":0,"sCharacter":{"no":"十六夜野宫","index":"CH0092"},"content":"","type":"image","file":"GameData/BLDA/CharFace/CH0092/0.webp"},{"replyDepth":0,"sCharacter":{"no":"黑见芹香","index":"CH0189"},"content":"一定又是拐骗了哪所学校的纯情少女吧","type":"chat"},{"replyDepth":0,"sCharacter":{"no":"黑见芹香","index":"CH0189"},"content":"","type":"image","file":"GameData/BLDA/CharFace/CH0189/13.webp"},{"replyDepth":0,"sCharacter":{"no":0,"index":"1"},"content":"喂喂，那是什么用心险恶的说法……","type":"chat"},{"replyDepth":0,"sCharacter":{"no":0,"index":"1"},"content":"","type":"image","file":"GameData/BLDA/Emoji/stamps/ClanChat_Emoji_11_Jp.webp"},{"replyDepth":0,"sCharacter":{"no":"小鸟游星野","index":"Hoshino_swimsuit"},"content":"咕嘿——","type":"chat"},{"replyDepth":0,"sCharacter":{"no":"小鸟游星野","index":"Hoshino_swimsuit"},"content":"别这么说嘛芹香酱","type":"chat"},{"replyDepth":0,"sCharacter":{"no":"小鸟游星野","index":"Hoshino_swimsuit"},"content":"你看人家姓名牌还挂在衣服上呢","type":"chat"},{"replyDepth":0,"sCharacter":{"no":"小鸟游星野","index":"Hoshino_swimsuit"},"content":"原来如此，这位小姐姐就是千年的研讨会长莉音小姐吧","type":"chat"},{"replyDepth":0,"sCharacter":{"no":"小鸟游星野","index":"Hoshino_swimsuit"},"content":"","type":"image","file":"GameData/BLDA/CharFace/hoshino_swimsuit/99.webp"},{"replyDepth":0,"sCharacter":{"no":"调月莉音","index":"CH0158"},"content":"呃，嗯，是的……","type":"chat"},{"replyDepth":0,"sCharacter":{"no":"调月莉音","index":"CH0158"},"content":"你好，对策委员会的小鸟游委员长","type":"chat"},{"replyDepth":0,"sCharacter":{"no":"调月莉音","index":"CH0158"},"content":"还有委员会的各位……","type":"chat"},{"replyDepth":0,"sCharacter":{"no":"调月莉音","index":"CH0158"},"content":"","type":"image","file":"GameData/BLDA/CharFace/CH0158/4.webp"},{"replyDepth":0,"sCharacter":{"no":0,"index":"1"},"content":"看样子莉音面对大家的热情有些无所适从","type":"info"},{"replyDepth":0,"sCharacter":{"no":"小鸟游星野","index":"Hoshino_swimsuit"},"content":"哎呀，原来大叔我也是这么有名气的人吗，真难为情呀，诶嘿嘿——","type":"chat"},{"replyDepth":0,"sCharacter":{"no":"小鸟游星野","index":"Hoshino_swimsuit"},"content":"但小鸟游委员长什么的也太见外啦，叫咱星野就好啦","type":"chat"},{"replyDepth":0,"sCharacter":{"no":"小鸟游星野","index":"Hoshino_swimsuit"},"content":"","type":"image","file":"GameData/BLDA/CharFace/hoshino_swimsuit/2.webp"},{"replyDepth":0,"sCharacter":{"no":"调月莉音","index":"CH0158"},"content":"大……大叔？","type":"chat"},{"replyDepth":0,"sCharacter":{"no":0,"index":"1"},"content":"呃，不用在意那个……","type":"chat"},{"replyDepth":0,"sCharacter":{"no":0,"index":"1"},"content":"","type":"image","file":"GameData/BLDA/Emoji/stamps/ClanChat_Emoji_11_Jp.webp"},{"replyDepth":0,"sCharacter":{"no":"调月莉音","index":"CH0158"},"content":"嗯，嗯……","type":"chat"},{"replyDepth":0,"sCharacter":{"no":0,"index":"1"},"content":"怎么突然想起来打沙排呢？","type":"chat"},{"replyDepth":0,"sCharacter":{"no":"十六夜野宫","index":"CH0092"},"content":"星野前辈说尽管砂祭已经不可能有机会重现了","type":"chat"},{"replyDepth":0,"sCharacter":{"no":"十六夜野宫","index":"CH0092"},"content":"但哪怕只有一次，也想感受一下那种气氛","type":"chat"},{"replyDepth":0,"sCharacter":{"no":"custom-2024-04-25-01-13-32","index":"custom-2024-04-25-01-13-32"},"content":"诶嘿，苦中作乐嘛","type":"chat"},{"replyDepth":0,"sCharacter":{"no":"黑见芹香","index":"CH0189"},"content":"但就我们几个人，也不可能真的办出一场祭典来","type":"chat"},{"replyDepth":0,"sCharacter":{"no":"黑见芹香","index":"CH0189"},"content":"想来想去，在这荒漠里能做的事情，也就只有打打沙排了吧","type":"chat"},{"replyDepth":0,"sCharacter":{"no":"小鸟游星野","index":"Hoshino_swimsuit"},"content":"咕嘿——","type":"chat"},{"replyDepth":0,"sCharacter":{"no":"小鸟游星野","index":"Hoshino_swimsuit"},"content":"做什么不重要啦，重要的是心情","type":"chat"},{"replyDepth":0,"sCharacter":{"no":"小鸟游星野","index":"Hoshino_swimsuit"},"content":"","type":"image","file":"GameData/BLDA/CharFace/hoshino_swimsuit/99.webp"},{"replyDepth":0,"sCharacter":{"no":"十六夜野宫","index":"CH0092"},"content":"能穿泳装也很好呢！","type":"chat"},{"replyDepth":0,"sCharacter":{"no":"十六夜野宫","index":"CH0092"},"content":"","type":"image","file":"GameData/BLDA/CharFace/CH0092/3.webp"},{"replyDepth":0,"sCharacter":{"no":"砂狼白子","index":"CH0188"},"content":"还有面罩……","type":"chat"},{"replyDepth":0,"sCharacter":{"no":"黑见芹香","index":"CH0189"},"content":"那个驳回","type":"chat"},{"replyDepth":0,"sCharacter":{"no":"砂狼白子","index":"CH0188"},"content":"嗯……","type":"chat"},{"replyDepth":0,"sCharacter":{"no":"砂狼白子","index":"CH0188"},"content":"","type":"image","file":"GameData/BLDA/CharFace/CH0188/4.webp"},{"replyDepth":0,"sCharacter":{"no":"小鸟游星野","index":"Hoshino_swimsuit"},"content":"大海啊，呜嘿，真不错呢……","type":"chat"},{"replyDepth":0,"sCharacter":{"no":"小鸟游星野","index":"Hoshino_swimsuit"},"content":"有机会的话，还想再看看啊……","type":"chat"},{"replyDepth":0,"sCharacter":{"no":"小鸟游星野","index":"Hoshino_swimsuit"},"content":"","type":"image","file":"GameData/BLDA/CharFace/hoshino_swimsuit/2.webp"},{"replyDepth":0,"sCharacter":{"no":0,"index":"1"},"content":"（星野……）","type":"chat"},{"replyDepth":0,"sCharacter":{"no":"调月莉音","index":"CH0158"},"content":"（星野小姐……）","type":"chat"},{"replyDepth":0,"sCharacter":{"no":0,"index":"1"},"content":"星野的眼神，看上去有一丝落寞","type":"info"},{"replyDepth":0,"sCharacter":{"no":0,"index":"1"},"content":"是那种不动声色的，星野式的落寞","type":"info"},{"replyDepth":0,"sCharacter":{"no":0,"index":"1"},"content":"星野是能把自己的一切都分享给后辈的人","type":"info"},{"replyDepth":0,"sCharacter":{"no":0,"index":"1"},"content":"但唯独这份落寞，是不会让她们知道的","type":"info"},{"replyDepth":0,"sCharacter":{"no":"小鸟游星野","index":"Hoshino_swimsuit"},"content":"那白子酱你们就接着玩呗，大叔我带sensei和莉音小姐到处逛逛啦","type":"chat"},{"replyDepth":0,"sCharacter":{"no":"小鸟游星野","index":"Hoshino_swimsuit"},"content":"虽然也不知道能逛啥……","type":"chat"},{"replyDepth":0,"sCharacter":{"no":"砂狼白子","index":"CH0188"},"content":"","type":"image","file":"GameData/BLDA/Emoji/stamps/ClanChat_Emoji_18_Jp.webp"},{"replyDepth":0,"sCharacter":{"no":"黑见芹香","index":"CH0189"},"content":"等等等等星野前辈！","type":"chat"},{"replyDepth":0,"sCharacter":{"no":"黑见芹香","index":"CH0189"},"content":"比分呢？我们刚打到多少了？","type":"chat"},{"replyDepth":0,"sCharacter":{"no":"小鸟游星野","index":"Hoshino_swimsuit"},"content":"哎呀，那种小事别在意啦","type":"chat"},{"replyDepth":0,"sCharacter":{"no":"小鸟游星野","index":"Hoshino_swimsuit"},"content":"前三球打完我就没在计啦……","type":"chat"},{"replyDepth":0,"sCharacter":{"no":"小鸟游星野","index":"Hoshino_swimsuit"},"content":"","type":"image","file":"GameData/BLDA/CharFace/hoshino_swimsuit/2.webp"},{"replyDepth":0,"sCharacter":{"no":"黑见芹香","index":"CH0189"},"content":"星——野——前——辈——","type":"chat"},{"replyDepth":0,"sCharacter":{"no":"黑见芹香","index":"CH0189"},"content":"","type":"image","file":"GameData/BLDA/CharFace/CH0189/8.webp"},{"replyDepth":0,"sCharacter":{"no":"小鸟游星野","index":"Hoshino_swimsuit"},"content":"坏啦，快跑呀！","type":"chat"}],"MoeTalk":"0-1"}