{"CHAT":[{"content":"突然，一片白光照到了我和终端\n我不敢造次，因为我知道这意味着什么...","replyDepth":0,"type":"info","sCharacter":{"no":0,"index":"1"},"file":""},{"content":"现在，把身子转过来！","replyDepth":0,"type":"chat","sCharacter":{"no":"custom-250916-011901","index":"custom-250916-011901"},"file":""},{"file":"GameData/BLDA/CharFace/Automata_PMC1/Idle_01.webp","content":"CharFace","replyDepth":0,"type":"image","sCharacter":{"no":"custom-250916-011901","index":"custom-250916-011901"}},{"content":"你，赶紧通报给总部，就说抓到人了！","replyDepth":0,"type":"chat","sCharacter":{"no":"custom-250916-011901","index":"custom-250916-011901"},"file":""},{"content":"好，我现在就去...诶，怎么说不了...","replyDepth":0,"type":"chat","sCharacter":{"no":"custom-250916-011829","index":"custom-250916-011829"},"file":""},{"content":"出去说啊蠢货，没看到这里有信号屏蔽器吗！","replyDepth":0,"type":"chat","sCharacter":{"no":"custom-250916-011901","index":"custom-250916-011901"},"file":""},{"content":"在那个PMC士兵出去之后...","replyDepth":0,"type":"info","sCharacter":{"no":"custom-250916-011901","index":"custom-250916-011901"},"file":""},{"content":"虽然不知道你是耍了什么花招还能逃出来","replyDepth":0,"type":"chat","sCharacter":{"no":"custom-250916-011901","index":"custom-250916-011901"},"file":""},{"content":"但这次，你是彻底走不了了...","replyDepth":0,"type":"chat","sCharacter":{"no":"custom-250916-011901","index":"custom-250916-011901"},"isFirst":false,"name":"","isLeft":true,"isCenter":false,"isRight":false,"is_breaking":false,"file":"","time":"","style":false},{"content":"外面全都是我们的人，你和你的学生拿什么和我们拼？","replyDepth":0,"type":"chat","sCharacter":{"no":"custom-250916-011901","index":"custom-250916-011901"},"file":""},{"file":"GameData/BLDA/CharFace/Automata_PMC1/Idle_01.webp","content":"CharFace","replyDepth":0,"type":"image","sCharacter":{"no":"custom-250916-011901","index":"custom-250916-011901"}},{"content":"不会又是靠什么羁绊啊情谊之类的来和我们拼吧，可真是...","replyDepth":0,"type":"chat","sCharacter":{"no":"custom-250916-011901","index":"custom-250916-011901"},"file":""},{"content":"打住，我知道你很急，但你先别急...","replyDepth":0,"type":"chat","sCharacter":{"no":0,"index":"1"},"file":""},{"content":"我哪里急，我话都还没...","replyDepth":0,"type":"chat","sCharacter":{"no":"custom-250916-011901","index":"custom-250916-011901"},"file":""},{"content":"优香，我在这里！","replyDepth":0,"type":"chat","sCharacter":{"no":0,"index":"1"},"file":""},{"content":"什么？（回过头来）","replyDepth":0,"type":"chat","sCharacter":{"no":"custom-250916-011901","index":"custom-250916-011901"},"file":""},{"content":"（从腰间掏出手枪，连开数枪）","replyDepth":0,"type":"chat","sCharacter":{"no":0,"index":"1"},"file":""},{"content":"呃啊啊——你耍诈...（扑通...）","replyDepth":0,"type":"chat","sCharacter":{"no":"custom-250916-011901","index":"custom-250916-011901"},"isFirst":false,"name":"","isLeft":true,"isCenter":false,"isRight":false,"is_breaking":false,"file":"","time":"","style":false},{"content":"兵不厌诈，我的朋友","replyDepth":0,"type":"chat","sCharacter":{"no":0,"index":"1"},"file":""},{"content":"我通报了...诶不是你怎么倒了...！","replyDepth":0,"type":"chat","sCharacter":{"no":"custom-250916-011829","index":"custom-250916-011829"},"isFirst":false,"name":"","isLeft":true,"isCenter":false,"isRight":false,"is_breaking":false,"file":"","time":"","style":false},{"content":"（立刻举枪对着帐篷内射击）","replyDepth":0,"type":"chat","sCharacter":{"no":"custom-250916-011829","index":"custom-250916-011829"},"file":""},{"content":"从门口打进来好几发步枪弹\n我连忙躲在终端后面...","replyDepth":0,"type":"info","sCharacter":{"no":0,"index":"1"},"file":""},{"content":"呀啊啊啊——（手指一直扣动着扳机）","replyDepth":0,"type":"chat","sCharacter":{"no":"custom-250916-011829","index":"custom-250916-011829"},"file":""},{"content":"噼里哗啦——砰砰砰——\n对方的子弹，全都打在了终端上面","replyDepth":0,"type":"info","sCharacter":{"no":"custom-250916-011829","index":"custom-250916-011829"},"file":""},{"content":"嘟嘟嘟——警告，损毁严重，损毁严重...\n即将启动保护程序...","replyDepth":0,"type":"info","sCharacter":{"no":"custom-250916-011829","index":"custom-250916-011829"},"isFirst":false,"name":"","isLeft":false,"isCenter":true,"isRight":false,"is_breaking":false,"file":"","time":"","style":false},{"content":"（大声）喂，快停火，别再打了！","replyDepth":0,"type":"chat","sCharacter":{"no":0,"index":"1"},"file":""},{"content":"这样下去机器会爆炸...（被打断）","replyDepth":0,"type":"chat","sCharacter":{"no":"0","index":"1"},"isFirst":false,"name":"","isLeft":true,"isCenter":false,"isRight":false,"is_breaking":false,"file":"","time":"","style":false},{"content":"（刚换完新弹匣，继续开火）你说停就停吗，不可能！","replyDepth":0,"type":"chat","sCharacter":{"no":"custom-250916-011829","index":"custom-250916-011829"},"isFirst":false,"name":"","isLeft":true,"isCenter":false,"isRight":false,"is_breaking":false,"file":"","time":"","style":false},{"content":"（砰砰砰砰——）","replyDepth":0,"type":"chat","sCharacter":{"no":"custom-250916-011829","index":"custom-250916-011829"},"file":""},{"content":"保护程序已启动，无关人员迅速远离...\n...5...4...3...2...1...","replyDepth":0,"type":"info","sCharacter":{"no":0,"index":"1"},"file":""},{"content":"机器要爆炸了！","replyDepth":0,"type":"chat","sCharacter":{"no":0,"index":"1"},"file":""},{"content":"啊...什，什么！？（停止射击）","replyDepth":0,"type":"chat","sCharacter":{"no":"custom-250916-011829","index":"custom-250916-011829"},"file":""},{"content":"赶快卧倒！！","replyDepth":0,"type":"chat","sCharacter":{"no":0,"index":"1"},"file":""},{"content":"（连忙冲出帐篷）","replyDepth":0,"type":"chat","sCharacter":{"no":0,"index":"1"},"file":""},{"content":"轰隆——\n刚冲出帐篷，后面便响起剧烈的爆炸声\n我和PMC士兵都被冲击波击倒在地，我回过头来一看，火光冲天...","replyDepth":0,"type":"info","sCharacter":{"no":0,"index":"1"},"file":""},{"content":"嗯...信号又恢复了！","replyDepth":0,"type":"chat","sCharacter":{"no":"明星日鞠","index":"CH0159_BG"},"file":""},{"file":"GameData/BLDA/CharFace/CH0159/11.webp","content":"CharFace","replyDepth":0,"type":"image","sCharacter":{"no":"明星日鞠","index":"CH0159_BG"}},{"content":"（指尖在虚拟键盘上跃动着）","replyDepth":0,"type":"chat","sCharacter":{"no":"明星日鞠","index":"CH0159_BG"},"file":""},{"content":"各位，老师就在离你们不远的马戏团帐篷处附近","replyDepth":0,"type":"chat","sCharacter":{"no":"明星日鞠","index":"CH0159_BG"},"file":""},{"content":"（哒哒哒哒——）","replyDepth":0,"type":"chat","sCharacter":{"no":"早濑优香","index":"CH0184_BG"},"file":""},{"content":"“光之剑”充能完毕...光啊——","replyDepth":0,"type":"chat","sCharacter":{"no":"天童爱丽丝","index":"CH0200_BG"},"isFirst":false,"name":"","isLeft":true,"isCenter":false,"isRight":false,"is_breaking":false,"file":"","time":"","style":false},{"file":"GameData/BLDA/CharFace/CH0200/5.webp","content":"CharFace","replyDepth":0,"type":"image","sCharacter":{"no":"天童爱丽丝","index":"CH0200_BG"}},{"content":"不行，左边的敌人有点多...佳代子，忧，你们能不能过去查看情况？","replyDepth":0,"type":"chat","sCharacter":{"no":"早濑优香","index":"CH0184_BG"},"file":""},{"file":"GameData/BLDA/CharFace/CH0184/6.webp","content":"CharFace","replyDepth":0,"type":"image","sCharacter":{"no":"早濑优香","index":"CH0184_BG"}},{"content":"明白，我们正在尝试接近目标地点！","replyDepth":0,"type":"chat","sCharacter":{"no":"鬼方佳代子","index":"CH0086_BG"},"file":""},{"file":"GameData/BLDA/CharFace/CH0086/5.webp","content":"CharFace","replyDepth":0,"type":"image","sCharacter":{"no":"鬼方佳代子","index":"CH0086_BG"}},{"content":"忧，往这边走","replyDepth":0,"type":"chat","sCharacter":{"no":"鬼方佳代子","index":"CH0086_BG"},"file":""},{"content":"（啾——啾——）","replyDepth":0,"type":"chat","sCharacter":{"no":"鬼方佳代子","index":"CH0086_BG"},"file":""},{"content":"额啊...这玩意的威力...还不小...","replyDepth":0,"type":"chat","sCharacter":{"no":0,"index":"1"},"file":""},{"content":"（试图爬过去拿到手枪）","replyDepth":0,"type":"chat","sCharacter":{"no":0,"index":"1"},"file":""},{"content":"不要动，举起手来！","replyDepth":0,"type":"chat","sCharacter":{"no":"custom-250916-011829","index":"custom-250916-011829"},"file":""},{"file":"GameData/BLDA/CharFace/Automata_PMC1/Idle_01.webp","content":"CharFace","replyDepth":0,"type":"image","sCharacter":{"no":"custom-250916-011829","index":"custom-250916-011829"}},{"content":"呃...好好...别开枪，先别开枪...（看到了什么）","replyDepth":0,"type":"chat","sCharacter":{"no":0,"index":"1"},"file":""},{"content":"啊，小忧，我在这里！","replyDepth":0,"type":"chat","sCharacter":{"no":0,"index":"1"},"file":""},{"content":"这招对我不管用，别浪费气力了！","replyDepth":0,"type":"chat","sCharacter":{"no":"custom-250916-011829","index":"custom-250916-011829"},"file":""},{"content":"你以为我会被你的小伎俩给骗到吗！","replyDepth":0,"type":"chat","sCharacter":{"no":"custom-250916-011829","index":"custom-250916-011829"},"file":""},{"content":"嗯...目标进入视野了...","replyDepth":0,"type":"chat","sCharacter":{"no":"古关忧","index":"CH0169_BG"},"file":""},{"file":"GameData/BLDA/CharFace/CH0169/5.webp","content":"CharFace","replyDepth":0,"type":"image","sCharacter":{"no":"古关忧","index":"CH0169_BG"}},{"content":"（扣动了扳机）","replyDepth":0,"type":"chat","sCharacter":{"no":"古关忧","index":"CH0169_BG"},"isFirst":false,"name":"","isLeft":true,"isCenter":false,"isRight":false,"is_breaking":false,"file":"","time":"","style":false},{"content":"再不起来我就开...呃啊...怎么又是...","replyDepth":0,"type":"chat","sCharacter":{"no":"custom-250916-011829","index":"custom-250916-011829"},"isFirst":false,"name":"","isLeft":true,"isCenter":false,"isRight":false,"is_breaking":false,"file":"","time":"","style":false},{"content":"（被亚音速子弹击倒在地）","replyDepth":0,"type":"chat","sCharacter":{"no":"custom-250916-011829","index":"custom-250916-011829"},"file":""},{"content":"（在远处看到了忧，竖起了大拇指）","replyDepth":0,"type":"chat","sCharacter":{"no":0,"index":"1"},"file":""},{"content":"嘿嘿...","replyDepth":0,"type":"chat","sCharacter":{"no":"古关忧","index":"CH0169_BG"},"file":""},{"file":"GameData/BLDA/CharFace/CH0169/22.webp","content":"CharFace","replyDepth":0,"type":"image","sCharacter":{"no":"古关忧","index":"CH0169_BG"}},{"content":"老师，你没事吧！","replyDepth":0,"type":"chat","sCharacter":{"no":"鬼方佳代子","index":"CH0086_BG"},"file":""},{"file":"GameData/BLDA/CharFace/CH0086/5.webp","content":"CharFace","replyDepth":0,"type":"image","sCharacter":{"no":"鬼方佳代子","index":"CH0086_BG"}},{"content":"有没有哪里受伤，需不需要救助？","replyDepth":0,"type":"chat","sCharacter":{"no":"鬼方佳代子","index":"CH0086_BG"},"file":""},{"content":"没事的佳代子，我很好...其他人去哪里了？","replyDepth":0,"type":"chat","sCharacter":{"no":"0","index":"1"},"isFirst":false,"name":"","isLeft":true,"isCenter":false,"isRight":false,"is_breaking":false,"file":"","time":"","style":false},{"content":"优香和爱丽丝她们还在为我们掩护，一会就过来汇合","replyDepth":0,"type":"chat","sCharacter":{"no":"鬼方佳代子","index":"CH0086_BG"},"file":""},{"content":"老师，您没事真是太好了...","replyDepth":0,"type":"chat","sCharacter":{"no":"天雨亚子","index":"NP0019_BG"},"file":""},{"content":"可算是不用我担心您的安危了","replyDepth":0,"type":"chat","sCharacter":{"no":"天雨亚子","index":"NP0019_BG"},"file":""},{"file":"GameData/BLDA/CharFace/ako/1.webp","content":"CharFace","replyDepth":0,"type":"image","sCharacter":{"no":"天雨亚子","index":"NP0019_BG"}},{"content":"亚子，找到这一切的根源了吗？","replyDepth":0,"type":"chat","sCharacter":{"no":0,"index":"1"},"file":""},{"content":"是的，我们已经定位到了高强度信号的来源...","replyDepth":0,"type":"chat","sCharacter":{"no":"天雨亚子","index":"NP0019_BG"},"isFirst":false,"name":"","isLeft":true,"isCenter":false,"isRight":false,"is_breaking":false,"file":"","time":"","style":false},{"content":"是一台大功率钻探机，只要向北穿过游戏摊位区，在那边对门处就可以找到","replyDepth":0,"type":"chat","sCharacter":{"no":"天雨亚子","index":"NP0019_BG"},"file":""},{"content":"佳代子，忧！老师他没事吧！","replyDepth":0,"type":"chat","sCharacter":{"no":"早濑优香","index":"CH0184_BG"},"file":""},{"content":"老师他没事，优香同学！","replyDepth":0,"type":"chat","sCharacter":{"no":"鬼方佳代子","index":"CH0086_BG"},"file":""},{"content":"太好了...没事就好...","replyDepth":0,"type":"chat","sCharacter":{"no":"早濑优香","index":"CH0184_BG"},"file":""},{"content":"（靠近老师耳边）","replyDepth":0,"type":"chat","sCharacter":{"no":"早濑优香","index":"CH0184_BG"},"file":""},{"content":"（小声）又让别人这么担心您...","replyDepth":0,"type":"chat","sCharacter":{"no":"早濑优香","index":"CH0184_BG"},"file":""},{"content":"（小声）回去之后，一定饶不了您！","replyDepth":0,"type":"chat","sCharacter":{"no":"早濑优香","index":"CH0184_BG"},"file":""},{"file":"GameData/BLDA/CharFace/CH0184/5.webp","content":"CharFace","replyDepth":0,"type":"image","sCharacter":{"no":"早濑优香","index":"CH0184_BG"}},{"content":"好好好，之后优香你随便怎么处置我...","replyDepth":0,"type":"chat","sCharacter":{"no":0,"index":"1"},"file":""},{"content":"那，这可是您亲口说的哦...","replyDepth":0,"type":"chat","sCharacter":{"no":"早濑优香","index":"CH0184_BG"},"file":""},{"file":"GameData/BLDA/CharFace/CH0184/4.webp","content":"CharFace","replyDepth":0,"type":"image","sCharacter":{"no":"早濑优香","index":"CH0184_BG"}},{"content":"（把老师从地上拉了起来）","replyDepth":0,"type":"chat","sCharacter":{"no":"早濑优香","index":"CH0184_BG"},"isFirst":false,"name":"","isLeft":true,"isCenter":false,"isRight":false,"is_breaking":false,"file":"","time":"","style":false},{"content":"现在，人又重新集合在一起了...","replyDepth":0,"type":"chat","sCharacter":{"no":0,"index":"1"},"file":""},{"content":"现在让我们，彻底解决掉这一切！","replyDepth":0,"type":"chat","sCharacter":{"no":0,"index":"1"},"file":""},{"content":"一路上，众人仿佛获得了什么力量一般，枪法也更好了\n我和平常战斗一样指挥着她们，有时候也会掏出手枪射击来辅助她们\n就这样，我们一路上过关斩将，最后来到了钻机的所在位置","replyDepth":0,"type":"info","sCharacter":{"no":"custom-250916-011829","index":"custom-250916-011829"},"file":""},{"content":"庞大的平台式钻机占据着门前的整个区域运作着\n目前来看，它也是负责挖掘并探测到矿脉所在的位置\n然而仅仅是如此，便造成了如此巨大的声响和高强度信号\n倘若真的对此地进行大规模的挖掘生产，对环境的破坏是不言而喻的","replyDepth":0,"type":"info","sCharacter":{"no":"凯撒PMC理事","index":"NP0034_BG"},"file":""},{"content":"感觉整个地面都在震啊...","replyDepth":0,"type":"chat","sCharacter":{"no":0,"index":"1"},"file":""},{"content":"这玩意的威力不小啊...有没有地方可以关掉它呢...？","replyDepth":0,"type":"chat","sCharacter":{"no":0,"index":"1"},"file":""},{"content":"可以是可以的，老师","replyDepth":0,"type":"chat","sCharacter":{"no":"天雨亚子","index":"NP0019_BG"},"file":""},{"file":"GameData/BLDA/CharFace/ako/8.webp","content":"CharFace","replyDepth":0,"type":"image","sCharacter":{"no":"天雨亚子","index":"NP0019_BG"}},{"content":"不过，您需要让我和日鞠花费些时间来骇入并修改钻机的应用程序...","replyDepth":0,"type":"chat","sCharacter":{"no":"天雨亚子","index":"NP0019_BG"},"file":""},{"content":"别想了，你们是不可能关掉它的！","replyDepth":0,"type":"chat","sCharacter":{"no":"？？？","index":"Hidden_Arena"},"file":""},{"content":"嗯...？","replyDepth":0,"type":"chat","sCharacter":{"no":0,"index":"1"},"file":""},{"content":"我绝对不能让你们这些家伙破坏我的好事！","replyDepth":0,"type":"chat","sCharacter":{"no":"凯撒PMC理事","index":"NP0034_BG"},"file":""},{"content":"你们不仅关不掉它，更不可能离开这里！","replyDepth":0,"type":"chat","sCharacter":{"no":"凯撒PMC理事","index":"NP0034_BG"},"isFirst":false,"name":"","isLeft":true,"isCenter":false,"isRight":false,"is_breaking":false,"file":"","time":"","style":false},{"content":"[集结中]","replyDepth":0,"type":"chat","sCharacter":{"no":"自动机器人","index":"Automata_PMC1_BG"},"isFirst":false,"name":"","isLeft":true,"isCenter":false,"isRight":false,"is_breaking":false,"file":"","time":"","heads":{"direction":"row","list":["Automata_PMC1_BG","custom-250916-011901"],"margin":"","fullHeight":false},"style":false},{"content":"被包围了啊...","replyDepth":0,"type":"chat","sCharacter":{"no":"鬼方佳代子","index":"CH0086_BG"},"file":""},{"file":"GameData/BLDA/CharFace/CH0086/7.webp","content":"CharFace","replyDepth":0,"type":"image","sCharacter":{"no":"鬼方佳代子","index":"CH0086_BG"}},{"content":"各位，我们也不是第一次遇到这种敌众我寡的态势了...","replyDepth":0,"type":"chat","sCharacter":{"no":0,"index":"1"},"file":""},{"content":"保持冷静，找好掩体，还有...听我号令，行动！","replyDepth":0,"type":"chat","sCharacter":{"no":"0","index":"1"},"isFirst":false,"name":"","isLeft":true,"isCenter":false,"isRight":false,"is_breaking":false,"file":"","time":"","style":false},{"content":"好了，是时候认真了！","replyDepth":0,"type":"chat","sCharacter":{"no":"早濑优香","index":"CH0184_BG"},"file":""},{"content":"（哒哒哒哒——）","replyDepth":0,"type":"chat","sCharacter":{"no":"早濑优香","index":"CH0184_BG"},"file":""},{"content":"爱丽丝，开启战斗模式！","replyDepth":0,"type":"chat","sCharacter":{"no":"天童爱丽丝","index":"CH0200_BG"},"file":""},{"file":"GameData/BLDA/CharFace/CH0200/5.webp","content":"CharFace","replyDepth":0,"type":"image","sCharacter":{"no":"天童爱丽丝","index":"CH0200_BG"}},{"content":"目标锁定，光啊——","replyDepth":0,"type":"chat","sCharacter":{"no":"天童爱丽丝","index":"CH0200_BG"},"file":""},{"content":"当然，在骇入期间，我和日鞠也会尽量腾出手来协助你们的...","replyDepth":0,"type":"chat","sCharacter":{"no":"天雨亚子","index":"NP0019_BG"},"file":""},{"content":"就让你们见识一下，风纪委员的情报收集能力！","replyDepth":0,"type":"chat","sCharacter":{"no":"天雨亚子","index":"NP0019_BG"},"file":""},{"file":"GameData/BLDA/CharFace/ako/8.webp","content":"CharFace","replyDepth":0,"type":"image","sCharacter":{"no":"天雨亚子","index":"NP0019_BG"}},{"content":"随着我一声令下，大家都各自找好掩体开始反击\n对方也开始进行冲锋...\n在战斗中，大家各自展现着自己的实力","replyDepth":0,"type":"info","sCharacter":{"no":"天雨亚子","index":"NP0019_BG"},"file":""},{"content":"分析完毕，弱点已经掌握！","replyDepth":0,"type":"chat","sCharacter":{"no":"天雨亚子","index":"NP0019_BG"},"isFirst":false,"name":"","isLeft":true,"isCenter":false,"isRight":false,"is_breaking":false,"file":"","time":"","style":false},{"content":"就是那里！","replyDepth":0,"type":"chat","sCharacter":{"no":"早濑优香","index":"CH0184_BG"},"file":""},{"file":"GameData/BLDA/CharFace/CH0184/5.webp","content":"CharFace","replyDepth":0,"type":"image","sCharacter":{"no":"早濑优香","index":"CH0184_BG"}},{"content":"（哒哒哒哒哒哒——）","replyDepth":0,"type":"chat","sCharacter":{"no":"早濑优香","index":"CH0184_BG"},"file":""},{"content":"呃——（被击倒）","replyDepth":0,"type":"chat","sCharacter":{"no":"自动机器人","index":"Automata_PMC1_BG"},"file":""},{"content":"来，拿好这个...（递出护身符）","replyDepth":0,"type":"chat","sCharacter":{"no":"鬼方佳代子","index":"CH0086_BG"},"file":""},{"file":"GameData/BLDA/CharFace/CH0086/5.webp","content":"CharFace","replyDepth":0,"type":"image","sCharacter":{"no":"鬼方佳代子","index":"CH0086_BG"}},{"content":"嗯...谢谢...呜哇...（被打中）","replyDepth":0,"type":"chat","sCharacter":{"no":"古关忧","index":"CH0169_BG"},"isFirst":false,"name":"","isLeft":true,"isCenter":false,"isRight":false,"is_breaking":false,"file":"","time":"","style":false}],"MoeTalk":"4-15"}